sku,data,saldo_inicial,saldo_final,pecas_vendidas
PA-1001,2026-05-01,1720,1715,5
PA-1001,2026-05-02,1715,1639,76
PA-1001,2026-05-03,1639,1639,0
PA-1001,2026-05-04,1639,1639,0
PA-1001,2026-05-05,1639,1559,80
PA-1001,2026-05-06,1559,1495,64
PA-1001,2026-05-07,1495,1207,288
PA-1001,2026-05-08,1207,1173,34
PA-1001,2026-05-09,1173,1146,27
PA-1001,2026-05-10,1146,1146,0
PA-1001,2026-05-11,1146,1036,110
PA-1001,2026-05-12,1036,958,78
PA-1001,2026-05-13,958,958,0
PA-1001,2026-05-14,958,843,115
PA-1001,2026-05-15,843,692,151
PA-1001,2026-05-16,692,654,38
PA-1001,2026-05-17,654,654,0
PA-1001,2026-05-18,654,596,58
PA-1001,2026-05-19,596,378,218
PA-1001,2026-05-20,3127,2836,291
PA-1001,2026-05-21,2836,2810,26
PA-1001,2026-05-22,2810,2729,81
PA-1001,2026-05-23,2729,2711,18
PA-1001,2026-05-24,2711,2711,0
PA-1001,2026-05-25,2711,2711,0
PA-1001,2026-05-26,2711,2589,122
PA-1001,2026-05-27,2589,2589,0
PA-1001,2026-05-28,2589,2497,92
PA-1001,2026-05-29,2497,2328,169
PA-1001,2026-05-30,2328,2295,33
PA-1001,2026-05-31,2295,2295,0
PA-1001,2026-06-01,2295,2049,246
PA-1001,2026-06-02,2049,2048,1
PA-1001,2026-06-03,2048,1907,141
PA-1001,2026-06-04,1907,1907,0
PA-1001,2026-06-05,1907,1832,75
PA-1001,2026-06-06,1832,1816,16
PA-1001,2026-06-07,1816,1816,0
PA-1001,2026-06-08,1816,1593,223
PA-1001,2026-06-09,1593,1496,97
PA-1001,2026-06-10,1496,1424,72
PA-1001,2026-06-11,1424,1386,38
PA-1001,2026-06-12,1386,1347,39
PA-1001,2026-06-13,1347,1302,45
PA-1001,2026-06-14,1302,1302,0
PA-1001,2026-06-15,1302,1185,117
PA-1001,2026-06-16,1185,1076,109
PA-1001,2026-06-17,1076,994,82
PA-1001,2026-06-18,994,875,119
PA-1001,2026-06-19,875,809,66
PA-1001,2026-06-20,809,791,18
PA-1001,2026-06-21,791,791,0
PA-1001,2026-06-22,791,756,35
PA-1001,2026-06-23,756,756,0
PA-1001,2026-06-24,756,730,26
PA-1001,2026-06-25,730,638,92
PA-1001,2026-06-26,638,417,221
PA-1001,2026-06-27,417,212,205
PA-1001,2026-06-28,2960,2960,0
PA-1001,2026-06-29,2960,2827,133
PA-1001,2026-06-30,2827,2827,0
PA-1001,2026-07-01,2827,2824,3
PA-1001,2026-07-02,2824,2701,123
PA-1001,2026-07-03,2701,2595,106
PA-1001,2026-07-04,2595,2531,64
PA-1001,2026-07-05,2531,2531,0
PA-1001,2026-07-06,2531,2456,75
PA-1001,2026-07-07,2456,2268,188
PA-1001,2026-07-08,2268,2172,96
PA-1001,2026-07-09,2172,2153,19
PA-1001,2026-07-10,2153,2113,40
PA-1001,2026-07-11,2113,2086,27
PA-1001,2026-07-12,2086,2086,0
PA-1001,2026-07-13,2086,1945,141
PA-1001,2026-07-14,1945,1869,76
PA-1001,2026-07-15,1869,1570,299
PA-1001,2026-07-16,1570,1503,67
PA-1001,2026-07-17,1503,1404,99
PA-1001,2026-07-18,1404,1352,52
PA-1001,2026-07-19,1352,1352,0
PA-1001,2026-07-20,1352,1201,151
PA-1001,2026-07-21,1201,1062,139
PA-1001,2026-07-22,1062,923,139
PA-1001,2026-07-23,923,858,65
PA-1001,2026-07-24,858,655,203
PA-1001,2026-07-25,655,632,23
PA-1001,2026-07-26,632,632,0
PA-1001,2026-07-27,632,533,99
PA-1001,2026-07-28,533,495,38
PA-1001,2026-07-29,495,422,73
PA-1001,2026-07-30,422,57,365
PA-1001,2026-07-31,57,0,57
PA-1001,2026-08-01,2749,2746,3
PA-1001,2026-08-02,2746,2746,0
PA-1001,2026-08-03,2746,2678,68
PA-1001,2026-08-04,2678,2652,26
PA-1001,2026-08-05,2652,2556,96
PA-1001,2026-08-06,2556,2510,46
PA-1001,2026-08-07,2510,2471,39
PA-1001,2026-08-08,2471,2460,11
PA-1001,2026-08-09,2460,2460,0
PA-1001,2026-08-10,2460,2298,162
PA-1001,2026-08-11,2298,2149,149
PA-1001,2026-08-12,2149,2149,0
PA-1001,2026-08-13,2149,2090,59
PA-1001,2026-08-14,2090,1638,452
PA-1001,2026-08-15,1638,1608,30
PA-1001,2026-08-16,1608,1608,0
PA-1001,2026-08-17,1608,1513,95
PA-1001,2026-08-18,1513,1414,99
PA-1001,2026-08-19,1414,1104,310
PA-1001,2026-08-20,1104,663,441
PA-1001,2026-08-21,663,638,25
PA-1001,2026-08-22,638,606,32
PA-1001,2026-08-23,606,606,0
PA-1001,2026-08-24,606,551,55
PA-1001,2026-08-25,551,551,0
PA-1001,2026-08-26,551,332,219
PA-1001,2026-08-27,332,267,65
PA-1001,2026-08-28,267,130,137
PA-1002,2026-05-01,3129,3129,0
PA-1002,2026-05-02,3129,3089,40
PA-1002,2026-05-03,3089,3089,0
PA-1002,2026-05-04,3089,2828,261
PA-1002,2026-05-05,2828,2632,196
PA-1002,2026-05-06,2632,2490,142
PA-1002,2026-05-07,2490,2385,105
PA-1002,2026-05-08,2385,2264,121
PA-1002,2026-05-09,2264,2234,30
PA-1002,2026-05-10,2234,2234,0
PA-1002,2026-05-11,2234,1984,250
PA-1002,2026-05-12,1984,1972,12
PA-1002,2026-05-13,1972,1952,20
PA-1002,2026-05-14,1952,1928,24
PA-1002,2026-05-15,1928,1915,13
PA-1002,2026-05-16,1915,1900,15
PA-1002,2026-05-17,1900,1900,0
PA-1002,2026-05-18,1900,1844,56
PA-1002,2026-05-19,1844,1775,69
PA-1002,2026-05-20,1775,1491,284
PA-1002,2026-05-21,1491,1460,31
PA-1002,2026-05-22,1460,1366,94
PA-1002,2026-05-23,1366,1355,11
PA-1002,2026-05-24,1355,1355,0
PA-1002,2026-05-25,1355,1155,200
PA-1002,2026-05-26,1155,1155,0
PA-1002,2026-05-27,1155,1127,28
PA-1002,2026-05-28,1127,1113,14
PA-1002,2026-05-29,1113,939,174
PA-1002,2026-05-30,939,913,26
PA-1002,2026-05-31,913,913,0
PA-1002,2026-06-01,913,831,82
PA-1002,2026-06-02,831,831,0
PA-1002,2026-06-03,831,811,20
PA-1002,2026-06-04,811,808,3
PA-1002,2026-06-05,808,766,42
PA-1002,2026-06-06,766,757,9
PA-1002,2026-06-07,757,757,0
PA-1002,2026-06-08,757,349,408
PA-1002,2026-06-09,349,264,85
PA-1002,2026-06-10,264,181,83
PA-1002,2026-06-11,181,0,181
PA-1002,2026-06-12,0,0,0
PA-1002,2026-06-13,0,0,0
PA-1002,2026-06-14,0,0,0
PA-1002,2026-06-15,0,0,0
PA-1002,2026-06-16,0,0,0
PA-1002,2026-06-17,0,0,0
PA-1002,2026-06-18,0,0,0
PA-1002,2026-06-19,0,0,0
PA-1002,2026-06-20,0,0,0
PA-1002,2026-06-21,2481,2481,0
PA-1002,2026-06-22,2481,2419,62
PA-1002,2026-06-23,2419,2392,27
PA-1002,2026-06-24,2392,2326,66
PA-1002,2026-06-25,2326,2314,12
PA-1002,2026-06-26,2314,2314,0
PA-1002,2026-06-27,2314,2314,0
PA-1002,2026-06-28,2314,2314,0
PA-1002,2026-06-29,2314,2275,39
PA-1002,2026-06-30,2275,2143,132
PA-1002,2026-07-01,2143,1904,239
PA-1002,2026-07-02,1904,1811,93
PA-1002,2026-07-03,1811,1747,64
PA-1002,2026-07-04,1747,1721,26
PA-1002,2026-07-05,1721,1721,0
PA-1002,2026-07-06,1721,1721,0
PA-1002,2026-07-07,1721,1632,89
PA-1002,2026-07-08,1632,1632,0
PA-1002,2026-07-09,1632,1631,1
PA-1002,2026-07-10,1631,1541,90
PA-1002,2026-07-11,1541,1487,54
PA-1002,2026-07-12,1487,1487,0
PA-1002,2026-07-13,1487,689,798
PA-1002,2026-07-14,689,630,59
PA-1002,2026-07-15,630,524,106
PA-1002,2026-07-16,524,159,365
PA-1002,2026-07-17,159,139,20
PA-1002,2026-07-18,139,137,2
PA-1002,2026-07-19,137,137,0
PA-1002,2026-07-20,137,69,68
PA-1002,2026-07-21,69,57,12
PA-1002,2026-07-22,57,0,57
PA-1002,2026-07-23,0,0,0
PA-1002,2026-07-24,0,0,0
PA-1002,2026-07-25,0,0,0
PA-1002,2026-07-26,0,0,0
PA-1002,2026-07-27,0,0,0
PA-1002,2026-07-28,2481,2185,296
PA-1002,2026-07-29,2185,1833,352
PA-1002,2026-07-30,1833,1788,45
PA-1002,2026-07-31,1788,1676,112
PA-1002,2026-08-01,1676,1676,0
PA-1002,2026-08-02,1676,1676,0
PA-1002,2026-08-03,1676,1605,71
PA-1002,2026-08-04,1605,1576,29
PA-1002,2026-08-05,1576,1563,13
PA-1002,2026-08-06,1563,1496,67
PA-1002,2026-08-07,1496,1450,46
PA-1002,2026-08-08,1450,1428,22
PA-1002,2026-08-09,1428,1428,0
PA-1002,2026-08-10,1428,1370,58
PA-1002,2026-08-11,1370,1265,105
PA-1002,2026-08-12,1265,1068,197
PA-1002,2026-08-13,1068,965,103
PA-1002,2026-08-14,965,799,166
PA-1002,2026-08-15,799,799,0
PA-1002,2026-08-16,799,799,0
PA-1002,2026-08-17,799,799,0
PA-1002,2026-08-18,799,738,61
PA-1002,2026-08-19,738,738,0
PA-1002,2026-08-20,738,677,61
PA-1002,2026-08-21,677,390,287
PA-1002,2026-08-22,390,371,19
PA-1002,2026-08-23,371,371,0
PA-1002,2026-08-24,371,191,180
PA-1002,2026-08-25,191,60,131
PA-1002,2026-08-26,60,0,60
PA-1002,2026-08-27,0,0,0
PA-1002,2026-08-28,0,0,0
PA-1010,2026-05-01,3914,3904,10
PA-1010,2026-05-02,3904,3878,26
PA-1010,2026-05-03,3878,3878,0
PA-1010,2026-05-04,3878,3873,5
PA-1010,2026-05-05,3873,3831,42
PA-1010,2026-05-06,3831,3785,46
PA-1010,2026-05-07,3785,3703,82
PA-1010,2026-05-08,3703,3703,0
PA-1010,2026-05-09,3703,3660,43
PA-1010,2026-05-10,3660,3660,0
PA-1010,2026-05-11,3660,3599,61
PA-1010,2026-05-12,3599,3284,315
PA-1010,2026-05-13,3284,3196,88
PA-1010,2026-05-14,3196,3051,145
PA-1010,2026-05-15,3051,2869,182
PA-1010,2026-05-16,2869,2701,168
PA-1010,2026-05-17,2701,2701,0
PA-1010,2026-05-18,2701,2611,90
PA-1010,2026-05-19,2611,2551,60
PA-1010,2026-05-20,2551,2528,23
PA-1010,2026-05-21,2528,2464,64
PA-1010,2026-05-22,2464,2216,248
PA-1010,2026-05-23,2216,2197,19
PA-1010,2026-05-24,2197,2197,0
PA-1010,2026-05-25,2197,2035,162
PA-1010,2026-05-26,2035,1984,51
PA-1010,2026-05-27,1984,1656,328
PA-1010,2026-05-28,1656,1606,50
PA-1010,2026-05-29,1606,1550,56
PA-1010,2026-05-30,1550,1548,2
PA-1010,2026-05-31,1548,1548,0
PA-1010,2026-06-01,1548,1026,522
PA-1010,2026-06-02,1026,963,63
PA-1010,2026-06-03,963,963,0
PA-1010,2026-06-04,963,963,0
PA-1010,2026-06-05,963,963,0
PA-1010,2026-06-06,963,919,44
PA-1010,2026-06-07,919,919,0
PA-1010,2026-06-08,919,828,91
PA-1010,2026-06-09,828,751,77
PA-1010,2026-06-10,751,658,93
PA-1010,2026-06-11,658,583,75
PA-1010,2026-06-12,583,554,29
PA-1010,2026-06-13,554,554,0
PA-1010,2026-06-14,554,554,0
PA-1010,2026-06-15,554,554,0
PA-1010,2026-06-16,554,505,49
PA-1010,2026-06-17,505,445,60
PA-1010,2026-06-18,445,432,13
PA-1010,2026-06-19,432,348,84
PA-1010,2026-06-20,348,312,36
PA-1010,2026-06-21,3023,3023,0
PA-1010,2026-06-22,3023,2950,73
PA-1010,2026-06-23,2950,2520,430
PA-1010,2026-06-24,2520,2250,270
PA-1010,2026-06-25,2250,2250,0
PA-1010,2026-06-26,2250,2034,216
PA-1010,2026-06-27,2034,2029,5
PA-1010,2026-06-28,2029,2029,0
PA-1010,2026-06-29,2029,1934,95
PA-1010,2026-06-30,1934,1722,212
PA-1010,2026-07-01,1722,1722,0
PA-1010,2026-07-02,1722,1668,54
PA-1010,2026-07-03,1668,1441,227
PA-1010,2026-07-04,1441,1414,27
PA-1010,2026-07-05,1414,1414,0
PA-1010,2026-07-06,1414,1377,37
PA-1010,2026-07-07,1377,1213,164
PA-1010,2026-07-08,1213,1197,16
PA-1010,2026-07-09,1197,1197,0
PA-1010,2026-07-10,1197,1189,8
PA-1010,2026-07-11,1189,1149,40
PA-1010,2026-07-12,1149,1149,0
PA-1010,2026-07-13,1149,1012,137
PA-1010,2026-07-14,1012,850,162
PA-1010,2026-07-15,850,716,134
PA-1010,2026-07-16,716,632,84
PA-1010,2026-07-17,632,437,195
PA-1010,2026-07-18,437,434,3
PA-1010,2026-07-19,434,434,0
PA-1010,2026-07-20,434,351,83
PA-1010,2026-07-21,351,75,276
PA-1010,2026-07-22,75,0,75
PA-1010,2026-07-23,0,0,0
PA-1010,2026-07-24,0,0,0
PA-1010,2026-07-25,0,0,0
PA-1010,2026-07-26,0,0,0
PA-1010,2026-07-27,0,0,0
PA-1010,2026-07-28,0,0,0
PA-1010,2026-07-29,2711,2711,0
PA-1010,2026-07-30,2711,2511,200
PA-1010,2026-07-31,2511,2448,63
PA-1010,2026-08-01,2448,2435,13
PA-1010,2026-08-02,2435,2435,0
PA-1010,2026-08-03,2435,2432,3
PA-1010,2026-08-04,2432,2047,385
PA-1010,2026-08-05,2047,1848,199
PA-1010,2026-08-06,1848,1697,151
PA-1010,2026-08-07,1697,1584,113
PA-1010,2026-08-08,1584,1584,0
PA-1010,2026-08-09,1584,1584,0
PA-1010,2026-08-10,1584,1385,199
PA-1010,2026-08-11,1385,1201,184
PA-1010,2026-08-12,1201,1170,31
PA-1010,2026-08-13,1170,1143,27
PA-1010,2026-08-14,1143,1090,53
PA-1010,2026-08-15,1090,1066,24
PA-1010,2026-08-16,1066,1066,0
PA-1010,2026-08-17,1066,1066,0
PA-1010,2026-08-18,1066,973,93
PA-1010,2026-08-19,973,836,137
PA-1010,2026-08-20,836,836,0
PA-1010,2026-08-21,836,721,115
PA-1010,2026-08-22,721,507,214
PA-1010,2026-08-23,507,507,0
PA-1010,2026-08-24,507,486,21
PA-1010,2026-08-25,486,436,50
PA-1010,2026-08-26,3146,3111,35
PA-1010,2026-08-27,3111,2957,154
PA-1010,2026-08-28,2957,2810,147
PA-1011,2026-05-01,2332,2331,1
PA-1011,2026-05-02,2331,2236,95
PA-1011,2026-05-03,2236,2236,0
PA-1011,2026-05-04,2236,2233,3
PA-1011,2026-05-05,2233,1771,462
PA-1011,2026-05-06,1771,1767,4
PA-1011,2026-05-07,1767,1681,86
PA-1011,2026-05-08,1681,1624,57
PA-1011,2026-05-09,1624,1618,6
PA-1011,2026-05-10,1618,1618,0
PA-1011,2026-05-11,1618,1579,39
PA-1011,2026-05-12,1579,1537,42
PA-1011,2026-05-13,1537,1482,55
PA-1011,2026-05-14,1482,1247,235
PA-1011,2026-05-15,1247,1211,36
PA-1011,2026-05-16,1211,1208,3
PA-1011,2026-05-17,1208,1208,0
PA-1011,2026-05-18,1208,1158,50
PA-1011,2026-05-19,1158,1085,73
PA-1011,2026-05-20,1085,985,100
PA-1011,2026-05-21,985,973,12
PA-1011,2026-05-22,973,748,225
PA-1011,2026-05-23,748,735,13
PA-1011,2026-05-24,735,735,0
PA-1011,2026-05-25,735,674,61
PA-1011,2026-05-26,3475,3465,10
PA-1011,2026-05-27,3465,3445,20
PA-1011,2026-05-28,3445,3319,126
PA-1011,2026-05-29,3319,3021,298
PA-1011,2026-05-30,3021,3010,11
PA-1011,2026-05-31,3010,3010,0
PA-1011,2026-06-01,3010,2730,280
PA-1011,2026-06-02,2730,2622,108
PA-1011,2026-06-03,2622,2586,36
PA-1011,2026-06-04,2586,2586,0
PA-1011,2026-06-05,2586,2452,134
PA-1011,2026-06-06,2452,2396,56
PA-1011,2026-06-07,2396,2396,0
PA-1011,2026-06-08,2396,2120,276
PA-1011,2026-06-09,2120,2095,25
PA-1011,2026-06-10,2095,1991,104
PA-1011,2026-06-11,1991,1765,226
PA-1011,2026-06-12,1765,1685,80
PA-1011,2026-06-13,1685,1665,20
PA-1011,2026-06-14,1665,1665,0
PA-1011,2026-06-15,1665,1275,390
PA-1011,2026-06-16,1275,1251,24
PA-1011,2026-06-17,1251,1125,126
PA-1011,2026-06-18,1125,1125,0
PA-1011,2026-06-19,1125,949,176
PA-1011,2026-06-20,949,925,24
PA-1011,2026-06-21,925,925,0
PA-1011,2026-06-22,925,797,128
PA-1011,2026-06-23,797,738,59
PA-1011,2026-06-24,738,554,184
PA-1011,2026-06-25,554,554,0
PA-1011,2026-06-26,554,499,55
PA-1011,2026-06-27,499,474,25
PA-1011,2026-06-28,474,474,0
PA-1011,2026-06-29,474,452,22
PA-1011,2026-06-30,452,401,51
PA-1011,2026-07-01,401,332,69
PA-1011,2026-07-02,332,306,26
PA-1011,2026-07-03,306,168,138
PA-1011,2026-07-04,168,131,37
PA-1011,2026-07-05,2931,2931,0
PA-1011,2026-07-06,2931,2931,0
PA-1011,2026-07-07,2931,2728,203
PA-1011,2026-07-08,2728,2644,84
PA-1011,2026-07-09,2644,2644,0
PA-1011,2026-07-10,2644,2400,244
PA-1011,2026-07-11,2400,2387,13
PA-1011,2026-07-12,2387,2387,0
PA-1011,2026-07-13,2387,2232,155
PA-1011,2026-07-14,2232,1966,266
PA-1011,2026-07-15,1966,1953,13
PA-1011,2026-07-16,1953,1776,177
PA-1011,2026-07-17,1776,1769,7
PA-1011,2026-07-18,1769,1764,5
PA-1011,2026-07-19,1764,1764,0
PA-1011,2026-07-20,1764,1734,30
PA-1011,2026-07-21,1734,1549,185
PA-1011,2026-07-22,1549,1523,26
PA-1011,2026-07-23,1523,1468,55
PA-1011,2026-07-24,1468,1468,0
PA-1011,2026-07-25,1468,1461,7
PA-1011,2026-07-26,1461,1461,0
PA-1011,2026-07-27,1461,1269,192
PA-1011,2026-07-28,1269,1123,146
PA-1011,2026-07-29,1123,866,257
PA-1011,2026-07-30,866,808,58
PA-1011,2026-07-31,808,748,60
PA-1011,2026-08-01,748,704,44
PA-1011,2026-08-02,704,704,0
PA-1011,2026-08-03,704,581,123
PA-1011,2026-08-04,581,314,267
PA-1011,2026-08-05,314,256,58
PA-1011,2026-08-06,256,212,44
PA-1011,2026-08-07,212,72,140
PA-1011,2026-08-08,72,44,28
PA-1011,2026-08-09,2844,2844,0
PA-1011,2026-08-10,2844,2766,78
PA-1011,2026-08-11,2766,2676,90
PA-1011,2026-08-12,2676,2274,402
PA-1011,2026-08-13,2274,2112,162
PA-1011,2026-08-14,2112,2055,57
PA-1011,2026-08-15,2055,1912,143
PA-1011,2026-08-16,1912,1912,0
PA-1011,2026-08-17,1912,1823,89
PA-1011,2026-08-18,1823,1794,29
PA-1011,2026-08-19,1794,1759,35
PA-1011,2026-08-20,1759,1534,225
PA-1011,2026-08-21,1534,1462,72
PA-1011,2026-08-22,1462,1417,45
PA-1011,2026-08-23,1417,1417,0
PA-1011,2026-08-24,1417,1366,51
PA-1011,2026-08-25,1366,1294,72
PA-1011,2026-08-26,1294,1252,42
PA-1011,2026-08-27,1252,1070,182
PA-1011,2026-08-28,1070,846,224
PA-1020,2026-05-01,599,599,0
PA-1020,2026-05-02,599,532,67
PA-1020,2026-05-03,532,532,0
PA-1020,2026-05-04,532,532,0
PA-1020,2026-05-05,532,532,0
PA-1020,2026-05-06,532,529,3
PA-1020,2026-05-07,529,510,19
PA-1020,2026-05-08,510,487,23
PA-1020,2026-05-09,487,470,17
PA-1020,2026-05-10,470,470,0
PA-1020,2026-05-11,470,470,0
PA-1020,2026-05-12,470,457,13
PA-1020,2026-05-13,457,366,91
PA-1020,2026-05-14,366,300,66
PA-1020,2026-05-15,300,270,30
PA-1020,2026-05-16,270,270,0
PA-1020,2026-05-17,270,270,0
PA-1020,2026-05-18,270,251,19
PA-1020,2026-05-19,251,229,22
PA-1020,2026-05-20,1485,1453,32
PA-1020,2026-05-21,1453,1433,20
PA-1020,2026-05-22,1433,1316,117
PA-1020,2026-05-23,1316,1305,11
PA-1020,2026-05-24,1305,1305,0
PA-1020,2026-05-25,1305,1305,0
PA-1020,2026-05-26,1305,1255,50
PA-1020,2026-05-27,1255,963,292
PA-1020,2026-05-28,963,943,20
PA-1020,2026-05-29,943,943,0
PA-1020,2026-05-30,943,931,12
PA-1020,2026-05-31,931,931,0
PA-1020,2026-06-01,931,926,5
PA-1020,2026-06-02,926,906,20
PA-1020,2026-06-03,906,882,24
PA-1020,2026-06-04,882,859,23
PA-1020,2026-06-05,859,792,67
PA-1020,2026-06-06,792,778,14
PA-1020,2026-06-07,778,778,0
PA-1020,2026-06-08,778,775,3
PA-1020,2026-06-09,775,748,27
PA-1020,2026-06-10,748,739,9
PA-1020,2026-06-11,739,707,32
PA-1020,2026-06-12,707,707,0
PA-1020,2026-06-13,707,697,10
PA-1020,2026-06-14,697,697,0
PA-1020,2026-06-15,697,669,28
PA-1020,2026-06-16,669,639,30
PA-1020,2026-06-17,639,627,12
PA-1020,2026-06-18,627,556,71
PA-1020,2026-06-19,556,539,17
PA-1020,2026-06-20,1795,1790,5
PA-1020,2026-06-21,1790,1790,0
PA-1020,2026-06-22,1790,1758,32
PA-1020,2026-06-23,1758,1651,107
PA-1020,2026-06-24,1651,1633,18
PA-1020,2026-06-25,1633,1627,6
PA-1020,2026-06-26,1627,1625,2
PA-1020,2026-06-27,1625,1590,35
PA-1020,2026-06-28,1590,1590,0
PA-1020,2026-06-29,1590,1572,18
PA-1020,2026-06-30,1572,1539,33
PA-1020,2026-07-01,1539,1305,234
PA-1020,2026-07-02,1305,1305,0
PA-1020,2026-07-03,1305,1252,53
PA-1020,2026-07-04,1252,1252,0
PA-1020,2026-07-05,1252,1252,0
PA-1020,2026-07-06,1252,1171,81
PA-1020,2026-07-07,1171,1136,35
PA-1020,2026-07-08,1136,1103,33
PA-1020,2026-07-09,1103,1103,0
PA-1020,2026-07-10,1103,1079,24
PA-1020,2026-07-11,1079,1066,13
PA-1020,2026-07-12,1066,1066,0
PA-1020,2026-07-13,1066,1044,22
PA-1020,2026-07-14,1044,1044,0
PA-1020,2026-07-15,1044,1044,0
PA-1020,2026-07-16,1044,989,55
PA-1020,2026-07-17,989,916,73
PA-1020,2026-07-18,916,908,8
PA-1020,2026-07-19,908,908,0
PA-1020,2026-07-20,908,894,14
PA-1020,2026-07-21,894,876,18
PA-1020,2026-07-22,876,824,52
PA-1020,2026-07-23,824,700,124
PA-1020,2026-07-24,700,685,15
PA-1020,2026-07-25,685,684,1
PA-1020,2026-07-26,684,684,0
PA-1020,2026-07-27,684,567,117
PA-1020,2026-07-28,567,549,18
PA-1020,2026-07-29,549,387,162
PA-1020,2026-07-30,387,326,61
PA-1020,2026-07-31,326,232,94
PA-1020,2026-08-01,232,211,21
PA-1020,2026-08-02,211,211,0
PA-1020,2026-08-03,211,124,87
PA-1020,2026-08-04,124,115,9
PA-1020,2026-08-05,115,19,96
PA-1020,2026-08-06,19,0,19
PA-1020,2026-08-07,0,0,0
PA-1020,2026-08-08,1256,1232,24
PA-1020,2026-08-09,1232,1232,0
PA-1020,2026-08-10,1232,1138,94
PA-1020,2026-08-11,1138,1053,85
PA-1020,2026-08-12,1053,1045,8
PA-1020,2026-08-13,1045,1030,15
PA-1020,2026-08-14,1030,1007,23
PA-1020,2026-08-15,1007,996,11
PA-1020,2026-08-16,996,996,0
PA-1020,2026-08-17,996,953,43
PA-1020,2026-08-18,953,651,302
PA-1020,2026-08-19,651,605,46
PA-1020,2026-08-20,605,407,198
PA-1020,2026-08-21,407,407,0
PA-1020,2026-08-22,407,261,146
PA-1020,2026-08-23,261,261,0
PA-1020,2026-08-24,261,261,0
PA-1020,2026-08-25,261,208,53
PA-1020,2026-08-26,208,129,79
PA-1020,2026-08-27,129,106,23
PA-1020,2026-08-28,106,19,87
PA-1030,2026-05-01,1543,1543,0
PA-1030,2026-05-02,1543,1533,10
PA-1030,2026-05-03,1533,1533,0
PA-1030,2026-05-04,1533,1362,171
PA-1030,2026-05-05,1362,1245,117
PA-1030,2026-05-06,1245,1200,45
PA-1030,2026-05-07,1200,1160,40
PA-1030,2026-05-08,1160,1093,67
PA-1030,2026-05-09,1093,1064,29
PA-1030,2026-05-10,1064,1064,0
PA-1030,2026-05-11,1064,981,83
PA-1030,2026-05-12,981,871,110
PA-1030,2026-05-13,871,853,18
PA-1030,2026-05-14,853,652,201
PA-1030,2026-05-15,652,449,203
PA-1030,2026-05-16,449,341,108
PA-1030,2026-05-17,341,341,0
PA-1030,2026-05-18,341,319,22
PA-1030,2026-05-19,319,205,114
PA-1030,2026-05-20,205,169,36
PA-1030,2026-05-21,3052,2758,294
PA-1030,2026-05-22,2758,2741,17
PA-1030,2026-05-23,2741,2696,45
PA-1030,2026-05-24,2696,2696,0
PA-1030,2026-05-25,2696,2528,168
PA-1030,2026-05-26,2528,2235,293
PA-1030,2026-05-27,2235,1613,622
PA-1030,2026-05-28,1613,1613,0
PA-1030,2026-05-29,1613,1613,0
PA-1030,2026-05-30,1613,1606,7
PA-1030,2026-05-31,1606,1606,0
PA-1030,2026-06-01,1606,1461,145
PA-1030,2026-06-02,1461,1255,206
PA-1030,2026-06-03,1255,1240,15
PA-1030,2026-06-04,1240,1238,2
PA-1030,2026-06-05,1238,1146,92
PA-1030,2026-06-06,1146,1139,7
PA-1030,2026-06-07,1139,1139,0
PA-1030,2026-06-08,1139,929,210
PA-1030,2026-06-09,929,599,330
PA-1030,2026-06-10,599,485,114
PA-1030,2026-06-11,485,426,59
PA-1030,2026-06-12,426,406,20
PA-1030,2026-06-13,406,328,78
PA-1030,2026-06-14,328,328,0
PA-1030,2026-06-15,328,4,324
PA-1030,2026-06-16,4,0,4
PA-1030,2026-06-17,0,0,0
PA-1030,2026-06-18,0,0,0
PA-1030,2026-06-19,0,0,0
PA-1030,2026-06-20,2883,2874,9
PA-1030,2026-06-21,2874,2874,0
PA-1030,2026-06-22,2874,2729,145
PA-1030,2026-06-23,2729,2729,0
PA-1030,2026-06-24,2729,2721,8
PA-1030,2026-06-25,2721,2695,26
PA-1030,2026-06-26,2695,2630,65
PA-1030,2026-06-27,2630,2628,2
PA-1030,2026-06-28,2628,2628,0
PA-1030,2026-06-29,2628,2565,63
PA-1030,2026-06-30,2565,2231,334
PA-1030,2026-07-01,2231,2166,65
PA-1030,2026-07-02,2166,2016,150
PA-1030,2026-07-03,2016,1906,110
PA-1030,2026-07-04,1906,1900,6
PA-1030,2026-07-05,1900,1900,0
PA-1030,2026-07-06,1900,1817,83
PA-1030,2026-07-07,1817,1651,166
PA-1030,2026-07-08,1651,1560,91
PA-1030,2026-07-09,1560,1557,3
PA-1030,2026-07-10,1557,1473,84
PA-1030,2026-07-11,1473,1446,27
PA-1030,2026-07-12,1446,1446,0
PA-1030,2026-07-13,1446,1380,66
PA-1030,2026-07-14,1380,1277,103
PA-1030,2026-07-15,1277,1143,134
PA-1030,2026-07-16,1143,1075,68
PA-1030,2026-07-17,1075,774,301
PA-1030,2026-07-18,774,758,16
PA-1030,2026-07-19,758,758,0
PA-1030,2026-07-20,758,710,48
PA-1030,2026-07-21,710,132,578
PA-1030,2026-07-22,132,0,132
PA-1030,2026-07-23,0,0,0
PA-1030,2026-07-24,0,0,0
PA-1030,2026-07-25,0,0,0
PA-1030,2026-07-26,0,0,0
PA-1030,2026-07-27,0,0,0
PA-1030,2026-07-28,0,0,0
PA-1030,2026-07-29,0,0,0
PA-1030,2026-07-30,2883,2766,117
PA-1030,2026-07-31,2766,2564,202
PA-1030,2026-08-01,2564,2540,24
PA-1030,2026-08-02,2540,2540,0
PA-1030,2026-08-03,2540,2464,76
PA-1030,2026-08-04,2464,2393,71
PA-1030,2026-08-05,2393,2393,0
PA-1030,2026-08-06,2393,2283,110
PA-1030,2026-08-07,2283,2023,260
PA-1030,2026-08-08,2023,2008,15
PA-1030,2026-08-09,2008,2008,0
PA-1030,2026-08-10,2008,2002,6
PA-1030,2026-08-11,2002,1893,109
PA-1030,2026-08-12,1893,1674,219
PA-1030,2026-08-13,1674,1372,302
PA-1030,2026-08-14,1372,1372,0
PA-1030,2026-08-15,1372,1372,0
PA-1030,2026-08-16,1372,1372,0
PA-1030,2026-08-17,1372,1025,347
PA-1030,2026-08-18,1025,885,140
PA-1030,2026-08-19,885,443,442
PA-1030,2026-08-20,443,401,42
PA-1030,2026-08-21,401,231,170
PA-1030,2026-08-22,231,174,57
PA-1030,2026-08-23,174,174,0
PA-1030,2026-08-24,174,174,0
PA-1030,2026-08-25,174,0,174
PA-1030,2026-08-26,0,0,0
PA-1030,2026-08-27,0,0,0
PA-1030,2026-08-28,0,0,0
PA-1040,2026-05-01,1678,1678,0
PA-1040,2026-05-02,1678,1647,31
PA-1040,2026-05-03,1647,1647,0
PA-1040,2026-05-04,1647,1647,0
PA-1040,2026-05-05,1647,1537,110
PA-1040,2026-05-06,1537,1434,103
PA-1040,2026-05-07,1434,1418,16
PA-1040,2026-05-08,1418,1418,0
PA-1040,2026-05-09,1418,1418,0
PA-1040,2026-05-10,1418,1418,0
PA-1040,2026-05-11,1418,1414,4
PA-1040,2026-05-12,1414,1396,18
PA-1040,2026-05-13,1396,1373,23
PA-1040,2026-05-14,1373,1307,66
PA-1040,2026-05-15,1307,1307,0
PA-1040,2026-05-16,1307,1307,0
PA-1040,2026-05-17,1307,1307,0
PA-1040,2026-05-18,1307,1135,172
PA-1040,2026-05-19,1135,991,144
PA-1040,2026-05-20,991,937,54
PA-1040,2026-05-21,937,853,84
PA-1040,2026-05-22,853,774,79
PA-1040,2026-05-23,774,744,30
PA-1040,2026-05-24,744,744,0
PA-1040,2026-05-25,744,725,19
PA-1040,2026-05-26,725,698,27
PA-1040,2026-05-27,698,637,61
PA-1040,2026-05-28,637,603,34
PA-1040,2026-05-29,603,602,1
PA-1040,2026-05-30,602,602,0
PA-1040,2026-05-31,602,602,0
PA-1040,2026-06-01,602,570,32
PA-1040,2026-06-02,570,564,6
PA-1040,2026-06-03,564,520,44
PA-1040,2026-06-04,520,516,4
PA-1040,2026-06-05,516,469,47
PA-1040,2026-06-06,469,466,3
PA-1040,2026-06-07,466,466,0
PA-1040,2026-06-08,466,439,27
PA-1040,2026-06-09,439,391,48
PA-1040,2026-06-10,391,376,15
PA-1040,2026-06-11,376,251,125
PA-1040,2026-06-12,251,161,90
PA-1040,2026-06-13,161,154,7
PA-1040,2026-06-14,154,154,0
PA-1040,2026-06-15,154,115,39
PA-1040,2026-06-16,115,43,72
PA-1040,2026-06-17,43,0,43
PA-1040,2026-06-18,0,0,0
PA-1040,2026-06-19,0,0,0
PA-1040,2026-06-20,0,0,0
PA-1040,2026-06-21,0,0,0
PA-1040,2026-06-22,1274,1234,40
PA-1040,2026-06-23,1234,1221,13
PA-1040,2026-06-24,1221,1210,11
PA-1040,2026-06-25,1210,1198,12
PA-1040,2026-06-26,1198,1198,0
PA-1040,2026-06-27,1198,1194,4
PA-1040,2026-06-28,1194,1194,0
PA-1040,2026-06-29,1194,1177,17
PA-1040,2026-06-30,1177,1134,43
PA-1040,2026-07-01,1134,1027,107
PA-1040,2026-07-02,1027,981,46
PA-1040,2026-07-03,981,981,0
PA-1040,2026-07-04,981,969,12
PA-1040,2026-07-05,969,969,0
PA-1040,2026-07-06,969,944,25
PA-1040,2026-07-07,944,837,107
PA-1040,2026-07-08,837,836,1
PA-1040,2026-07-09,836,830,6
PA-1040,2026-07-10,830,798,32
PA-1040,2026-07-11,798,777,21
PA-1040,2026-07-12,777,777,0
PA-1040,2026-07-13,777,761,16
PA-1040,2026-07-14,761,619,142
PA-1040,2026-07-15,619,507,112
PA-1040,2026-07-16,507,490,17
PA-1040,2026-07-17,490,463,27
PA-1040,2026-07-18,463,447,16
PA-1040,2026-07-19,447,447,0
PA-1040,2026-07-20,447,308,139
PA-1040,2026-07-21,308,250,58
PA-1040,2026-07-22,250,250,0
PA-1040,2026-07-23,250,227,23
PA-1040,2026-07-24,227,227,0
PA-1040,2026-07-25,227,213,14
PA-1040,2026-07-26,213,213,0
PA-1040,2026-07-27,213,120,93
PA-1040,2026-07-28,120,0,120
PA-1040,2026-07-29,0,0,0
PA-1040,2026-07-30,0,0,0
PA-1040,2026-07-31,0,0,0
PA-1040,2026-08-01,0,0,0
PA-1040,2026-08-02,0,0,0
PA-1040,2026-08-03,0,0,0
PA-1040,2026-08-04,0,0,0
PA-1040,2026-08-05,0,0,0
PA-1040,2026-08-06,1274,1062,212
PA-1040,2026-08-07,1062,1054,8
PA-1040,2026-08-08,1054,1019,35
PA-1040,2026-08-09,1019,1019,0
PA-1040,2026-08-10,1019,927,92
PA-1040,2026-08-11,927,886,41
PA-1040,2026-08-12,886,815,71
PA-1040,2026-08-13,815,701,114
PA-1040,2026-08-14,701,493,208
PA-1040,2026-08-15,493,463,30
PA-1040,2026-08-16,463,463,0
PA-1040,2026-08-17,463,377,86
PA-1040,2026-08-18,377,274,103
PA-1040,2026-08-19,274,243,31
PA-1040,2026-08-20,243,243,0
PA-1040,2026-08-21,243,225,18
PA-1040,2026-08-22,225,221,4
PA-1040,2026-08-23,221,221,0
PA-1040,2026-08-24,221,200,21
PA-1040,2026-08-25,200,88,112
PA-1040,2026-08-26,88,0,88
PA-1040,2026-08-27,0,0,0
PA-1040,2026-08-28,0,0,0
PA-1050,2026-05-01,933,933,0
PA-1050,2026-05-02,933,933,0
PA-1050,2026-05-03,933,933,0
PA-1050,2026-05-04,933,933,0
PA-1050,2026-05-05,933,892,41
PA-1050,2026-05-06,892,876,16
PA-1050,2026-05-07,876,866,10
PA-1050,2026-05-08,866,857,9
PA-1050,2026-05-09,857,857,0
PA-1050,2026-05-10,857,857,0
PA-1050,2026-05-11,857,857,0
PA-1050,2026-05-12,857,853,4
PA-1050,2026-05-13,853,853,0
PA-1050,2026-05-14,853,824,29
PA-1050,2026-05-15,824,824,0
PA-1050,2026-05-16,824,824,0
PA-1050,2026-05-17,824,824,0
PA-1050,2026-05-18,824,808,16
PA-1050,2026-05-19,808,808,0
PA-1050,2026-05-20,808,805,3
PA-1050,2026-05-21,805,796,9
PA-1050,2026-05-22,796,696,100
PA-1050,2026-05-23,696,679,17
PA-1050,2026-05-24,679,679,0
PA-1050,2026-05-25,679,666,13
PA-1050,2026-05-26,666,432,234
PA-1050,2026-05-27,432,427,5
PA-1050,2026-05-28,427,426,1
PA-1050,2026-05-29,426,417,9
PA-1050,2026-05-30,417,416,1
PA-1050,2026-05-31,416,416,0
PA-1050,2026-06-01,416,407,9
PA-1050,2026-06-02,407,407,0
PA-1050,2026-06-03,407,396,11
PA-1050,2026-06-04,396,396,0
PA-1050,2026-06-05,396,375,21
PA-1050,2026-06-06,375,366,9
PA-1050,2026-06-07,366,366,0
PA-1050,2026-06-08,366,366,0
PA-1050,2026-06-09,366,346,20
PA-1050,2026-06-10,346,346,0
PA-1050,2026-06-11,346,338,8
PA-1050,2026-06-12,338,314,24
PA-1050,2026-06-13,314,307,7
PA-1050,2026-06-14,307,307,0
PA-1050,2026-06-15,307,299,8
PA-1050,2026-06-16,299,291,8
PA-1050,2026-06-17,291,289,2
PA-1050,2026-06-18,289,289,0
PA-1050,2026-06-19,289,254,35
PA-1050,2026-06-20,254,250,4
PA-1050,2026-06-21,250,250,0
PA-1050,2026-06-22,250,224,26
PA-1050,2026-06-23,224,205,19
PA-1050,2026-06-24,205,194,11
PA-1050,2026-06-25,194,191,3
PA-1050,2026-06-26,191,191,0
PA-1050,2026-06-27,191,190,1
PA-1050,2026-06-28,190,190,0
PA-1050,2026-06-29,636,623,13
PA-1050,2026-06-30,623,591,32
PA-1050,2026-07-01,591,590,1
PA-1050,2026-07-02,590,584,6
PA-1050,2026-07-03,584,567,17
PA-1050,2026-07-04,567,567,0
PA-1050,2026-07-05,567,567,0
PA-1050,2026-07-06,567,558,9
PA-1050,2026-07-07,558,556,2
PA-1050,2026-07-08,556,538,18
PA-1050,2026-07-09,538,522,16
PA-1050,2026-07-10,522,506,16
PA-1050,2026-07-11,506,506,0
PA-1050,2026-07-12,506,506,0
PA-1050,2026-07-13,506,454,52
PA-1050,2026-07-14,454,439,15
PA-1050,2026-07-15,439,434,5
PA-1050,2026-07-16,434,427,7
PA-1050,2026-07-17,427,390,37
PA-1050,2026-07-18,390,390,0
PA-1050,2026-07-19,390,390,0
PA-1050,2026-07-20,390,390,0
PA-1050,2026-07-21,390,350,40
PA-1050,2026-07-22,350,346,4
PA-1050,2026-07-23,346,292,54
PA-1050,2026-07-24,292,282,10
PA-1050,2026-07-25,282,260,22
PA-1050,2026-07-26,260,260,0
PA-1050,2026-07-27,260,260,0
PA-1050,2026-07-28,260,250,10
PA-1050,2026-07-29,250,200,50
PA-1050,2026-07-30,200,196,4
PA-1050,2026-07-31,196,182,14
PA-1050,2026-08-01,182,182,0
PA-1050,2026-08-02,182,182,0
PA-1050,2026-08-03,182,162,20
PA-1050,2026-08-04,162,125,37
PA-1050,2026-08-05,125,123,2
PA-1050,2026-08-06,123,101,22
PA-1050,2026-08-07,101,93,8
PA-1050,2026-08-08,539,536,3
PA-1050,2026-08-09,536,536,0
PA-1050,2026-08-10,536,498,38
PA-1050,2026-08-11,498,444,54
PA-1050,2026-08-12,444,441,3
PA-1050,2026-08-13,441,428,13
PA-1050,2026-08-14,428,411,17
PA-1050,2026-08-15,411,411,0
PA-1050,2026-08-16,411,411,0
PA-1050,2026-08-17,411,405,6
PA-1050,2026-08-18,405,374,31
PA-1050,2026-08-19,374,374,0
PA-1050,2026-08-20,374,371,3
PA-1050,2026-08-21,371,371,0
PA-1050,2026-08-22,371,360,11
PA-1050,2026-08-23,360,360,0
PA-1050,2026-08-24,360,359,1
PA-1050,2026-08-25,359,351,8
PA-1050,2026-08-26,351,343,8
PA-1050,2026-08-27,343,331,12
PA-1050,2026-08-28,331,240,91
RD-2001,2026-05-01,4003,4003,0
RD-2001,2026-05-02,4003,3935,68
RD-2001,2026-05-03,3935,3935,0
RD-2001,2026-05-04,3935,3362,573
RD-2001,2026-05-05,3362,3286,76
RD-2001,2026-05-06,3286,3168,118
RD-2001,2026-05-07,3168,2999,169
RD-2001,2026-05-08,2999,2880,119
RD-2001,2026-05-09,2880,2849,31
RD-2001,2026-05-10,2849,2849,0
RD-2001,2026-05-11,2849,2816,33
RD-2001,2026-05-12,2816,2306,510
RD-2001,2026-05-13,2306,2273,33
RD-2001,2026-05-14,2273,1888,385
RD-2001,2026-05-15,1888,1888,0
RD-2001,2026-05-16,1888,1832,56
RD-2001,2026-05-17,1832,1832,0
RD-2001,2026-05-18,1832,1796,36
RD-2001,2026-05-19,1796,1659,137
RD-2001,2026-05-20,1659,1295,364
RD-2001,2026-05-21,1295,1175,120
RD-2001,2026-05-22,1175,992,183
RD-2001,2026-05-23,992,960,32
RD-2001,2026-05-24,960,960,0
RD-2001,2026-05-25,960,904,56
RD-2001,2026-05-26,904,684,220
RD-2001,2026-05-27,684,570,114
RD-2001,2026-05-28,570,570,0
RD-2001,2026-05-29,570,278,292
RD-2001,2026-05-30,278,120,158
RD-2001,2026-05-31,3431,3431,0
RD-2001,2026-06-01,3431,3431,0
RD-2001,2026-06-02,3431,3431,0
RD-2001,2026-06-03,3431,3152,279
RD-2001,2026-06-04,3152,3143,9
RD-2001,2026-06-05,3143,2867,276
RD-2001,2026-06-06,2867,2863,4
RD-2001,2026-06-07,2863,2863,0
RD-2001,2026-06-08,2863,2818,45
RD-2001,2026-06-09,2818,2763,55
RD-2001,2026-06-10,2763,2699,64
RD-2001,2026-06-11,2699,2191,508
RD-2001,2026-06-12,2191,1733,458
RD-2001,2026-06-13,1733,1638,95
RD-2001,2026-06-14,1638,1638,0
RD-2001,2026-06-15,1638,1600,38
RD-2001,2026-06-16,1600,1504,96
RD-2001,2026-06-17,1504,1404,100
RD-2001,2026-06-18,1404,1315,89
RD-2001,2026-06-19,1315,1200,115
RD-2001,2026-06-20,1200,1132,68
RD-2001,2026-06-21,1132,1132,0
RD-2001,2026-06-22,1132,1132,0
RD-2001,2026-06-23,1132,1040,92
RD-2001,2026-06-24,1040,969,71
RD-2001,2026-06-25,969,682,287
RD-2001,2026-06-26,682,493,189
RD-2001,2026-06-27,3804,3744,60
RD-2001,2026-06-28,3744,3744,0
RD-2001,2026-06-29,3744,3624,120
RD-2001,2026-06-30,3624,3196,428
RD-2001,2026-07-01,3196,3074,122
RD-2001,2026-07-02,3074,2788,286
RD-2001,2026-07-03,2788,2635,153
RD-2001,2026-07-04,2635,2630,5
RD-2001,2026-07-05,2630,2630,0
RD-2001,2026-07-06,2630,2474,156
RD-2001,2026-07-07,2474,2334,140
RD-2001,2026-07-08,2334,2200,134
RD-2001,2026-07-09,2200,2200,0
RD-2001,2026-07-10,2200,2200,0
RD-2001,2026-07-11,2200,2198,2
RD-2001,2026-07-12,2198,2198,0
RD-2001,2026-07-13,2198,2174,24
RD-2001,2026-07-14,2174,2174,0
RD-2001,2026-07-15,2174,2047,127
RD-2001,2026-07-16,2047,2008,39
RD-2001,2026-07-17,2008,1103,905
RD-2001,2026-07-18,1103,1100,3
RD-2001,2026-07-19,1100,1100,0
RD-2001,2026-07-20,1100,872,228
RD-2001,2026-07-21,872,858,14
RD-2001,2026-07-22,858,642,216
RD-2001,2026-07-23,642,592,50
RD-2001,2026-07-24,592,592,0
RD-2001,2026-07-25,592,485,107
RD-2001,2026-07-26,3797,3797,0
RD-2001,2026-07-27,3797,3469,328
RD-2001,2026-07-28,3469,3437,32
RD-2001,2026-07-29,3437,3254,183
RD-2001,2026-07-30,3254,3196,58
RD-2001,2026-07-31,3196,2665,531
RD-2001,2026-08-01,2665,2470,195
RD-2001,2026-08-02,2470,2470,0
RD-2001,2026-08-03,2470,2209,261
RD-2001,2026-08-04,2209,2209,0
RD-2001,2026-08-05,2209,2166,43
RD-2001,2026-08-06,2166,1923,243
RD-2001,2026-08-07,1923,1885,38
RD-2001,2026-08-08,1885,1853,32
RD-2001,2026-08-09,1853,1853,0
RD-2001,2026-08-10,1853,1731,122
RD-2001,2026-08-11,1731,1681,50
RD-2001,2026-08-12,1681,1508,173
RD-2001,2026-08-13,1508,1431,77
RD-2001,2026-08-14,1431,1145,286
RD-2001,2026-08-15,1145,1075,70
RD-2001,2026-08-16,1075,1075,0
RD-2001,2026-08-17,1075,1014,61
RD-2001,2026-08-18,1014,472,542
RD-2001,2026-08-19,472,472,0
RD-2001,2026-08-20,472,0,472
RD-2001,2026-08-21,3311,2829,482
RD-2001,2026-08-22,2829,2810,19
RD-2001,2026-08-23,2810,2810,0
RD-2001,2026-08-24,2810,2605,205
RD-2001,2026-08-25,2605,2565,40
RD-2001,2026-08-26,2565,2259,306
RD-2001,2026-08-27,2259,2138,121
RD-2001,2026-08-28,2138,1960,178
RD-2002,2026-05-01,2953,2952,1
RD-2002,2026-05-02,2952,2946,6
RD-2002,2026-05-03,2946,2946,0
RD-2002,2026-05-04,2946,2821,125
RD-2002,2026-05-05,2821,2807,14
RD-2002,2026-05-06,2807,2754,53
RD-2002,2026-05-07,2754,2635,119
RD-2002,2026-05-08,2635,2620,15
RD-2002,2026-05-09,2620,2597,23
RD-2002,2026-05-10,2597,2597,0
RD-2002,2026-05-11,2597,1859,738
RD-2002,2026-05-12,1859,1724,135
RD-2002,2026-05-13,1724,1493,231
RD-2002,2026-05-14,1493,1343,150
RD-2002,2026-05-15,1343,1273,70
RD-2002,2026-05-16,1273,1265,8
RD-2002,2026-05-17,1265,1265,0
RD-2002,2026-05-18,1265,1187,78
RD-2002,2026-05-19,1187,997,190
RD-2002,2026-05-20,997,925,72
RD-2002,2026-05-21,925,899,26
RD-2002,2026-05-22,899,899,0
RD-2002,2026-05-23,899,899,0
RD-2002,2026-05-24,899,899,0
RD-2002,2026-05-25,899,884,15
RD-2002,2026-05-26,884,850,34
RD-2002,2026-05-27,850,0,850
RD-2002,2026-05-28,0,0,0
RD-2002,2026-05-29,2668,2574,94
RD-2002,2026-05-30,2574,2513,61
RD-2002,2026-05-31,2513,2513,0
RD-2002,2026-06-01,2513,2324,189
RD-2002,2026-06-02,2324,2324,0
RD-2002,2026-06-03,2324,2272,52
RD-2002,2026-06-04,2272,2272,0
RD-2002,2026-06-05,2272,2089,183
RD-2002,2026-06-06,2089,2089,0
RD-2002,2026-06-07,2089,2089,0
RD-2002,2026-06-08,2089,1995,94
RD-2002,2026-06-09,1995,1876,119
RD-2002,2026-06-10,1876,1819,57
RD-2002,2026-06-11,1819,1759,60
RD-2002,2026-06-12,1759,1682,77
RD-2002,2026-06-13,1682,1624,58
RD-2002,2026-06-14,1624,1624,0
RD-2002,2026-06-15,1624,1475,149
RD-2002,2026-06-16,1475,1406,69
RD-2002,2026-06-17,1406,1372,34
RD-2002,2026-06-18,1372,1361,11
RD-2002,2026-06-19,1361,1359,2
RD-2002,2026-06-20,1359,1301,58
RD-2002,2026-06-21,1301,1301,0
RD-2002,2026-06-22,1301,958,343
RD-2002,2026-06-23,958,929,29
RD-2002,2026-06-24,929,782,147
RD-2002,2026-06-25,782,566,216
RD-2002,2026-06-26,566,558,8
RD-2002,2026-06-27,558,517,41
RD-2002,2026-06-28,517,517,0
RD-2002,2026-06-29,517,360,157
RD-2002,2026-06-30,360,212,148
RD-2002,2026-07-01,212,0,212
RD-2002,2026-07-02,2668,2629,39
RD-2002,2026-07-03,2629,2570,59
RD-2002,2026-07-04,2570,2526,44
RD-2002,2026-07-05,2526,2526,0
RD-2002,2026-07-06,2526,2526,0
RD-2002,2026-07-07,2526,2426,100
RD-2002,2026-07-08,2426,2362,64
RD-2002,2026-07-09,2362,2362,0
RD-2002,2026-07-10,2362,2235,127
RD-2002,2026-07-11,2235,2234,1
RD-2002,2026-07-12,2234,2234,0
RD-2002,2026-07-13,2234,2144,90
RD-2002,2026-07-14,2144,2060,84
RD-2002,2026-07-15,2060,2007,53
RD-2002,2026-07-16,2007,1751,256
RD-2002,2026-07-17,1751,1609,142
RD-2002,2026-07-18,1609,1603,6
RD-2002,2026-07-19,1603,1603,0
RD-2002,2026-07-20,1603,1133,470
RD-2002,2026-07-21,1133,1133,0
RD-2002,2026-07-22,1133,860,273
RD-2002,2026-07-23,860,809,51
RD-2002,2026-07-24,809,626,183
RD-2002,2026-07-25,626,626,0
RD-2002,2026-07-26,626,626,0
RD-2002,2026-07-27,626,528,98
RD-2002,2026-07-28,528,528,0
RD-2002,2026-07-29,528,265,263
RD-2002,2026-07-30,265,196,69
RD-2002,2026-07-31,196,166,30
RD-2002,2026-08-01,2833,2813,20
RD-2002,2026-08-02,2813,2813,0
RD-2002,2026-08-03,2813,2605,208
RD-2002,2026-08-04,2605,2575,30
RD-2002,2026-08-05,2575,2519,56
RD-2002,2026-08-06,2519,2441,78
RD-2002,2026-08-07,2441,2336,105
RD-2002,2026-08-08,2336,2215,121
RD-2002,2026-08-09,2215,2215,0
RD-2002,2026-08-10,2215,2185,30
RD-2002,2026-08-11,2185,1923,262
RD-2002,2026-08-12,1923,1865,58
RD-2002,2026-08-13,1865,1623,242
RD-2002,2026-08-14,1623,1581,42
RD-2002,2026-08-15,1581,1568,13
RD-2002,2026-08-16,1568,1568,0
RD-2002,2026-08-17,1568,1362,206
RD-2002,2026-08-18,1362,990,372
RD-2002,2026-08-19,990,876,114
RD-2002,2026-08-20,876,774,102
RD-2002,2026-08-21,774,292,482
RD-2002,2026-08-22,292,113,179
RD-2002,2026-08-23,113,113,0
RD-2002,2026-08-24,113,56,57
RD-2002,2026-08-25,56,0,56
RD-2002,2026-08-26,0,0,0
RD-2002,2026-08-27,0,0,0
RD-2002,2026-08-28,0,0,0
RD-2010,2026-05-01,2130,2130,0
RD-2010,2026-05-02,2130,2129,1
RD-2010,2026-05-03,2129,2129,0
RD-2010,2026-05-04,2129,2112,17
RD-2010,2026-05-05,2112,2104,8
RD-2010,2026-05-06,2104,2031,73
RD-2010,2026-05-07,2031,2025,6
RD-2010,2026-05-08,2025,2025,0
RD-2010,2026-05-09,2025,2010,15
RD-2010,2026-05-10,2010,2010,0
RD-2010,2026-05-11,2010,1997,13
RD-2010,2026-05-12,1997,1997,0
RD-2010,2026-05-13,1997,1995,2
RD-2010,2026-05-14,1995,1988,7
RD-2010,2026-05-15,1988,1979,9
RD-2010,2026-05-16,1979,1976,3
RD-2010,2026-05-17,1976,1976,0
RD-2010,2026-05-18,1976,1965,11
RD-2010,2026-05-19,1965,1874,91
RD-2010,2026-05-20,1874,1722,152
RD-2010,2026-05-21,1722,1719,3
RD-2010,2026-05-22,1719,1685,34
RD-2010,2026-05-23,1685,1685,0
RD-2010,2026-05-24,1685,1685,0
RD-2010,2026-05-25,1685,1681,4
RD-2010,2026-05-26,1681,1623,58
RD-2010,2026-05-27,1623,1623,0
RD-2010,2026-05-28,1623,1602,21
RD-2010,2026-05-29,1602,1448,154
RD-2010,2026-05-30,1448,1359,89
RD-2010,2026-05-31,1359,1359,0
RD-2010,2026-06-01,1359,1335,24
RD-2010,2026-06-02,1335,1275,60
RD-2010,2026-06-03,1275,1256,19
RD-2010,2026-06-04,1256,1249,7
RD-2010,2026-06-05,1249,1222,27
RD-2010,2026-06-06,1222,1209,13
RD-2010,2026-06-07,1209,1209,0
RD-2010,2026-06-08,1209,1104,105
RD-2010,2026-06-09,1104,1089,15
RD-2010,2026-06-10,1089,1080,9
RD-2010,2026-06-11,1080,1020,60
RD-2010,2026-06-12,1020,991,29
RD-2010,2026-06-13,991,987,4
RD-2010,2026-06-14,987,987,0
RD-2010,2026-06-15,987,916,71
RD-2010,2026-06-16,916,916,0
RD-2010,2026-06-17,916,890,26
RD-2010,2026-06-18,890,865,25
RD-2010,2026-06-19,865,847,18
RD-2010,2026-06-20,847,846,1
RD-2010,2026-06-21,846,846,0
RD-2010,2026-06-22,846,775,71
RD-2010,2026-06-23,775,628,147
RD-2010,2026-06-24,628,618,10
RD-2010,2026-06-25,618,608,10
RD-2010,2026-06-26,608,586,22
RD-2010,2026-06-27,586,548,38
RD-2010,2026-06-28,548,548,0
RD-2010,2026-06-29,548,544,4
RD-2010,2026-06-30,544,494,50
RD-2010,2026-07-01,494,460,34
RD-2010,2026-07-02,460,442,18
RD-2010,2026-07-03,442,442,0
RD-2010,2026-07-04,442,432,10
RD-2010,2026-07-05,432,432,0
RD-2010,2026-07-06,432,426,6
RD-2010,2026-07-07,426,338,88
RD-2010,2026-07-08,338,311,27
RD-2010,2026-07-09,311,311,0
RD-2010,2026-07-10,311,308,3
RD-2010,2026-07-11,308,306,2
RD-2010,2026-07-12,306,306,0
RD-2010,2026-07-13,306,306,0
RD-2010,2026-07-14,306,0,306
RD-2010,2026-07-15,0,0,0
RD-2010,2026-07-16,0,0,0
RD-2010,2026-07-17,0,0,0
RD-2010,2026-07-18,0,0,0
RD-2010,2026-07-19,0,0,0
RD-2010,2026-07-20,0,0,0
RD-2010,2026-07-21,1302,1299,3
RD-2010,2026-07-22,1299,1299,0
RD-2010,2026-07-23,1299,1289,10
RD-2010,2026-07-24,1289,1276,13
RD-2010,2026-07-25,1276,1269,7
RD-2010,2026-07-26,1269,1269,0
RD-2010,2026-07-27,1269,1250,19
RD-2010,2026-07-28,1250,1224,26
RD-2010,2026-07-29,1224,1192,32
RD-2010,2026-07-30,1192,1028,164
RD-2010,2026-07-31,1028,979,49
RD-2010,2026-08-01,979,926,53
RD-2010,2026-08-02,926,926,0
RD-2010,2026-08-03,926,899,27
RD-2010,2026-08-04,899,899,0
RD-2010,2026-08-05,899,787,112
RD-2010,2026-08-06,787,764,23
RD-2010,2026-08-07,764,753,11
RD-2010,2026-08-08,753,752,1
RD-2010,2026-08-09,752,752,0
RD-2010,2026-08-10,752,745,7
RD-2010,2026-08-11,745,701,44
RD-2010,2026-08-12,701,399,302
RD-2010,2026-08-13,399,389,10
RD-2010,2026-08-14,389,254,135
RD-2010,2026-08-15,254,249,5
RD-2010,2026-08-16,249,249,0
RD-2010,2026-08-17,249,239,10
RD-2010,2026-08-18,239,233,6
RD-2010,2026-08-19,233,176,57
RD-2010,2026-08-20,176,150,26
RD-2010,2026-08-21,150,48,102
RD-2010,2026-08-22,48,46,2
RD-2010,2026-08-23,46,46,0
RD-2010,2026-08-24,46,10,36
RD-2010,2026-08-25,10,0,10
RD-2010,2026-08-26,0,0,0
RD-2010,2026-08-27,0,0,0
RD-2010,2026-08-28,0,0,0
RD-2011,2026-05-01,1013,1013,0
RD-2011,2026-05-02,1013,997,16
RD-2011,2026-05-03,997,997,0
RD-2011,2026-05-04,997,968,29
RD-2011,2026-05-05,968,915,53
RD-2011,2026-05-06,915,809,106
RD-2011,2026-05-07,809,729,80
RD-2011,2026-05-08,729,713,16
RD-2011,2026-05-09,713,713,0
RD-2011,2026-05-10,713,713,0
RD-2011,2026-05-11,713,690,23
RD-2011,2026-05-12,690,656,34
RD-2011,2026-05-13,656,633,23
RD-2011,2026-05-14,633,633,0
RD-2011,2026-05-15,633,548,85
RD-2011,2026-05-16,548,545,3
RD-2011,2026-05-17,545,545,0
RD-2011,2026-05-18,545,530,15
RD-2011,2026-05-19,530,444,86
RD-2011,2026-05-20,444,411,33
RD-2011,2026-05-21,411,340,71
RD-2011,2026-05-22,340,298,42
RD-2011,2026-05-23,298,298,0
RD-2011,2026-05-24,298,298,0
RD-2011,2026-05-25,298,291,7
RD-2011,2026-05-26,291,262,29
RD-2011,2026-05-27,262,255,7
RD-2011,2026-05-28,255,255,0
RD-2011,2026-05-29,255,239,16
RD-2011,2026-05-30,239,186,53
RD-2011,2026-05-31,186,186,0
RD-2011,2026-06-01,186,174,12
RD-2011,2026-06-02,174,94,80
RD-2011,2026-06-03,94,94,0
RD-2011,2026-06-04,94,89,5
RD-2011,2026-06-05,89,23,66
RD-2011,2026-06-06,23,19,4
RD-2011,2026-06-07,19,19,0
RD-2011,2026-06-08,19,11,8
RD-2011,2026-06-09,11,0,11
RD-2011,2026-06-10,0,0,0
RD-2011,2026-06-11,0,0,0
RD-2011,2026-06-12,0,0,0
RD-2011,2026-06-13,0,0,0
RD-2011,2026-06-14,0,0,0
RD-2011,2026-06-15,0,0,0
RD-2011,2026-06-16,783,770,13
RD-2011,2026-06-17,770,751,19
RD-2011,2026-06-18,751,710,41
RD-2011,2026-06-19,710,710,0
RD-2011,2026-06-20,710,698,12
RD-2011,2026-06-21,698,698,0
RD-2011,2026-06-22,698,679,19
RD-2011,2026-06-23,679,679,0
RD-2011,2026-06-24,679,586,93
RD-2011,2026-06-25,586,542,44
RD-2011,2026-06-26,542,485,57
RD-2011,2026-06-27,485,485,0
RD-2011,2026-06-28,485,485,0
RD-2011,2026-06-29,485,482,3
RD-2011,2026-06-30,482,396,86
RD-2011,2026-07-01,396,395,1
RD-2011,2026-07-02,395,348,47
RD-2011,2026-07-03,348,322,26
RD-2011,2026-07-04,322,291,31
RD-2011,2026-07-05,291,291,0
RD-2011,2026-07-06,291,256,35
RD-2011,2026-07-07,256,234,22
RD-2011,2026-07-08,234,232,2
RD-2011,2026-07-09,232,224,8
RD-2011,2026-07-10,224,182,42
RD-2011,2026-07-11,182,181,1
RD-2011,2026-07-12,181,181,0
RD-2011,2026-07-13,181,138,43
RD-2011,2026-07-14,138,115,23
RD-2011,2026-07-15,115,105,10
RD-2011,2026-07-16,105,105,0
RD-2011,2026-07-17,105,72,33
RD-2011,2026-07-18,72,68,4
RD-2011,2026-07-19,68,68,0
RD-2011,2026-07-20,68,36,32
RD-2011,2026-07-21,36,0,36
RD-2011,2026-07-22,0,0,0
RD-2011,2026-07-23,0,0,0
RD-2011,2026-07-24,0,0,0
RD-2011,2026-07-25,0,0,0
RD-2011,2026-07-26,0,0,0
RD-2011,2026-07-27,0,0,0
RD-2011,2026-07-28,0,0,0
RD-2011,2026-07-29,0,0,0
RD-2011,2026-07-30,0,0,0
RD-2011,2026-07-31,783,752,31
RD-2011,2026-08-01,752,677,75
RD-2011,2026-08-02,677,677,0
RD-2011,2026-08-03,677,661,16
RD-2011,2026-08-04,661,650,11
RD-2011,2026-08-05,650,602,48
RD-2011,2026-08-06,602,583,19
RD-2011,2026-08-07,583,565,18
RD-2011,2026-08-08,565,546,19
RD-2011,2026-08-09,546,546,0
RD-2011,2026-08-10,546,523,23
RD-2011,2026-08-11,523,517,6
RD-2011,2026-08-12,517,515,2
RD-2011,2026-08-13,515,480,35
RD-2011,2026-08-14,480,469,11
RD-2011,2026-08-15,469,462,7
RD-2011,2026-08-16,462,462,0
RD-2011,2026-08-17,462,440,22
RD-2011,2026-08-18,440,437,3
RD-2011,2026-08-19,437,418,19
RD-2011,2026-08-20,418,384,34
RD-2011,2026-08-21,384,365,19
RD-2011,2026-08-22,365,357,8
RD-2011,2026-08-23,357,357,0
RD-2011,2026-08-24,357,323,34
RD-2011,2026-08-25,323,232,91
RD-2011,2026-08-26,232,232,0
RD-2011,2026-08-27,232,199,33
RD-2011,2026-08-28,199,199,0
RD-2020,2026-05-01,1645,1645,0
RD-2020,2026-05-02,1645,1645,0
RD-2020,2026-05-03,1645,1645,0
RD-2020,2026-05-04,1645,1481,164
RD-2020,2026-05-05,1481,1481,0
RD-2020,2026-05-06,1481,1431,50
RD-2020,2026-05-07,1431,1329,102
RD-2020,2026-05-08,1329,1241,88
RD-2020,2026-05-09,1241,1227,14
RD-2020,2026-05-10,1227,1227,0
RD-2020,2026-05-11,1227,1194,33
RD-2020,2026-05-12,1194,1158,36
RD-2020,2026-05-13,1158,1102,56
RD-2020,2026-05-14,1102,1102,0
RD-2020,2026-05-15,1102,876,226
RD-2020,2026-05-16,876,872,4
RD-2020,2026-05-17,872,872,0
RD-2020,2026-05-18,872,872,0
RD-2020,2026-05-19,872,795,77
RD-2020,2026-05-20,795,683,112
RD-2020,2026-05-21,683,638,45
RD-2020,2026-05-22,638,476,162
RD-2020,2026-05-23,476,469,7
RD-2020,2026-05-24,469,469,0
RD-2020,2026-05-25,469,469,0
RD-2020,2026-05-26,469,462,7
RD-2020,2026-05-27,462,246,216
RD-2020,2026-05-28,246,235,11
RD-2020,2026-05-29,235,201,34
RD-2020,2026-05-30,1991,1981,10
RD-2020,2026-05-31,1981,1981,0
RD-2020,2026-06-01,1981,1688,293
RD-2020,2026-06-02,1688,1610,78
RD-2020,2026-06-03,1610,1541,69
RD-2020,2026-06-04,1541,1541,0
RD-2020,2026-06-05,1541,1487,54
RD-2020,2026-06-06,1487,1364,123
RD-2020,2026-06-07,1364,1364,0
RD-2020,2026-06-08,1364,746,618
RD-2020,2026-06-09,746,746,0
RD-2020,2026-06-10,746,678,68
RD-2020,2026-06-11,678,521,157
RD-2020,2026-06-12,521,520,1
RD-2020,2026-06-13,520,430,90
RD-2020,2026-06-14,430,430,0
RD-2020,2026-06-15,430,259,171
RD-2020,2026-06-16,259,196,63
RD-2020,2026-06-17,196,57,139
RD-2020,2026-06-18,57,22,35
RD-2020,2026-06-19,1813,1813,0
RD-2020,2026-06-20,1813,1813,0
RD-2020,2026-06-21,1813,1813,0
RD-2020,2026-06-22,1813,1764,49
RD-2020,2026-06-23,1764,1630,134
RD-2020,2026-06-24,1630,1597,33
RD-2020,2026-06-25,1597,1565,32
RD-2020,2026-06-26,1565,1467,98
RD-2020,2026-06-27,1467,1467,0
RD-2020,2026-06-28,1467,1467,0
RD-2020,2026-06-29,1467,1452,15
RD-2020,2026-06-30,1452,1253,199
RD-2020,2026-07-01,1253,1182,71
RD-2020,2026-07-02,1182,1122,60
RD-2020,2026-07-03,1122,1122,0
RD-2020,2026-07-04,1122,1111,11
RD-2020,2026-07-05,1111,1111,0
RD-2020,2026-07-06,1111,911,200
RD-2020,2026-07-07,911,895,16
RD-2020,2026-07-08,895,779,116
RD-2020,2026-07-09,779,776,3
RD-2020,2026-07-10,776,703,73
RD-2020,2026-07-11,703,683,20
RD-2020,2026-07-12,683,683,0
RD-2020,2026-07-13,683,656,27
RD-2020,2026-07-14,656,474,182
RD-2020,2026-07-15,474,415,59
RD-2020,2026-07-16,415,372,43
RD-2020,2026-07-17,372,372,0
RD-2020,2026-07-18,372,372,0
RD-2020,2026-07-19,372,372,0
RD-2020,2026-07-20,372,279,93
RD-2020,2026-07-21,279,270,9
RD-2020,2026-07-22,270,79,191
RD-2020,2026-07-23,79,79,0
RD-2020,2026-07-24,1869,1731,138
RD-2020,2026-07-25,1731,1720,11
RD-2020,2026-07-26,1720,1720,0
RD-2020,2026-07-27,1720,1720,0
RD-2020,2026-07-28,1720,1662,58
RD-2020,2026-07-29,1662,1367,295
RD-2020,2026-07-30,1367,1367,0
RD-2020,2026-07-31,1367,1115,252
RD-2020,2026-08-01,1115,1115,0
RD-2020,2026-08-02,1115,1115,0
RD-2020,2026-08-03,1115,1057,58
RD-2020,2026-08-04,1057,1038,19
RD-2020,2026-08-05,1038,1037,1
RD-2020,2026-08-06,1037,1002,35
RD-2020,2026-08-07,1002,871,131
RD-2020,2026-08-08,871,842,29
RD-2020,2026-08-09,842,842,0
RD-2020,2026-08-10,842,806,36
RD-2020,2026-08-11,806,686,120
RD-2020,2026-08-12,686,676,10
RD-2020,2026-08-13,676,676,0
RD-2020,2026-08-14,676,353,323
RD-2020,2026-08-15,353,210,143
RD-2020,2026-08-16,210,210,0
RD-2020,2026-08-17,210,49,161
RD-2020,2026-08-18,49,0,49
RD-2020,2026-08-19,0,0,0
RD-2020,2026-08-20,0,0,0
RD-2020,2026-08-21,0,0,0
RD-2020,2026-08-22,0,0,0
RD-2020,2026-08-23,0,0,0
RD-2020,2026-08-24,0,0,0
RD-2020,2026-08-25,1790,1766,24
RD-2020,2026-08-26,1766,1747,19
RD-2020,2026-08-27,1747,1629,118
RD-2020,2026-08-28,1629,1595,34
RD-2030,2026-05-01,622,622,0
RD-2030,2026-05-02,622,622,0
RD-2030,2026-05-03,622,622,0
RD-2030,2026-05-04,622,557,65
RD-2030,2026-05-05,557,528,29
RD-2030,2026-05-06,528,488,40
RD-2030,2026-05-07,488,465,23
RD-2030,2026-05-08,465,269,196
RD-2030,2026-05-09,269,269,0
RD-2030,2026-05-10,269,269,0
RD-2030,2026-05-11,269,139,130
RD-2030,2026-05-12,139,71,68
RD-2030,2026-05-13,71,0,71
RD-2030,2026-05-14,0,0,0
RD-2030,2026-05-15,0,0,0
RD-2030,2026-05-16,0,0,0
RD-2030,2026-05-17,1789,1789,0
RD-2030,2026-05-18,1789,1754,35
RD-2030,2026-05-19,1754,1648,106
RD-2030,2026-05-20,1648,1648,0
RD-2030,2026-05-21,1648,1626,22
RD-2030,2026-05-22,1626,1605,21
RD-2030,2026-05-23,1605,1596,9
RD-2030,2026-05-24,1596,1596,0
RD-2030,2026-05-25,1596,1568,28
RD-2030,2026-05-26,1568,1545,23
RD-2030,2026-05-27,1545,1357,188
RD-2030,2026-05-28,1357,1326,31
RD-2030,2026-05-29,1326,1257,69
RD-2030,2026-05-30,1257,1241,16
RD-2030,2026-05-31,1241,1241,0
RD-2030,2026-06-01,1241,1109,132
RD-2030,2026-06-02,1109,831,278
RD-2030,2026-06-03,831,765,66
RD-2030,2026-06-04,765,765,0
RD-2030,2026-06-05,765,545,220
RD-2030,2026-06-06,545,373,172
RD-2030,2026-06-07,373,373,0
RD-2030,2026-06-08,373,358,15
RD-2030,2026-06-09,358,283,75
RD-2030,2026-06-10,283,209,74
RD-2030,2026-06-11,209,196,13
RD-2030,2026-06-12,196,192,4
RD-2030,2026-06-13,192,169,23
RD-2030,2026-06-14,169,169,0
RD-2030,2026-06-15,169,131,38
RD-2030,2026-06-16,131,131,0
RD-2030,2026-06-17,131,85,46
RD-2030,2026-06-18,1874,1813,61
RD-2030,2026-06-19,1813,1776,37
RD-2030,2026-06-20,1776,1551,225
RD-2030,2026-06-21,1551,1551,0
RD-2030,2026-06-22,1551,1475,76
RD-2030,2026-06-23,1475,1475,0
RD-2030,2026-06-24,1475,1218,257
RD-2030,2026-06-25,1218,1136,82
RD-2030,2026-06-26,1136,1068,68
RD-2030,2026-06-27,1068,1051,17
RD-2030,2026-06-28,1051,1051,0
RD-2030,2026-06-29,1051,1027,24
RD-2030,2026-06-30,1027,1007,20
RD-2030,2026-07-01,1007,706,301
RD-2030,2026-07-02,706,574,132
RD-2030,2026-07-03,574,494,80
RD-2030,2026-07-04,494,493,1
RD-2030,2026-07-05,493,493,0
RD-2030,2026-07-06,493,450,43
RD-2030,2026-07-07,450,377,73
RD-2030,2026-07-08,377,325,52
RD-2030,2026-07-09,325,325,0
RD-2030,2026-07-10,325,295,30
RD-2030,2026-07-11,295,295,0
RD-2030,2026-07-12,295,295,0
RD-2030,2026-07-13,295,170,125
RD-2030,2026-07-14,170,0,170
RD-2030,2026-07-15,0,0,0
RD-2030,2026-07-16,0,0,0
RD-2030,2026-07-17,0,0,0
RD-2030,2026-07-18,0,0,0
RD-2030,2026-07-19,0,0,0
RD-2030,2026-07-20,0,0,0
RD-2030,2026-07-21,1789,1742,47
RD-2030,2026-07-22,1742,1528,214
RD-2030,2026-07-23,1528,1435,93
RD-2030,2026-07-24,1435,1394,41
RD-2030,2026-07-25,1394,1360,34
RD-2030,2026-07-26,1360,1360,0
RD-2030,2026-07-27,1360,1235,125
RD-2030,2026-07-28,1235,1071,164
RD-2030,2026-07-29,1071,1023,48
RD-2030,2026-07-30,1023,1010,13
RD-2030,2026-07-31,1010,1010,0
RD-2030,2026-08-01,1010,978,32
RD-2030,2026-08-02,978,978,0
RD-2030,2026-08-03,978,914,64
RD-2030,2026-08-04,914,905,9
RD-2030,2026-08-05,905,893,12
RD-2030,2026-08-06,893,829,64
RD-2030,2026-08-07,829,788,41
RD-2030,2026-08-08,788,782,6
RD-2030,2026-08-09,782,782,0
RD-2030,2026-08-10,782,699,83
RD-2030,2026-08-11,699,696,3
RD-2030,2026-08-12,696,663,33
RD-2030,2026-08-13,663,534,129
RD-2030,2026-08-14,534,497,37
RD-2030,2026-08-15,497,476,21
RD-2030,2026-08-16,476,476,0
RD-2030,2026-08-17,476,233,243
RD-2030,2026-08-18,233,75,158
RD-2030,2026-08-19,75,59,16
RD-2030,2026-08-20,59,18,41
RD-2030,2026-08-21,18,0,18
RD-2030,2026-08-22,0,0,0
RD-2030,2026-08-23,0,0,0
RD-2030,2026-08-24,0,0,0
RD-2030,2026-08-25,0,0,0
RD-2030,2026-08-26,0,0,0
RD-2030,2026-08-27,1789,1746,43
RD-2030,2026-08-28,1746,1686,60
ND-3001,2026-05-01,720,719,1
ND-3001,2026-05-02,719,719,0
ND-3001,2026-05-03,719,719,0
ND-3001,2026-05-04,719,702,17
ND-3001,2026-05-05,702,678,24
ND-3001,2026-05-06,678,657,21
ND-3001,2026-05-07,657,576,81
ND-3001,2026-05-08,576,564,12
ND-3001,2026-05-09,564,538,26
ND-3001,2026-05-10,538,538,0
ND-3001,2026-05-11,538,530,8
ND-3001,2026-05-12,530,500,30
ND-3001,2026-05-13,500,500,0
ND-3001,2026-05-14,500,500,0
ND-3001,2026-05-15,500,425,75
ND-3001,2026-05-16,425,374,51
ND-3001,2026-05-17,374,374,0
ND-3001,2026-05-18,374,359,15
ND-3001,2026-05-19,359,359,0
ND-3001,2026-05-20,359,325,34
ND-3001,2026-05-21,325,299,26
ND-3001,2026-05-22,299,295,4
ND-3001,2026-05-23,295,244,51
ND-3001,2026-05-24,244,244,0
ND-3001,2026-05-25,244,205,39
ND-3001,2026-05-26,205,205,0
ND-3001,2026-05-27,205,146,59
ND-3001,2026-05-28,146,126,20
ND-3001,2026-05-29,126,0,126
ND-3001,2026-05-30,0,0,0
ND-3001,2026-05-31,0,0,0
ND-3001,2026-06-01,0,0,0
ND-3001,2026-06-02,1075,1067,8
ND-3001,2026-06-03,1067,1051,16
ND-3001,2026-06-04,1051,1051,0
ND-3001,2026-06-05,1051,838,213
ND-3001,2026-06-06,838,833,5
ND-3001,2026-06-07,833,833,0
ND-3001,2026-06-08,833,788,45
ND-3001,2026-06-09,788,545,243
ND-3001,2026-06-10,545,527,18
ND-3001,2026-06-11,527,512,15
ND-3001,2026-06-12,512,459,53
ND-3001,2026-06-13,459,453,6
ND-3001,2026-06-14,453,453,0
ND-3001,2026-06-15,453,442,11
ND-3001,2026-06-16,442,442,0
ND-3001,2026-06-17,442,400,42
ND-3001,2026-06-18,400,400,0
ND-3001,2026-06-19,400,395,5
ND-3001,2026-06-20,395,394,1
ND-3001,2026-06-21,394,394,0
ND-3001,2026-06-22,394,366,28
ND-3001,2026-06-23,366,315,51
ND-3001,2026-06-24,315,304,11
ND-3001,2026-06-25,304,242,62
ND-3001,2026-06-26,242,202,40
ND-3001,2026-06-27,202,185,17
ND-3001,2026-06-28,185,185,0
ND-3001,2026-06-29,185,155,30
ND-3001,2026-06-30,155,0,155
ND-3001,2026-07-01,0,0,0
ND-3001,2026-07-02,0,0,0
ND-3001,2026-07-03,0,0,0
ND-3001,2026-07-04,0,0,0
ND-3001,2026-07-05,0,0,0
ND-3001,2026-07-06,0,0,0
ND-3001,2026-07-07,0,0,0
ND-3001,2026-07-08,0,0,0
ND-3001,2026-07-09,0,0,0
ND-3001,2026-07-10,0,0,0
ND-3001,2026-07-11,1075,1055,20
ND-3001,2026-07-12,1055,1055,0
ND-3001,2026-07-13,1055,1050,5
ND-3001,2026-07-14,1050,1050,0
ND-3001,2026-07-15,1050,1017,33
ND-3001,2026-07-16,1017,954,63
ND-3001,2026-07-17,954,921,33
ND-3001,2026-07-18,921,921,0
ND-3001,2026-07-19,921,921,0
ND-3001,2026-07-20,921,831,90
ND-3001,2026-07-21,831,707,124
ND-3001,2026-07-22,707,669,38
ND-3001,2026-07-23,669,651,18
ND-3001,2026-07-24,651,603,48
ND-3001,2026-07-25,603,603,0
ND-3001,2026-07-26,603,603,0
ND-3001,2026-07-27,603,552,51
ND-3001,2026-07-28,552,515,37
ND-3001,2026-07-29,515,515,0
ND-3001,2026-07-30,515,438,77
ND-3001,2026-07-31,438,317,121
ND-3001,2026-08-01,317,309,8
ND-3001,2026-08-02,309,309,0
ND-3001,2026-08-03,309,244,65
ND-3001,2026-08-04,244,212,32
ND-3001,2026-08-05,212,182,30
ND-3001,2026-08-06,182,171,11
ND-3001,2026-08-07,171,171,0
ND-3001,2026-08-08,171,163,8
ND-3001,2026-08-09,163,163,0
ND-3001,2026-08-10,163,143,20
ND-3001,2026-08-11,143,121,22
ND-3001,2026-08-12,121,22,99
ND-3001,2026-08-13,22,0,22
ND-3001,2026-08-14,0,0,0
ND-3001,2026-08-15,0,0,0
ND-3001,2026-08-16,0,0,0
ND-3001,2026-08-17,1075,1075,0
ND-3001,2026-08-18,1075,1004,71
ND-3001,2026-08-19,1004,1004,0
ND-3001,2026-08-20,1004,913,91
ND-3001,2026-08-21,913,826,87
ND-3001,2026-08-22,826,777,49
ND-3001,2026-08-23,777,777,0
ND-3001,2026-08-24,777,407,370
ND-3001,2026-08-25,407,374,33
ND-3001,2026-08-26,374,353,21
ND-3001,2026-08-27,353,345,8
ND-3001,2026-08-28,345,310,35
ND-3002,2026-05-01,681,681,0
ND-3002,2026-05-02,681,674,7
ND-3002,2026-05-03,674,674,0
ND-3002,2026-05-04,674,656,18
ND-3002,2026-05-05,656,656,0
ND-3002,2026-05-06,656,651,5
ND-3002,2026-05-07,651,640,11
ND-3002,2026-05-08,640,563,77
ND-3002,2026-05-09,563,555,8
ND-3002,2026-05-10,555,555,0
ND-3002,2026-05-11,555,555,0
ND-3002,2026-05-12,555,543,12
ND-3002,2026-05-13,543,527,16
ND-3002,2026-05-14,527,526,1
ND-3002,2026-05-15,526,524,2
ND-3002,2026-05-16,524,524,0
ND-3002,2026-05-17,524,524,0
ND-3002,2026-05-18,524,524,0
ND-3002,2026-05-19,524,479,45
ND-3002,2026-05-20,479,471,8
ND-3002,2026-05-21,471,469,2
ND-3002,2026-05-22,469,466,3
ND-3002,2026-05-23,466,458,8
ND-3002,2026-05-24,458,458,0
ND-3002,2026-05-25,458,455,3
ND-3002,2026-05-26,455,431,24
ND-3002,2026-05-27,431,427,4
ND-3002,2026-05-28,427,413,14
ND-3002,2026-05-29,413,390,23
ND-3002,2026-05-30,390,385,5
ND-3002,2026-05-31,385,385,0
ND-3002,2026-06-01,385,385,0
ND-3002,2026-06-02,385,365,20
ND-3002,2026-06-03,365,327,38
ND-3002,2026-06-04,327,327,0
ND-3002,2026-06-05,327,309,18
ND-3002,2026-06-06,309,297,12
ND-3002,2026-06-07,297,297,0
ND-3002,2026-06-08,297,288,9
ND-3002,2026-06-09,288,281,7
ND-3002,2026-06-10,281,274,7
ND-3002,2026-06-11,274,0,274
ND-3002,2026-06-12,0,0,0
ND-3002,2026-06-13,0,0,0
ND-3002,2026-06-14,0,0,0
ND-3002,2026-06-15,0,0,0
ND-3002,2026-06-16,0,0,0
ND-3002,2026-06-17,0,0,0
ND-3002,2026-06-18,0,0,0
ND-3002,2026-06-19,0,0,0
ND-3002,2026-06-20,0,0,0
ND-3002,2026-06-21,0,0,0
ND-3002,2026-06-22,951,951,0
ND-3002,2026-06-23,951,948,3
ND-3002,2026-06-24,948,857,91
ND-3002,2026-06-25,857,608,249
ND-3002,2026-06-26,608,474,134
ND-3002,2026-06-27,474,467,7
ND-3002,2026-06-28,467,467,0
ND-3002,2026-06-29,467,461,6
ND-3002,2026-06-30,461,456,5
ND-3002,2026-07-01,456,456,0
ND-3002,2026-07-02,456,431,25
ND-3002,2026-07-03,431,344,87
ND-3002,2026-07-04,344,330,14
ND-3002,2026-07-05,330,330,0
ND-3002,2026-07-06,330,321,9
ND-3002,2026-07-07,321,235,86
ND-3002,2026-07-08,235,224,11
ND-3002,2026-07-09,224,224,0
ND-3002,2026-07-10,224,218,6
ND-3002,2026-07-11,218,123,95
ND-3002,2026-07-12,123,123,0
ND-3002,2026-07-13,123,111,12
ND-3002,2026-07-14,111,94,17
ND-3002,2026-07-15,94,21,73
ND-3002,2026-07-16,21,0,21
ND-3002,2026-07-17,0,0,0
ND-3002,2026-07-18,0,0,0
ND-3002,2026-07-19,0,0,0
ND-3002,2026-07-20,0,0,0
ND-3002,2026-07-21,0,0,0
ND-3002,2026-07-22,0,0,0
ND-3002,2026-07-23,0,0,0
ND-3002,2026-07-24,0,0,0
ND-3002,2026-07-25,0,0,0
ND-3002,2026-07-26,0,0,0
ND-3002,2026-07-27,951,944,7
ND-3002,2026-07-28,944,927,17
ND-3002,2026-07-29,927,927,0
ND-3002,2026-07-30,927,810,117
ND-3002,2026-07-31,810,780,30
ND-3002,2026-08-01,780,773,7
ND-3002,2026-08-02,773,773,0
ND-3002,2026-08-03,773,762,11
ND-3002,2026-08-04,762,717,45
ND-3002,2026-08-05,717,557,160
ND-3002,2026-08-06,557,554,3
ND-3002,2026-08-07,554,528,26
ND-3002,2026-08-08,528,506,22
ND-3002,2026-08-09,506,506,0
ND-3002,2026-08-10,506,462,44
ND-3002,2026-08-11,462,446,16
ND-3002,2026-08-12,446,445,1
ND-3002,2026-08-13,445,415,30
ND-3002,2026-08-14,415,382,33
ND-3002,2026-08-15,382,382,0
ND-3002,2026-08-16,382,382,0
ND-3002,2026-08-17,382,354,28
ND-3002,2026-08-18,354,350,4
ND-3002,2026-08-19,350,316,34
ND-3002,2026-08-20,316,312,4
ND-3002,2026-08-21,312,259,53
ND-3002,2026-08-22,259,253,6
ND-3002,2026-08-23,253,253,0
ND-3002,2026-08-24,253,246,7
ND-3002,2026-08-25,246,227,19
ND-3002,2026-08-26,227,99,128
ND-3002,2026-08-27,99,85,14
ND-3002,2026-08-28,85,76,9
ND-3010,2026-05-01,398,397,1
ND-3010,2026-05-02,397,396,1
ND-3010,2026-05-03,396,396,0
ND-3010,2026-05-04,396,395,1
ND-3010,2026-05-05,395,395,0
ND-3010,2026-05-06,395,387,8
ND-3010,2026-05-07,387,386,1
ND-3010,2026-05-08,386,384,2
ND-3010,2026-05-09,384,360,24
ND-3010,2026-05-10,360,360,0
ND-3010,2026-05-11,360,360,0
ND-3010,2026-05-12,360,351,9
ND-3010,2026-05-13,351,351,0
ND-3010,2026-05-14,351,351,0
ND-3010,2026-05-15,351,306,45
ND-3010,2026-05-16,306,295,11
ND-3010,2026-05-17,295,295,0
ND-3010,2026-05-18,295,286,9
ND-3010,2026-05-19,286,286,0
ND-3010,2026-05-20,286,279,7
ND-3010,2026-05-21,279,274,5
ND-3010,2026-05-22,274,253,21
ND-3010,2026-05-23,253,249,4
ND-3010,2026-05-24,249,249,0
ND-3010,2026-05-25,249,242,7
ND-3010,2026-05-26,242,228,14
ND-3010,2026-05-27,228,200,28
ND-3010,2026-05-28,200,189,11
ND-3010,2026-05-29,189,77,112
ND-3010,2026-05-30,77,72,5
ND-3010,2026-05-31,72,72,0
ND-3010,2026-06-01,72,22,50
ND-3010,2026-06-02,22,13,9
ND-3010,2026-06-03,13,0,13
ND-3010,2026-06-04,0,0,0
ND-3010,2026-06-05,0,0,0
ND-3010,2026-06-06,0,0,0
ND-3010,2026-06-07,0,0,0
ND-3010,2026-06-08,0,0,0
ND-3010,2026-06-09,0,0,0
ND-3010,2026-06-10,0,0,0
ND-3010,2026-06-11,0,0,0
ND-3010,2026-06-12,0,0,0
ND-3010,2026-06-13,0,0,0
ND-3010,2026-06-14,0,0,0
ND-3010,2026-06-15,0,0,0
ND-3010,2026-06-16,341,333,8
ND-3010,2026-06-17,333,333,0
ND-3010,2026-06-18,333,325,8
ND-3010,2026-06-19,325,323,2
ND-3010,2026-06-20,323,323,0
ND-3010,2026-06-21,323,323,0
ND-3010,2026-06-22,323,263,60
ND-3010,2026-06-23,263,256,7
ND-3010,2026-06-24,256,256,0
ND-3010,2026-06-25,256,209,47
ND-3010,2026-06-26,209,190,19
ND-3010,2026-06-27,190,187,3
ND-3010,2026-06-28,187,187,0
ND-3010,2026-06-29,187,179,8
ND-3010,2026-06-30,179,150,29
ND-3010,2026-07-01,150,135,15
ND-3010,2026-07-02,135,130,5
ND-3010,2026-07-03,130,100,30
ND-3010,2026-07-04,100,94,6
ND-3010,2026-07-05,94,94,0
ND-3010,2026-07-06,94,89,5
ND-3010,2026-07-07,89,85,4
ND-3010,2026-07-08,85,77,8
ND-3010,2026-07-09,77,77,0
ND-3010,2026-07-10,77,10,67
ND-3010,2026-07-11,10,6,4
ND-3010,2026-07-12,6,6,0
ND-3010,2026-07-13,6,0,6
ND-3010,2026-07-14,0,0,0
ND-3010,2026-07-15,0,0,0
ND-3010,2026-07-16,341,341,0
ND-3010,2026-07-17,341,321,20
ND-3010,2026-07-18,321,316,5
ND-3010,2026-07-19,316,316,0
ND-3010,2026-07-20,316,303,13
ND-3010,2026-07-21,303,293,10
ND-3010,2026-07-22,293,292,1
ND-3010,2026-07-23,292,290,2
ND-3010,2026-07-24,290,275,15
ND-3010,2026-07-25,275,272,3
ND-3010,2026-07-26,272,272,0
ND-3010,2026-07-27,272,251,21
ND-3010,2026-07-28,251,210,41
ND-3010,2026-07-29,210,174,36
ND-3010,2026-07-30,174,147,27
ND-3010,2026-07-31,147,138,9
ND-3010,2026-08-01,138,131,7
ND-3010,2026-08-02,131,131,0
ND-3010,2026-08-03,131,124,7
ND-3010,2026-08-04,124,119,5
ND-3010,2026-08-05,119,89,30
ND-3010,2026-08-06,89,75,14
ND-3010,2026-08-07,75,33,42
ND-3010,2026-08-08,33,13,20
ND-3010,2026-08-09,13,13,0
ND-3010,2026-08-10,13,0,13
ND-3010,2026-08-11,0,0,0
ND-3010,2026-08-12,0,0,0
ND-3010,2026-08-13,0,0,0
ND-3010,2026-08-14,0,0,0
ND-3010,2026-08-15,0,0,0
ND-3010,2026-08-16,0,0,0
ND-3010,2026-08-17,0,0,0
ND-3010,2026-08-18,0,0,0
ND-3010,2026-08-19,0,0,0
ND-3010,2026-08-20,341,325,16
ND-3010,2026-08-21,325,324,1
ND-3010,2026-08-22,324,321,3
ND-3010,2026-08-23,321,321,0
ND-3010,2026-08-24,321,320,1
ND-3010,2026-08-25,320,300,20
ND-3010,2026-08-26,300,290,10
ND-3010,2026-08-27,290,282,8
ND-3010,2026-08-28,282,255,27
JD-4001,2026-05-01,2052,2052,0
JD-4001,2026-05-02,2052,1989,63
JD-4001,2026-05-03,1989,1989,0
JD-4001,2026-05-04,1989,1863,126
JD-4001,2026-05-05,1863,1786,77
JD-4001,2026-05-06,1786,1763,23
JD-4001,2026-05-07,1763,1302,461
JD-4001,2026-05-08,1302,1027,275
JD-4001,2026-05-09,1027,1023,4
JD-4001,2026-05-10,1023,1023,0
JD-4001,2026-05-11,1023,643,380
JD-4001,2026-05-12,643,432,211
JD-4001,2026-05-13,432,336,96
JD-4001,2026-05-14,336,220,116
JD-4001,2026-05-15,220,75,145
JD-4001,2026-05-16,75,0,75
JD-4001,2026-05-17,0,0,0
JD-4001,2026-05-18,0,0,0
JD-4001,2026-05-19,0,0,0
JD-4001,2026-05-20,0,0,0
JD-4001,2026-05-21,4298,4256,42
JD-4001,2026-05-22,4256,4138,118
JD-4001,2026-05-23,4138,4136,2
JD-4001,2026-05-24,4136,4136,0
JD-4001,2026-05-25,4136,4119,17
JD-4001,2026-05-26,4119,3892,227
JD-4001,2026-05-27,3892,3892,0
JD-4001,2026-05-28,3892,3862,30
JD-4001,2026-05-29,3862,3016,846
JD-4001,2026-05-30,3016,2956,60
JD-4001,2026-05-31,2956,2956,0
JD-4001,2026-06-01,2956,2956,0
JD-4001,2026-06-02,2956,2852,104
JD-4001,2026-06-03,2852,2852,0
JD-4001,2026-06-04,2852,2817,35
JD-4001,2026-06-05,2817,2709,108
JD-4001,2026-06-06,2709,2671,38
JD-4001,2026-06-07,2671,2671,0
JD-4001,2026-06-08,2671,2662,9
JD-4001,2026-06-09,2662,2314,348
JD-4001,2026-06-10,2314,2222,92
JD-4001,2026-06-11,2222,2120,102
JD-4001,2026-06-12,2120,1522,598
JD-4001,2026-06-13,1522,1311,211
JD-4001,2026-06-14,1311,1311,0
JD-4001,2026-06-15,1311,1208,103
JD-4001,2026-06-16,1208,1154,54
JD-4001,2026-06-17,1154,1095,59
JD-4001,2026-06-18,1095,1008,87
JD-4001,2026-06-19,1008,769,239
JD-4001,2026-06-20,769,769,0
JD-4001,2026-06-21,769,769,0
JD-4001,2026-06-22,769,769,0
JD-4001,2026-06-23,769,756,13
JD-4001,2026-06-24,5053,4890,163
JD-4001,2026-06-25,4890,4667,223
JD-4001,2026-06-26,4667,4344,323
JD-4001,2026-06-27,4344,4313,31
JD-4001,2026-06-28,4313,4313,0
JD-4001,2026-06-29,4313,4241,72
JD-4001,2026-06-30,4241,4090,151
JD-4001,2026-07-01,4090,4005,85
JD-4001,2026-07-02,4005,3316,689
JD-4001,2026-07-03,3316,3288,28
JD-4001,2026-07-04,3288,3288,0
JD-4001,2026-07-05,3288,3288,0
JD-4001,2026-07-06,3288,3118,170
JD-4001,2026-07-07,3118,3071,47
JD-4001,2026-07-08,3071,3040,31
JD-4001,2026-07-09,3040,3040,0
JD-4001,2026-07-10,3040,2744,296
JD-4001,2026-07-11,2744,2737,7
JD-4001,2026-07-12,2737,2737,0
JD-4001,2026-07-13,2737,2697,40
JD-4001,2026-07-14,2697,2624,73
JD-4001,2026-07-15,2624,2624,0
JD-4001,2026-07-16,2624,2337,287
JD-4001,2026-07-17,2337,2176,161
JD-4001,2026-07-18,2176,2174,2
JD-4001,2026-07-19,2174,2174,0
JD-4001,2026-07-20,2174,2140,34
JD-4001,2026-07-21,2140,1402,738
JD-4001,2026-07-22,1402,1316,86
JD-4001,2026-07-23,1316,1130,186
JD-4001,2026-07-24,1130,597,533
JD-4001,2026-07-25,597,574,23
JD-4001,2026-07-26,574,574,0
JD-4001,2026-07-27,574,422,152
JD-4001,2026-07-28,422,370,52
JD-4001,2026-07-29,370,0,370
JD-4001,2026-07-30,0,0,0
JD-4001,2026-07-31,0,0,0
JD-4001,2026-08-01,0,0,0
JD-4001,2026-08-02,4298,4298,0
JD-4001,2026-08-03,4298,4272,26
JD-4001,2026-08-04,4272,4263,9
JD-4001,2026-08-05,4263,4228,35
JD-4001,2026-08-06,4228,4184,44
JD-4001,2026-08-07,4184,4084,100
JD-4001,2026-08-08,4084,4034,50
JD-4001,2026-08-09,4034,4034,0
JD-4001,2026-08-10,4034,3305,729
JD-4001,2026-08-11,3305,3083,222
JD-4001,2026-08-12,3083,2841,242
JD-4001,2026-08-13,2841,2750,91
JD-4001,2026-08-14,2750,2294,456
JD-4001,2026-08-15,2294,2216,78
JD-4001,2026-08-16,2216,2216,0
JD-4001,2026-08-17,2216,1929,287
JD-4001,2026-08-18,1929,1861,68
JD-4001,2026-08-19,1861,1861,0
JD-4001,2026-08-20,1861,1638,223
JD-4001,2026-08-21,1638,1253,385
JD-4001,2026-08-22,1253,1253,0
JD-4001,2026-08-23,1253,1253,0
JD-4001,2026-08-24,1253,1222,31
JD-4001,2026-08-25,1222,949,273
JD-4001,2026-08-26,949,725,224
JD-4001,2026-08-27,725,370,355
JD-4001,2026-08-28,370,7,363
JD-4002,2026-05-01,679,679,0
JD-4002,2026-05-02,679,664,15
JD-4002,2026-05-03,664,664,0
JD-4002,2026-05-04,664,645,19
JD-4002,2026-05-05,645,614,31
JD-4002,2026-05-06,614,614,0
JD-4002,2026-05-07,614,606,8
JD-4002,2026-05-08,606,586,20
JD-4002,2026-05-09,586,574,12
JD-4002,2026-05-10,574,574,0
JD-4002,2026-05-11,574,215,359
JD-4002,2026-05-12,215,209,6
JD-4002,2026-05-13,209,143,66
JD-4002,2026-05-14,143,96,47
JD-4002,2026-05-15,96,17,79
JD-4002,2026-05-16,17,1,16
JD-4002,2026-05-17,1,1,0
JD-4002,2026-05-18,1,0,1
JD-4002,2026-05-19,0,0,0
JD-4002,2026-05-20,0,0,0
JD-4002,2026-05-21,0,0,0
JD-4002,2026-05-22,0,0,0
JD-4002,2026-05-23,0,0,0
JD-4002,2026-05-24,0,0,0
JD-4002,2026-05-25,0,0,0
JD-4002,2026-05-26,0,0,0
JD-4002,2026-05-27,0,0,0
JD-4002,2026-05-28,0,0,0
JD-4002,2026-05-29,0,0,0
JD-4002,2026-05-30,0,0,0
JD-4002,2026-05-31,887,887,0
JD-4002,2026-06-01,887,745,142
JD-4002,2026-06-02,745,720,25
JD-4002,2026-06-03,720,720,0
JD-4002,2026-06-04,720,720,0
JD-4002,2026-06-05,720,699,21
JD-4002,2026-06-06,699,699,0
JD-4002,2026-06-07,699,699,0
JD-4002,2026-06-08,699,689,10
JD-4002,2026-06-09,689,680,9
JD-4002,2026-06-10,680,627,53
JD-4002,2026-06-11,627,599,28
JD-4002,2026-06-12,599,598,1
JD-4002,2026-06-13,598,596,2
JD-4002,2026-06-14,596,596,0
JD-4002,2026-06-15,596,584,12
JD-4002,2026-06-16,584,575,9
JD-4002,2026-06-17,575,563,12
JD-4002,2026-06-18,563,553,10
JD-4002,2026-06-19,553,518,35
JD-4002,2026-06-20,518,509,9
JD-4002,2026-06-21,509,509,0
JD-4002,2026-06-22,509,455,54
JD-4002,2026-06-23,455,437,18
JD-4002,2026-06-24,437,437,0
JD-4002,2026-06-25,437,393,44
JD-4002,2026-06-26,393,393,0
JD-4002,2026-06-27,393,376,17
JD-4002,2026-06-28,376,376,0
JD-4002,2026-06-29,376,352,24
JD-4002,2026-06-30,352,303,49
JD-4002,2026-07-01,303,289,14
JD-4002,2026-07-02,289,250,39
JD-4002,2026-07-03,250,232,18
JD-4002,2026-07-04,232,231,1
JD-4002,2026-07-05,231,231,0
JD-4002,2026-07-06,231,219,12
JD-4002,2026-07-07,219,168,51
JD-4002,2026-07-08,168,168,0
JD-4002,2026-07-09,168,168,0
JD-4002,2026-07-10,168,0,168
JD-4002,2026-07-11,0,0,0
JD-4002,2026-07-12,887,887,0
JD-4002,2026-07-13,887,854,33
JD-4002,2026-07-14,854,827,27
JD-4002,2026-07-15,827,814,13
JD-4002,2026-07-16,814,782,32
JD-4002,2026-07-17,782,734,48
JD-4002,2026-07-18,734,734,0
JD-4002,2026-07-19,734,734,0
JD-4002,2026-07-20,734,702,32
JD-4002,2026-07-21,702,702,0
JD-4002,2026-07-22,702,639,63
JD-4002,2026-07-23,639,603,36
JD-4002,2026-07-24,603,603,0
JD-4002,2026-07-25,603,592,11
JD-4002,2026-07-26,592,592,0
JD-4002,2026-07-27,592,592,0
JD-4002,2026-07-28,592,565,27
JD-4002,2026-07-29,565,448,117
JD-4002,2026-07-30,448,424,24
JD-4002,2026-07-31,424,410,14
JD-4002,2026-08-01,410,324,86
JD-4002,2026-08-02,324,324,0
JD-4002,2026-08-03,324,317,7
JD-4002,2026-08-04,317,301,16
JD-4002,2026-08-05,301,261,40
JD-4002,2026-08-06,261,157,104
JD-4002,2026-08-07,157,125,32
JD-4002,2026-08-08,125,113,12
JD-4002,2026-08-09,113,113,0
JD-4002,2026-08-10,113,73,40
JD-4002,2026-08-11,73,32,41
JD-4002,2026-08-12,32,32,0
JD-4002,2026-08-13,32,0,32
JD-4002,2026-08-14,0,0,0
JD-4002,2026-08-15,0,0,0
JD-4002,2026-08-16,0,0,0
JD-4002,2026-08-17,0,0,0
JD-4002,2026-08-18,0,0,0
JD-4002,2026-08-19,0,0,0
JD-4002,2026-08-20,887,851,36
JD-4002,2026-08-21,851,837,14
JD-4002,2026-08-22,837,826,11
JD-4002,2026-08-23,826,826,0
JD-4002,2026-08-24,826,803,23
JD-4002,2026-08-25,803,674,129
JD-4002,2026-08-26,674,653,21
JD-4002,2026-08-27,653,653,0
JD-4002,2026-08-28,653,617,36
JD-4010,2026-05-01,332,332,0
JD-4010,2026-05-02,332,331,1
JD-4010,2026-05-03,331,331,0
JD-4010,2026-05-04,331,323,8
JD-4010,2026-05-05,323,317,6
JD-4010,2026-05-06,317,317,0
JD-4010,2026-05-07,317,316,1
JD-4010,2026-05-08,316,315,1
JD-4010,2026-05-09,315,309,6
JD-4010,2026-05-10,309,309,0
JD-4010,2026-05-11,309,301,8
JD-4010,2026-05-12,301,291,10
JD-4010,2026-05-13,291,278,13
JD-4010,2026-05-14,278,270,8
JD-4010,2026-05-15,270,270,0
JD-4010,2026-05-16,270,270,0
JD-4010,2026-05-17,270,270,0
JD-4010,2026-05-18,270,268,2
JD-4010,2026-05-19,268,265,3
JD-4010,2026-05-20,265,254,11
JD-4010,2026-05-21,254,254,0
JD-4010,2026-05-22,254,251,3
JD-4010,2026-05-23,251,250,1
JD-4010,2026-05-24,250,250,0
JD-4010,2026-05-25,250,246,4
JD-4010,2026-05-26,246,246,0
JD-4010,2026-05-27,246,239,7
JD-4010,2026-05-28,239,238,1
JD-4010,2026-05-29,238,183,55
JD-4010,2026-05-30,183,178,5
JD-4010,2026-05-31,178,178,0
JD-4010,2026-06-01,178,147,31
JD-4010,2026-06-02,147,140,7
JD-4010,2026-06-03,140,138,2
JD-4010,2026-06-04,138,138,0
JD-4010,2026-06-05,138,98,40
JD-4010,2026-06-06,98,98,0
JD-4010,2026-06-07,98,98,0
JD-4010,2026-06-08,98,92,6
JD-4010,2026-06-09,92,89,3
JD-4010,2026-06-10,89,86,3
JD-4010,2026-06-11,86,76,10
JD-4010,2026-06-12,76,76,0
JD-4010,2026-06-13,76,74,2
JD-4010,2026-06-14,74,74,0
JD-4010,2026-06-15,74,69,5
JD-4010,2026-06-16,69,69,0
JD-4010,2026-06-17,69,68,1
JD-4010,2026-06-18,68,61,7
JD-4010,2026-06-19,61,59,2
JD-4010,2026-06-20,59,59,0
JD-4010,2026-06-21,59,59,0
JD-4010,2026-06-22,59,46,13
JD-4010,2026-06-23,46,42,4
JD-4010,2026-06-24,42,42,0
JD-4010,2026-06-25,42,39,3
JD-4010,2026-06-26,39,22,17
JD-4010,2026-06-27,22,18,4
JD-4010,2026-06-28,223,223,0
JD-4010,2026-06-29,223,222,1
JD-4010,2026-06-30,222,213,9
JD-4010,2026-07-01,213,185,28
JD-4010,2026-07-02,185,177,8
JD-4010,2026-07-03,177,160,17
JD-4010,2026-07-04,160,159,1
JD-4010,2026-07-05,159,159,0
JD-4010,2026-07-06,159,152,7
JD-4010,2026-07-07,152,152,0
JD-4010,2026-07-08,152,139,13
JD-4010,2026-07-09,139,136,3
JD-4010,2026-07-10,136,119,17
JD-4010,2026-07-11,119,114,5
JD-4010,2026-07-12,114,114,0
JD-4010,2026-07-13,114,111,3
JD-4010,2026-07-14,111,104,7
JD-4010,2026-07-15,104,88,16
JD-4010,2026-07-16,88,86,2
JD-4010,2026-07-17,86,75,11
JD-4010,2026-07-18,75,74,1
JD-4010,2026-07-19,74,74,0
JD-4010,2026-07-20,74,74,0
JD-4010,2026-07-21,74,72,2
JD-4010,2026-07-22,72,71,1
JD-4010,2026-07-23,71,68,3
JD-4010,2026-07-24,68,68,0
JD-4010,2026-07-25,68,68,0
JD-4010,2026-07-26,68,68,0
JD-4010,2026-07-27,68,56,12
JD-4010,2026-07-28,56,38,18
JD-4010,2026-07-29,38,32,6
JD-4010,2026-07-30,32,15,17
JD-4010,2026-07-31,15,0,15
JD-4010,2026-08-01,0,0,0
JD-4010,2026-08-02,0,0,0
JD-4010,2026-08-03,0,0,0
JD-4010,2026-08-04,0,0,0
JD-4010,2026-08-05,0,0,0
JD-4010,2026-08-06,0,0,0
JD-4010,2026-08-07,204,199,5
JD-4010,2026-08-08,199,198,1
JD-4010,2026-08-09,198,198,0
JD-4010,2026-08-10,198,154,44
JD-4010,2026-08-11,154,147,7
JD-4010,2026-08-12,147,145,2
JD-4010,2026-08-13,145,143,2
JD-4010,2026-08-14,143,140,3
JD-4010,2026-08-15,140,138,2
JD-4010,2026-08-16,138,138,0
JD-4010,2026-08-17,138,130,8
JD-4010,2026-08-18,130,130,0
JD-4010,2026-08-19,130,124,6
JD-4010,2026-08-20,124,109,15
JD-4010,2026-08-21,109,109,0
JD-4010,2026-08-22,109,106,3
JD-4010,2026-08-23,106,106,0
JD-4010,2026-08-24,106,103,3
JD-4010,2026-08-25,103,52,51
JD-4010,2026-08-26,52,26,26
JD-4010,2026-08-27,26,14,12
JD-4010,2026-08-28,14,13,1
RG-5001,2026-05-01,835,835,0
RG-5001,2026-05-02,835,831,4
RG-5001,2026-05-03,831,831,0
RG-5001,2026-05-04,831,831,0
RG-5001,2026-05-05,831,815,16
RG-5001,2026-05-06,815,773,42
RG-5001,2026-05-07,773,766,7
RG-5001,2026-05-08,766,757,9
RG-5001,2026-05-09,757,754,3
RG-5001,2026-05-10,754,754,0
RG-5001,2026-05-11,754,749,5
RG-5001,2026-05-12,749,735,14
RG-5001,2026-05-13,735,729,6
RG-5001,2026-05-14,729,718,11
RG-5001,2026-05-15,718,686,32
RG-5001,2026-05-16,686,686,0
RG-5001,2026-05-17,686,686,0
RG-5001,2026-05-18,686,659,27
RG-5001,2026-05-19,659,631,28
RG-5001,2026-05-20,631,616,15
RG-5001,2026-05-21,616,605,11
RG-5001,2026-05-22,605,596,9
RG-5001,2026-05-23,596,590,6
RG-5001,2026-05-24,590,590,0
RG-5001,2026-05-25,590,587,3
RG-5001,2026-05-26,587,573,14
RG-5001,2026-05-27,573,565,8
RG-5001,2026-05-28,565,565,0
RG-5001,2026-05-29,565,467,98
RG-5001,2026-05-30,467,441,26
RG-5001,2026-05-31,441,441,0
RG-5001,2026-06-01,441,427,14
RG-5001,2026-06-02,427,416,11
RG-5001,2026-06-03,416,379,37
RG-5001,2026-06-04,379,379,0
RG-5001,2026-06-05,379,375,4
RG-5001,2026-06-06,375,370,5
RG-5001,2026-06-07,370,370,0
RG-5001,2026-06-08,370,363,7
RG-5001,2026-06-09,363,356,7
RG-5001,2026-06-10,356,356,0
RG-5001,2026-06-11,356,343,13
RG-5001,2026-06-12,343,333,10
RG-5001,2026-06-13,333,331,2
RG-5001,2026-06-14,331,331,0
RG-5001,2026-06-15,331,292,39
RG-5001,2026-06-16,292,268,24
RG-5001,2026-06-17,268,261,7
RG-5001,2026-06-18,261,259,2
RG-5001,2026-06-19,259,238,21
RG-5001,2026-06-20,916,916,0
RG-5001,2026-06-21,916,916,0
RG-5001,2026-06-22,916,894,22
RG-5001,2026-06-23,894,847,47
RG-5001,2026-06-24,847,820,27
RG-5001,2026-06-25,820,803,17
RG-5001,2026-06-26,803,790,13
RG-5001,2026-06-27,790,660,130
RG-5001,2026-06-28,660,660,0
RG-5001,2026-06-29,660,652,8
RG-5001,2026-06-30,652,635,17
RG-5001,2026-07-01,635,632,3
RG-5001,2026-07-02,632,627,5
RG-5001,2026-07-03,627,612,15
RG-5001,2026-07-04,612,570,42
RG-5001,2026-07-05,570,570,0
RG-5001,2026-07-06,570,570,0
RG-5001,2026-07-07,570,554,16
RG-5001,2026-07-08,554,554,0
RG-5001,2026-07-09,554,554,0
RG-5001,2026-07-10,554,540,14
RG-5001,2026-07-11,540,536,4
RG-5001,2026-07-12,536,536,0
RG-5001,2026-07-13,536,489,47
RG-5001,2026-07-14,489,460,29
RG-5001,2026-07-15,460,429,31
RG-5001,2026-07-16,429,376,53
RG-5001,2026-07-17,376,297,79
RG-5001,2026-07-18,297,296,1
RG-5001,2026-07-19,296,296,0
RG-5001,2026-07-20,296,296,0
RG-5001,2026-07-21,296,285,11
RG-5001,2026-07-22,285,250,35
RG-5001,2026-07-23,250,244,6
RG-5001,2026-07-24,244,219,25
RG-5001,2026-07-25,219,213,6
RG-5001,2026-07-26,213,213,0
RG-5001,2026-07-27,213,210,3
RG-5001,2026-07-28,210,0,210
RG-5001,2026-07-29,0,0,0
RG-5001,2026-07-30,0,0,0
RG-5001,2026-07-31,0,0,0
RG-5001,2026-08-01,0,0,0
RG-5001,2026-08-02,0,0,0
RG-5001,2026-08-03,0,0,0
RG-5001,2026-08-04,0,0,0
RG-5001,2026-08-05,678,678,0
RG-5001,2026-08-06,678,661,17
RG-5001,2026-08-07,661,661,0
RG-5001,2026-08-08,661,657,4
RG-5001,2026-08-09,657,657,0
RG-5001,2026-08-10,657,625,32
RG-5001,2026-08-11,625,590,35
RG-5001,2026-08-12,590,514,76
RG-5001,2026-08-13,514,462,52
RG-5001,2026-08-14,462,391,71
RG-5001,2026-08-15,391,389,2
RG-5001,2026-08-16,389,389,0
RG-5001,2026-08-17,389,384,5
RG-5001,2026-08-18,384,336,48
RG-5001,2026-08-19,336,323,13
RG-5001,2026-08-20,323,323,0
RG-5001,2026-08-21,323,269,54
RG-5001,2026-08-22,269,240,29
RG-5001,2026-08-23,240,240,0
RG-5001,2026-08-24,240,239,1
RG-5001,2026-08-25,239,239,0
RG-5001,2026-08-26,239,203,36
RG-5001,2026-08-27,203,198,5
RG-5001,2026-08-28,198,172,26
RG-5002,2026-05-01,606,606,0
RG-5002,2026-05-02,606,606,0
RG-5002,2026-05-03,606,606,0
RG-5002,2026-05-04,606,564,42
RG-5002,2026-05-05,564,561,3
RG-5002,2026-05-06,561,552,9
RG-5002,2026-05-07,552,512,40
RG-5002,2026-05-08,512,492,20
RG-5002,2026-05-09,492,490,2
RG-5002,2026-05-10,490,490,0
RG-5002,2026-05-11,490,438,52
RG-5002,2026-05-12,438,431,7
RG-5002,2026-05-13,431,392,39
RG-5002,2026-05-14,392,384,8
RG-5002,2026-05-15,384,382,2
RG-5002,2026-05-16,382,376,6
RG-5002,2026-05-17,376,376,0
RG-5002,2026-05-18,376,364,12
RG-5002,2026-05-19,364,351,13
RG-5002,2026-05-20,351,351,0
RG-5002,2026-05-21,351,346,5
RG-5002,2026-05-22,346,310,36
RG-5002,2026-05-23,310,301,9
RG-5002,2026-05-24,301,301,0
RG-5002,2026-05-25,301,292,9
RG-5002,2026-05-26,292,285,7
RG-5002,2026-05-27,285,196,89
RG-5002,2026-05-28,196,167,29
RG-5002,2026-05-29,167,98,69
RG-5002,2026-05-30,98,50,48
RG-5002,2026-05-31,50,50,0
RG-5002,2026-06-01,50,50,0
RG-5002,2026-06-02,50,34,16
RG-5002,2026-06-03,456,449,7
RG-5002,2026-06-04,449,448,1
RG-5002,2026-06-05,448,402,46
RG-5002,2026-06-06,402,388,14
RG-5002,2026-06-07,388,388,0
RG-5002,2026-06-08,388,388,0
RG-5002,2026-06-09,388,383,5
RG-5002,2026-06-10,383,367,16
RG-5002,2026-06-11,367,329,38
RG-5002,2026-06-12,329,327,2
RG-5002,2026-06-13,327,320,7
RG-5002,2026-06-14,320,320,0
RG-5002,2026-06-15,320,320,0
RG-5002,2026-06-16,320,317,3
RG-5002,2026-06-17,317,276,41
RG-5002,2026-06-18,276,244,32
RG-5002,2026-06-19,244,228,16
RG-5002,2026-06-20,228,223,5
RG-5002,2026-06-21,223,223,0
RG-5002,2026-06-22,223,201,22
RG-5002,2026-06-23,201,179,22
RG-5002,2026-06-24,179,150,29
RG-5002,2026-06-25,150,143,7
RG-5002,2026-06-26,143,118,25
RG-5002,2026-06-27,540,534,6
RG-5002,2026-06-28,534,534,0
RG-5002,2026-06-29,534,534,0
RG-5002,2026-06-30,534,507,27
RG-5002,2026-07-01,507,493,14
RG-5002,2026-07-02,493,479,14
RG-5002,2026-07-03,479,469,10
RG-5002,2026-07-04,469,459,10
RG-5002,2026-07-05,459,459,0
RG-5002,2026-07-06,459,454,5
RG-5002,2026-07-07,454,441,13
RG-5002,2026-07-08,441,422,19
RG-5002,2026-07-09,422,422,0
RG-5002,2026-07-10,422,399,23
RG-5002,2026-07-11,399,383,16
RG-5002,2026-07-12,383,383,0
RG-5002,2026-07-13,383,366,17
RG-5002,2026-07-14,366,309,57
RG-5002,2026-07-15,309,249,60
RG-5002,2026-07-16,249,228,21
RG-5002,2026-07-17,228,197,31
RG-5002,2026-07-18,197,196,1
RG-5002,2026-07-19,196,196,0
RG-5002,2026-07-20,196,110,86
RG-5002,2026-07-21,110,105,5
RG-5002,2026-07-22,105,98,7
RG-5002,2026-07-23,98,88,10
RG-5002,2026-07-24,88,74,14
RG-5002,2026-07-25,74,68,6
RG-5002,2026-07-26,68,68,0
RG-5002,2026-07-27,68,56,12
RG-5002,2026-07-28,56,37,19
RG-5002,2026-07-29,37,0,37
RG-5002,2026-07-30,0,0,0
RG-5002,2026-07-31,422,396,26
RG-5002,2026-08-01,396,385,11
RG-5002,2026-08-02,385,385,0
RG-5002,2026-08-03,385,383,2
RG-5002,2026-08-04,383,375,8
RG-5002,2026-08-05,375,325,50
RG-5002,2026-08-06,325,310,15
RG-5002,2026-08-07,310,301,9
RG-5002,2026-08-08,301,218,83
RG-5002,2026-08-09,218,218,0
RG-5002,2026-08-10,218,212,6
RG-5002,2026-08-11,212,210,2
RG-5002,2026-08-12,210,135,75
RG-5002,2026-08-13,135,131,4
RG-5002,2026-08-14,131,84,47
RG-5002,2026-08-15,84,81,3
RG-5002,2026-08-16,81,81,0
RG-5002,2026-08-17,81,79,2
RG-5002,2026-08-18,79,64,15
RG-5002,2026-08-19,64,57,7
RG-5002,2026-08-20,57,57,0
RG-5002,2026-08-21,57,40,17
RG-5002,2026-08-22,40,40,0
RG-5002,2026-08-23,40,40,0
RG-5002,2026-08-24,40,38,2
RG-5002,2026-08-25,38,38,0
RG-5002,2026-08-26,38,32,6
RG-5002,2026-08-27,32,32,0
RG-5002,2026-08-28,453,433,20
RG-5003,2026-05-01,270,270,0
RG-5003,2026-05-02,270,264,6
RG-5003,2026-05-03,264,264,0
RG-5003,2026-05-04,264,254,10
RG-5003,2026-05-05,254,254,0
RG-5003,2026-05-06,254,215,39
RG-5003,2026-05-07,215,214,1
RG-5003,2026-05-08,214,205,9
RG-5003,2026-05-09,205,205,0
RG-5003,2026-05-10,205,205,0
RG-5003,2026-05-11,205,194,11
RG-5003,2026-05-12,194,179,15
RG-5003,2026-05-13,179,170,9
RG-5003,2026-05-14,170,165,5
RG-5003,2026-05-15,165,165,0
RG-5003,2026-05-16,165,160,5
RG-5003,2026-05-17,160,160,0
RG-5003,2026-05-18,160,135,25
RG-5003,2026-05-19,135,104,31
RG-5003,2026-05-20,104,95,9
RG-5003,2026-05-21,95,75,20
RG-5003,2026-05-22,75,75,0
RG-5003,2026-05-23,75,65,10
RG-5003,2026-05-24,65,65,0
RG-5003,2026-05-25,65,59,6
RG-5003,2026-05-26,59,52,7
RG-5003,2026-05-27,52,40,12
RG-5003,2026-05-28,40,33,7
RG-5003,2026-05-29,33,19,14
RG-5003,2026-05-30,19,12,7
RG-5003,2026-05-31,12,12,0
RG-5003,2026-06-01,12,0,12
RG-5003,2026-06-02,0,0,0
RG-5003,2026-06-03,0,0,0
RG-5003,2026-06-04,0,0,0
RG-5003,2026-06-05,0,0,0
RG-5003,2026-06-06,0,0,0
RG-5003,2026-06-07,0,0,0
RG-5003,2026-06-08,0,0,0
RG-5003,2026-06-09,0,0,0
RG-5003,2026-06-10,0,0,0
RG-5003,2026-06-11,0,0,0
RG-5003,2026-06-12,0,0,0
RG-5003,2026-06-13,0,0,0
RG-5003,2026-06-14,305,305,0
RG-5003,2026-06-15,305,297,8
RG-5003,2026-06-16,297,267,30
RG-5003,2026-06-17,267,252,15
RG-5003,2026-06-18,252,249,3
RG-5003,2026-06-19,249,232,17
RG-5003,2026-06-20,232,227,5
RG-5003,2026-06-21,227,227,0
RG-5003,2026-06-22,227,221,6
RG-5003,2026-06-23,221,191,30
RG-5003,2026-06-24,191,191,0
RG-5003,2026-06-25,191,188,3
RG-5003,2026-06-26,188,151,37
RG-5003,2026-06-27,151,145,6
RG-5003,2026-06-28,145,145,0
RG-5003,2026-06-29,145,138,7
RG-5003,2026-06-30,138,134,4
RG-5003,2026-07-01,134,132,2
RG-5003,2026-07-02,132,132,0
RG-5003,2026-07-03,132,132,0
RG-5003,2026-07-04,132,130,2
RG-5003,2026-07-05,130,130,0
RG-5003,2026-07-06,130,120,10
RG-5003,2026-07-07,120,120,0
RG-5003,2026-07-08,120,113,7
RG-5003,2026-07-09,113,112,1
RG-5003,2026-07-10,112,111,1
RG-5003,2026-07-11,111,109,2
RG-5003,2026-07-12,109,109,0
RG-5003,2026-07-13,109,109,0
RG-5003,2026-07-14,109,106,3
RG-5003,2026-07-15,106,106,0
RG-5003,2026-07-16,106,76,30
RG-5003,2026-07-17,76,76,0
RG-5003,2026-07-18,76,73,3
RG-5003,2026-07-19,73,73,0
RG-5003,2026-07-20,73,71,2
RG-5003,2026-07-21,71,69,2
RG-5003,2026-07-22,69,68,1
RG-5003,2026-07-23,68,50,18
RG-5003,2026-07-24,50,16,34
RG-5003,2026-07-25,16,11,5
RG-5003,2026-07-26,11,11,0
RG-5003,2026-07-27,11,5,6
RG-5003,2026-07-28,5,0,5
RG-5003,2026-07-29,0,0,0
RG-5003,2026-07-30,0,0,0
RG-5003,2026-07-31,0,0,0
RG-5003,2026-08-01,0,0,0
RG-5003,2026-08-02,0,0,0
RG-5003,2026-08-03,0,0,0
RG-5003,2026-08-04,305,292,13
RG-5003,2026-08-05,292,291,1
RG-5003,2026-08-06,291,290,1
RG-5003,2026-08-07,290,288,2
RG-5003,2026-08-08,288,286,2
RG-5003,2026-08-09,286,286,0
RG-5003,2026-08-10,286,286,0
RG-5003,2026-08-11,286,286,0
RG-5003,2026-08-12,286,272,14
RG-5003,2026-08-13,272,266,6
RG-5003,2026-08-14,266,203,63
RG-5003,2026-08-15,203,203,0
RG-5003,2026-08-16,203,203,0
RG-5003,2026-08-17,203,203,0
RG-5003,2026-08-18,203,202,1
RG-5003,2026-08-19,202,197,5
RG-5003,2026-08-20,197,197,0
RG-5003,2026-08-21,197,169,28
RG-5003,2026-08-22,169,169,0
RG-5003,2026-08-23,169,169,0
RG-5003,2026-08-24,169,158,11
RG-5003,2026-08-25,158,148,10
RG-5003,2026-08-26,148,141,7
RG-5003,2026-08-27,141,109,32
RG-5003,2026-08-28,109,95,14
RG-5010,2026-05-01,158,158,0
RG-5010,2026-05-02,158,158,0
RG-5010,2026-05-03,158,158,0
RG-5010,2026-05-04,158,147,11
RG-5010,2026-05-05,147,145,2
RG-5010,2026-05-06,145,142,3
RG-5010,2026-05-07,142,131,11
RG-5010,2026-05-08,131,120,11
RG-5010,2026-05-09,120,120,0
RG-5010,2026-05-10,120,120,0
RG-5010,2026-05-11,120,118,2
RG-5010,2026-05-12,118,113,5
RG-5010,2026-05-13,113,107,6
RG-5010,2026-05-14,107,94,13
RG-5010,2026-05-15,94,92,2
RG-5010,2026-05-16,92,92,0
RG-5010,2026-05-17,92,92,0
RG-5010,2026-05-18,92,87,5
RG-5010,2026-05-19,87,76,11
RG-5010,2026-05-20,76,47,29
RG-5010,2026-05-21,47,39,8
RG-5010,2026-05-22,39,34,5
RG-5010,2026-05-23,34,30,4
RG-5010,2026-05-24,30,30,0
RG-5010,2026-05-25,30,26,4
RG-5010,2026-05-26,26,19,7
RG-5010,2026-05-27,19,14,5
RG-5010,2026-05-28,14,11,3
RG-5010,2026-05-29,11,11,0
RG-5010,2026-05-30,11,5,6
RG-5010,2026-05-31,5,5,0
RG-5010,2026-06-01,5,0,5
RG-5010,2026-06-02,0,0,0
RG-5010,2026-06-03,0,0,0
RG-5010,2026-06-04,0,0,0
RG-5010,2026-06-05,0,0,0
RG-5010,2026-06-06,0,0,0
RG-5010,2026-06-07,0,0,0
RG-5010,2026-06-08,213,204,9
RG-5010,2026-06-09,204,199,5
RG-5010,2026-06-10,199,197,2
RG-5010,2026-06-11,197,152,45
RG-5010,2026-06-12,152,151,1
RG-5010,2026-06-13,151,151,0
RG-5010,2026-06-14,151,151,0
RG-5010,2026-06-15,151,149,2
RG-5010,2026-06-16,149,149,0
RG-5010,2026-06-17,149,143,6
RG-5010,2026-06-18,143,140,3
RG-5010,2026-06-19,140,128,12
RG-5010,2026-06-20,128,127,1
RG-5010,2026-06-21,127,127,0
RG-5010,2026-06-22,127,115,12
RG-5010,2026-06-23,115,8,107
RG-5010,2026-06-24,8,0,8
RG-5010,2026-06-25,0,0,0
RG-5010,2026-06-26,0,0,0
RG-5010,2026-06-27,0,0,0
RG-5010,2026-06-28,0,0,0
RG-5010,2026-06-29,0,0,0
RG-5010,2026-06-30,0,0,0
RG-5010,2026-07-01,0,0,0
RG-5010,2026-07-02,0,0,0
RG-5010,2026-07-03,0,0,0
RG-5010,2026-07-04,0,0,0
RG-5010,2026-07-05,0,0,0
RG-5010,2026-07-06,0,0,0
RG-5010,2026-07-07,0,0,0
RG-5010,2026-07-08,213,209,4
RG-5010,2026-07-09,209,209,0
RG-5010,2026-07-10,209,207,2
RG-5010,2026-07-11,207,207,0
RG-5010,2026-07-12,207,207,0
RG-5010,2026-07-13,207,207,0
RG-5010,2026-07-14,207,201,6
RG-5010,2026-07-15,201,200,1
RG-5010,2026-07-16,200,195,5
RG-5010,2026-07-17,195,184,11
RG-5010,2026-07-18,184,184,0
RG-5010,2026-07-19,184,184,0
RG-5010,2026-07-20,184,180,4
RG-5010,2026-07-21,180,174,6
RG-5010,2026-07-22,174,169,5
RG-5010,2026-07-23,169,166,3
RG-5010,2026-07-24,166,162,4
RG-5010,2026-07-25,162,161,1
RG-5010,2026-07-26,161,161,0
RG-5010,2026-07-27,161,160,1
RG-5010,2026-07-28,160,160,0
RG-5010,2026-07-29,160,148,12
RG-5010,2026-07-30,148,144,4
RG-5010,2026-07-31,144,144,0
RG-5010,2026-08-01,144,144,0
RG-5010,2026-08-02,144,144,0
RG-5010,2026-08-03,144,142,2
RG-5010,2026-08-04,142,139,3
RG-5010,2026-08-05,139,132,7
RG-5010,2026-08-06,132,86,46
RG-5010,2026-08-07,86,84,2
RG-5010,2026-08-08,84,83,1
RG-5010,2026-08-09,83,83,0
RG-5010,2026-08-10,83,79,4
RG-5010,2026-08-11,79,75,4
RG-5010,2026-08-12,75,72,3
RG-5010,2026-08-13,72,72,0
RG-5010,2026-08-14,72,72,0
RG-5010,2026-08-15,72,70,2
RG-5010,2026-08-16,70,70,0
RG-5010,2026-08-17,70,68,2
RG-5010,2026-08-18,68,67,1
RG-5010,2026-08-19,281,268,13
RG-5010,2026-08-20,268,267,1
RG-5010,2026-08-21,267,251,16
RG-5010,2026-08-22,251,249,2
RG-5010,2026-08-23,249,249,0
RG-5010,2026-08-24,249,247,2
RG-5010,2026-08-25,247,246,1
RG-5010,2026-08-26,246,245,1
RG-5010,2026-08-27,245,239,6
RG-5010,2026-08-28,239,238,1
RG-5020,2026-05-01,1337,1337,0
RG-5020,2026-05-02,1337,1229,108
RG-5020,2026-05-03,1229,1229,0
RG-5020,2026-05-04,1229,1127,102
RG-5020,2026-05-05,1127,1111,16
RG-5020,2026-05-06,1111,1111,0
RG-5020,2026-05-07,1111,1091,20
RG-5020,2026-05-08,1091,1053,38
RG-5020,2026-05-09,1053,1049,4
RG-5020,2026-05-10,1049,1049,0
RG-5020,2026-05-11,1049,990,59
RG-5020,2026-05-12,990,970,20
RG-5020,2026-05-13,970,956,14
RG-5020,2026-05-14,956,908,48
RG-5020,2026-05-15,908,896,12
RG-5020,2026-05-16,896,882,14
RG-5020,2026-05-17,882,882,0
RG-5020,2026-05-18,882,874,8
RG-5020,2026-05-19,874,862,12
RG-5020,2026-05-20,862,797,65
RG-5020,2026-05-21,797,791,6
RG-5020,2026-05-22,791,513,278
RG-5020,2026-05-23,513,512,1
RG-5020,2026-05-24,512,512,0
RG-5020,2026-05-25,512,508,4
RG-5020,2026-05-26,508,505,3
RG-5020,2026-05-27,505,462,43
RG-5020,2026-05-28,462,439,23
RG-5020,2026-05-29,439,309,130
RG-5020,2026-05-30,309,309,0
RG-5020,2026-05-31,309,309,0
RG-5020,2026-06-01,309,306,3
RG-5020,2026-06-02,306,277,29
RG-5020,2026-06-03,277,259,18
RG-5020,2026-06-04,259,259,0
RG-5020,2026-06-05,259,251,8
RG-5020,2026-06-06,251,250,1
RG-5020,2026-06-07,250,250,0
RG-5020,2026-06-08,250,250,0
RG-5020,2026-06-09,250,240,10
RG-5020,2026-06-10,240,215,25
RG-5020,2026-06-11,215,160,55
RG-5020,2026-06-12,160,108,52
RG-5020,2026-06-13,108,100,8
RG-5020,2026-06-14,100,100,0
RG-5020,2026-06-15,100,92,8
RG-5020,2026-06-16,92,72,20
RG-5020,2026-06-17,72,69,3
RG-5020,2026-06-18,69,54,15
RG-5020,2026-06-19,54,17,37
RG-5020,2026-06-20,894,800,94
RG-5020,2026-06-21,800,800,0
RG-5020,2026-06-22,800,748,52
RG-5020,2026-06-23,748,734,14
RG-5020,2026-06-24,734,692,42
RG-5020,2026-06-25,692,340,352
RG-5020,2026-06-26,340,340,0
RG-5020,2026-06-27,340,210,130
RG-5020,2026-06-28,210,210,0
RG-5020,2026-06-29,210,193,17
RG-5020,2026-06-30,193,182,11
RG-5020,2026-07-01,182,0,182
RG-5020,2026-07-02,0,0,0
RG-5020,2026-07-03,0,0,0
RG-5020,2026-07-04,0,0,0
RG-5020,2026-07-05,0,0,0
RG-5020,2026-07-06,0,0,0
RG-5020,2026-07-07,0,0,0
RG-5020,2026-07-08,0,0,0
RG-5020,2026-07-09,0,0,0
RG-5020,2026-07-10,0,0,0
RG-5020,2026-07-11,0,0,0
RG-5020,2026-07-12,878,878,0
RG-5020,2026-07-13,878,851,27
RG-5020,2026-07-14,851,747,104
RG-5020,2026-07-15,747,668,79
RG-5020,2026-07-16,668,608,60
RG-5020,2026-07-17,608,605,3
RG-5020,2026-07-18,605,605,0
RG-5020,2026-07-19,605,605,0
RG-5020,2026-07-20,605,579,26
RG-5020,2026-07-21,579,541,38
RG-5020,2026-07-22,541,457,84
RG-5020,2026-07-23,457,449,8
RG-5020,2026-07-24,449,442,7
RG-5020,2026-07-25,442,426,16
RG-5020,2026-07-26,426,426,0
RG-5020,2026-07-27,426,411,15
RG-5020,2026-07-28,411,411,0
RG-5020,2026-07-29,411,368,43
RG-5020,2026-07-30,368,368,0
RG-5020,2026-07-31,368,367,1
RG-5020,2026-08-01,367,129,238
RG-5020,2026-08-02,129,129,0
RG-5020,2026-08-03,129,92,37
RG-5020,2026-08-04,92,72,20
RG-5020,2026-08-05,72,37,35
RG-5020,2026-08-06,37,37,0
RG-5020,2026-08-07,37,0,37
RG-5020,2026-08-08,0,0,0
RG-5020,2026-08-09,0,0,0
RG-5020,2026-08-10,0,0,0
RG-5020,2026-08-11,0,0,0
RG-5020,2026-08-12,0,0,0
RG-5020,2026-08-13,878,694,184
RG-5020,2026-08-14,694,641,53
RG-5020,2026-08-15,641,619,22
RG-5020,2026-08-16,619,619,0
RG-5020,2026-08-17,619,619,0
RG-5020,2026-08-18,619,578,41
RG-5020,2026-08-19,578,537,41
RG-5020,2026-08-20,537,532,5
RG-5020,2026-08-21,532,478,54
RG-5020,2026-08-22,478,460,18
RG-5020,2026-08-23,460,460,0
RG-5020,2026-08-24,460,433,27
RG-5020,2026-08-25,433,323,110
RG-5020,2026-08-26,323,307,16
RG-5020,2026-08-27,307,296,11
RG-5020,2026-08-28,296,292,4
SP-6001,2026-05-01,551,551,0
SP-6001,2026-05-02,551,544,7
SP-6001,2026-05-03,544,544,0
SP-6001,2026-05-04,544,521,23
SP-6001,2026-05-05,521,509,12
SP-6001,2026-05-06,509,505,4
SP-6001,2026-05-07,505,498,7
SP-6001,2026-05-08,498,498,0
SP-6001,2026-05-09,498,498,0
SP-6001,2026-05-10,498,498,0
SP-6001,2026-05-11,498,465,33
SP-6001,2026-05-12,465,462,3
SP-6001,2026-05-13,462,454,8
SP-6001,2026-05-14,454,441,13
SP-6001,2026-05-15,441,418,23
SP-6001,2026-05-16,418,414,4
SP-6001,2026-05-17,414,414,0
SP-6001,2026-05-18,414,357,57
SP-6001,2026-05-19,357,244,113
SP-6001,2026-05-20,244,209,35
SP-6001,2026-05-21,209,202,7
SP-6001,2026-05-22,202,199,3
SP-6001,2026-05-23,199,199,0
SP-6001,2026-05-24,199,199,0
SP-6001,2026-05-25,199,179,20
SP-6001,2026-05-26,179,102,77
SP-6001,2026-05-27,102,94,8
SP-6001,2026-05-28,94,66,28
SP-6001,2026-05-29,66,7,59
SP-6001,2026-05-30,7,0,7
SP-6001,2026-05-31,0,0,0
SP-6001,2026-06-01,0,0,0
SP-6001,2026-06-02,0,0,0
SP-6001,2026-06-03,0,0,0
SP-6001,2026-06-04,0,0,0
SP-6001,2026-06-05,0,0,0
SP-6001,2026-06-06,0,0,0
SP-6001,2026-06-07,0,0,0
SP-6001,2026-06-08,0,0,0
SP-6001,2026-06-09,0,0,0
SP-6001,2026-06-10,0,0,0
SP-6001,2026-06-11,700,694,6
SP-6001,2026-06-12,694,652,42
SP-6001,2026-06-13,652,651,1
SP-6001,2026-06-14,651,651,0
SP-6001,2026-06-15,651,559,92
SP-6001,2026-06-16,559,536,23
SP-6001,2026-06-17,536,500,36
SP-6001,2026-06-18,500,484,16
SP-6001,2026-06-19,484,484,0
SP-6001,2026-06-20,484,481,3
SP-6001,2026-06-21,481,481,0
SP-6001,2026-06-22,481,467,14
SP-6001,2026-06-23,467,467,0
SP-6001,2026-06-24,467,444,23
SP-6001,2026-06-25,444,426,18
SP-6001,2026-06-26,426,412,14
SP-6001,2026-06-27,412,412,0
SP-6001,2026-06-28,412,412,0
SP-6001,2026-06-29,412,373,39
SP-6001,2026-06-30,373,368,5
SP-6001,2026-07-01,368,168,200
SP-6001,2026-07-02,168,131,37
SP-6001,2026-07-03,131,98,33
SP-6001,2026-07-04,98,87,11
SP-6001,2026-07-05,87,87,0
SP-6001,2026-07-06,87,76,11
SP-6001,2026-07-07,76,45,31
SP-6001,2026-07-08,45,27,18
SP-6001,2026-07-09,27,27,0
SP-6001,2026-07-10,27,18,9
SP-6001,2026-07-11,18,4,14
SP-6001,2026-07-12,4,4,0
SP-6001,2026-07-13,4,0,4
SP-6001,2026-07-14,0,0,0
SP-6001,2026-07-15,0,0,0
SP-6001,2026-07-16,0,0,0
SP-6001,2026-07-17,0,0,0
SP-6001,2026-07-18,0,0,0
SP-6001,2026-07-19,0,0,0
SP-6001,2026-07-20,0,0,0
SP-6001,2026-07-21,0,0,0
SP-6001,2026-07-22,0,0,0
SP-6001,2026-07-23,0,0,0
SP-6001,2026-07-24,700,688,12
SP-6001,2026-07-25,688,681,7
SP-6001,2026-07-26,681,681,0
SP-6001,2026-07-27,681,640,41
SP-6001,2026-07-28,640,575,65
SP-6001,2026-07-29,575,376,199
SP-6001,2026-07-30,376,343,33
SP-6001,2026-07-31,343,315,28
SP-6001,2026-08-01,315,312,3
SP-6001,2026-08-02,312,312,0
SP-6001,2026-08-03,312,311,1
SP-6001,2026-08-04,311,174,137
SP-6001,2026-08-05,174,174,0
SP-6001,2026-08-06,174,113,61
SP-6001,2026-08-07,113,112,1
SP-6001,2026-08-08,112,102,10
SP-6001,2026-08-09,102,102,0
SP-6001,2026-08-10,102,77,25
SP-6001,2026-08-11,77,69,8
SP-6001,2026-08-12,69,69,0
SP-6001,2026-08-13,69,54,15
SP-6001,2026-08-14,54,46,8
SP-6001,2026-08-15,46,32,14
SP-6001,2026-08-16,32,32,0
SP-6001,2026-08-17,32,23,9
SP-6001,2026-08-18,723,694,29
SP-6001,2026-08-19,694,656,38
SP-6001,2026-08-20,656,648,8
SP-6001,2026-08-21,648,646,2
SP-6001,2026-08-22,646,642,4
SP-6001,2026-08-23,642,642,0
SP-6001,2026-08-24,642,628,14
SP-6001,2026-08-25,628,549,79
SP-6001,2026-08-26,549,515,34
SP-6001,2026-08-27,515,488,27
SP-6001,2026-08-28,488,468,20
SP-6002,2026-05-01,551,551,0
SP-6002,2026-05-02,551,549,2
SP-6002,2026-05-03,549,549,0
SP-6002,2026-05-04,549,516,33
SP-6002,2026-05-05,516,504,12
SP-6002,2026-05-06,504,502,2
SP-6002,2026-05-07,502,501,1
SP-6002,2026-05-08,501,482,19
SP-6002,2026-05-09,482,482,0
SP-6002,2026-05-10,482,482,0
SP-6002,2026-05-11,482,458,24
SP-6002,2026-05-12,458,457,1
SP-6002,2026-05-13,457,402,55
SP-6002,2026-05-14,402,395,7
SP-6002,2026-05-15,395,365,30
SP-6002,2026-05-16,365,365,0
SP-6002,2026-05-17,365,365,0
SP-6002,2026-05-18,365,341,24
SP-6002,2026-05-19,341,335,6
SP-6002,2026-05-20,335,282,53
SP-6002,2026-05-21,282,278,4
SP-6002,2026-05-22,278,274,4
SP-6002,2026-05-23,274,264,10
SP-6002,2026-05-24,264,264,0
SP-6002,2026-05-25,264,256,8
SP-6002,2026-05-26,256,224,32
SP-6002,2026-05-27,224,214,10
SP-6002,2026-05-28,214,209,5
SP-6002,2026-05-29,209,161,48
SP-6002,2026-05-30,161,153,8
SP-6002,2026-05-31,153,153,0
SP-6002,2026-06-01,153,120,33
SP-6002,2026-06-02,120,117,3
SP-6002,2026-06-03,117,106,11
SP-6002,2026-06-04,106,106,0
SP-6002,2026-06-05,106,106,0
SP-6002,2026-06-06,106,84,22
SP-6002,2026-06-07,84,84,0
SP-6002,2026-06-08,84,83,1
SP-6002,2026-06-09,83,78,5
SP-6002,2026-06-10,78,65,13
SP-6002,2026-06-11,65,37,28
SP-6002,2026-06-12,365,357,8
SP-6002,2026-06-13,357,357,0
SP-6002,2026-06-14,357,357,0
SP-6002,2026-06-15,357,322,35
SP-6002,2026-06-16,322,322,0
SP-6002,2026-06-17,322,308,14
SP-6002,2026-06-18,308,305,3
SP-6002,2026-06-19,305,296,9
SP-6002,2026-06-20,296,296,0
SP-6002,2026-06-21,296,296,0
SP-6002,2026-06-22,296,275,21
SP-6002,2026-06-23,275,221,54
SP-6002,2026-06-24,221,219,2
SP-6002,2026-06-25,219,219,0
SP-6002,2026-06-26,219,183,36
SP-6002,2026-06-27,183,177,6
SP-6002,2026-06-28,177,177,0
SP-6002,2026-06-29,177,167,10
SP-6002,2026-06-30,167,122,45
SP-6002,2026-07-01,122,120,2
SP-6002,2026-07-02,120,114,6
SP-6002,2026-07-03,114,105,9
SP-6002,2026-07-04,105,105,0
SP-6002,2026-07-05,105,105,0
SP-6002,2026-07-06,105,62,43
SP-6002,2026-07-07,62,56,6
SP-6002,2026-07-08,56,40,16
SP-6002,2026-07-09,40,40,0
SP-6002,2026-07-10,40,36,4
SP-6002,2026-07-11,36,34,2
SP-6002,2026-07-12,363,363,0
SP-6002,2026-07-13,363,363,0
SP-6002,2026-07-14,363,358,5
SP-6002,2026-07-15,358,341,17
SP-6002,2026-07-16,341,324,17
SP-6002,2026-07-17,324,319,5
SP-6002,2026-07-18,319,319,0
SP-6002,2026-07-19,319,319,0
SP-6002,2026-07-20,319,271,48
SP-6002,2026-07-21,271,233,38
SP-6002,2026-07-22,233,231,2
SP-6002,2026-07-23,231,231,0
SP-6002,2026-07-24,231,149,82
SP-6002,2026-07-25,149,136,13
SP-6002,2026-07-26,136,136,0
SP-6002,2026-07-27,136,127,9
SP-6002,2026-07-28,127,121,6
SP-6002,2026-07-29,121,117,4
SP-6002,2026-07-30,117,115,2
SP-6002,2026-07-31,115,90,25
SP-6002,2026-08-01,90,88,2
SP-6002,2026-08-02,88,88,0
SP-6002,2026-08-03,88,80,8
SP-6002,2026-08-04,80,54,26
SP-6002,2026-08-05,54,38,16
SP-6002,2026-08-06,38,5,33
SP-6002,2026-08-07,5,0,5
SP-6002,2026-08-08,0,0,0
SP-6002,2026-08-09,0,0,0
SP-6002,2026-08-10,0,0,0
SP-6002,2026-08-11,0,0,0
SP-6002,2026-08-12,0,0,0
SP-6002,2026-08-13,329,316,13
SP-6002,2026-08-14,316,311,5
SP-6002,2026-08-15,311,311,0
SP-6002,2026-08-16,311,311,0
SP-6002,2026-08-17,311,261,50
SP-6002,2026-08-18,261,250,11
SP-6002,2026-08-19,250,238,12
SP-6002,2026-08-20,238,213,25
SP-6002,2026-08-21,213,201,12
SP-6002,2026-08-22,201,189,12
SP-6002,2026-08-23,189,189,0
SP-6002,2026-08-24,189,181,8
SP-6002,2026-08-25,181,163,18
SP-6002,2026-08-26,163,157,6
SP-6002,2026-08-27,157,155,2
SP-6002,2026-08-28,155,113,42
SP-6010,2026-05-01,1031,1031,0
SP-6010,2026-05-02,1031,1031,0
SP-6010,2026-05-03,1031,1031,0
SP-6010,2026-05-04,1031,592,439
SP-6010,2026-05-05,592,592,0
SP-6010,2026-05-06,592,592,0
SP-6010,2026-05-07,592,589,3
SP-6010,2026-05-08,589,433,156
SP-6010,2026-05-09,433,429,4
SP-6010,2026-05-10,429,429,0
SP-6010,2026-05-11,429,427,2
SP-6010,2026-05-12,427,427,0
SP-6010,2026-05-13,427,418,9
SP-6010,2026-05-14,418,403,15
SP-6010,2026-05-15,403,349,54
SP-6010,2026-05-16,349,348,1
SP-6010,2026-05-17,348,348,0
SP-6010,2026-05-18,348,345,3
SP-6010,2026-05-19,345,337,8
SP-6010,2026-05-20,337,306,31
SP-6010,2026-05-21,306,286,20
SP-6010,2026-05-22,286,286,0
SP-6010,2026-05-23,286,282,4
SP-6010,2026-05-24,282,282,0
SP-6010,2026-05-25,282,261,21
SP-6010,2026-05-26,261,243,18
SP-6010,2026-05-27,243,225,18
SP-6010,2026-05-28,225,224,1
SP-6010,2026-05-29,224,207,17
SP-6010,2026-05-30,207,207,0
SP-6010,2026-05-31,207,207,0
SP-6010,2026-06-01,1042,970,72
SP-6010,2026-06-02,970,954,16
SP-6010,2026-06-03,954,893,61
SP-6010,2026-06-04,893,893,0
SP-6010,2026-06-05,893,869,24
SP-6010,2026-06-06,869,860,9
SP-6010,2026-06-07,860,860,0
SP-6010,2026-06-08,860,857,3
SP-6010,2026-06-09,857,818,39
SP-6010,2026-06-10,818,748,70
SP-6010,2026-06-11,748,748,0
SP-6010,2026-06-12,748,735,13
SP-6010,2026-06-13,735,735,0
SP-6010,2026-06-14,735,735,0
SP-6010,2026-06-15,735,663,72
SP-6010,2026-06-16,663,663,0
SP-6010,2026-06-17,663,645,18
SP-6010,2026-06-18,645,645,0
SP-6010,2026-06-19,645,609,36
SP-6010,2026-06-20,609,604,5
SP-6010,2026-06-21,604,604,0
SP-6010,2026-06-22,604,546,58
SP-6010,2026-06-23,546,322,224
SP-6010,2026-06-24,322,312,10
SP-6010,2026-06-25,312,302,10
SP-6010,2026-06-26,302,284,18
SP-6010,2026-06-27,284,268,16
SP-6010,2026-06-28,268,268,0
SP-6010,2026-06-29,268,220,48
SP-6010,2026-06-30,220,158,62
SP-6010,2026-07-01,158,158,0
SP-6010,2026-07-02,158,144,14
SP-6010,2026-07-03,144,131,13
SP-6010,2026-07-04,131,131,0
SP-6010,2026-07-05,131,131,0
SP-6010,2026-07-06,131,125,6
SP-6010,2026-07-07,125,125,0
SP-6010,2026-07-08,125,125,0
SP-6010,2026-07-09,959,959,0
SP-6010,2026-07-10,959,871,88
SP-6010,2026-07-11,871,842,29
SP-6010,2026-07-12,842,842,0
SP-6010,2026-07-13,842,760,82
SP-6010,2026-07-14,760,745,15
SP-6010,2026-07-15,745,735,10
SP-6010,2026-07-16,735,702,33
SP-6010,2026-07-17,702,700,2
SP-6010,2026-07-18,700,687,13
SP-6010,2026-07-19,687,687,0
SP-6010,2026-07-20,687,682,5
SP-6010,2026-07-21,682,673,9
SP-6010,2026-07-22,673,664,9
SP-6010,2026-07-23,664,560,104
SP-6010,2026-07-24,560,492,68
SP-6010,2026-07-25,492,479,13
SP-6010,2026-07-26,479,479,0
SP-6010,2026-07-27,479,454,25
SP-6010,2026-07-28,454,442,12
SP-6010,2026-07-29,442,400,42
SP-6010,2026-07-30,400,334,66
SP-6010,2026-07-31,334,85,249
SP-6010,2026-08-01,85,84,1
SP-6010,2026-08-02,84,84,0
SP-6010,2026-08-03,84,76,8
SP-6010,2026-08-04,76,0,76
SP-6010,2026-08-05,0,0,0
SP-6010,2026-08-06,0,0,0
SP-6010,2026-08-07,0,0,0
SP-6010,2026-08-08,0,0,0
SP-6010,2026-08-09,0,0,0
SP-6010,2026-08-10,0,0,0
SP-6010,2026-08-11,0,0,0
SP-6010,2026-08-12,834,834,0
SP-6010,2026-08-13,834,756,78
SP-6010,2026-08-14,756,747,9
SP-6010,2026-08-15,747,732,15
SP-6010,2026-08-16,732,732,0
SP-6010,2026-08-17,732,725,7
SP-6010,2026-08-18,725,673,52
SP-6010,2026-08-19,673,673,0
SP-6010,2026-08-20,673,613,60
SP-6010,2026-08-21,613,589,24
SP-6010,2026-08-22,589,564,25
SP-6010,2026-08-23,564,564,0
SP-6010,2026-08-24,564,463,101
SP-6010,2026-08-25,463,425,38
SP-6010,2026-08-26,425,399,26
SP-6010,2026-08-27,399,358,41
SP-6010,2026-08-28,358,331,27
PX-7001,2026-05-01,460,459,1
PX-7001,2026-05-02,459,454,5
PX-7001,2026-05-03,454,454,0
PX-7001,2026-05-04,454,444,10
PX-7001,2026-05-05,444,444,0
PX-7001,2026-05-06,444,338,106
PX-7001,2026-05-07,338,334,4
PX-7001,2026-05-08,334,322,12
PX-7001,2026-05-09,322,322,0
PX-7001,2026-05-10,322,322,0
PX-7001,2026-05-11,322,318,4
PX-7001,2026-05-12,318,313,5
PX-7001,2026-05-13,313,301,12
PX-7001,2026-05-14,301,199,102
PX-7001,2026-05-15,199,190,9
PX-7001,2026-05-16,190,188,2
PX-7001,2026-05-17,188,188,0
PX-7001,2026-05-18,188,188,0
PX-7001,2026-05-19,188,171,17
PX-7001,2026-05-20,171,112,59
PX-7001,2026-05-21,112,90,22
PX-7001,2026-05-22,90,85,5
PX-7001,2026-05-23,85,58,27
PX-7001,2026-05-24,58,58,0
PX-7001,2026-05-25,58,50,8
PX-7001,2026-05-26,50,37,13
PX-7001,2026-05-27,37,0,37
PX-7001,2026-05-28,0,0,0
PX-7001,2026-05-29,0,0,0
PX-7001,2026-05-30,0,0,0
PX-7001,2026-05-31,0,0,0
PX-7001,2026-06-01,0,0,0
PX-7001,2026-06-02,0,0,0
PX-7001,2026-06-03,0,0,0
PX-7001,2026-06-04,0,0,0
PX-7001,2026-06-05,0,0,0
PX-7001,2026-06-06,0,0,0
PX-7001,2026-06-07,0,0,0
PX-7001,2026-06-08,0,0,0
PX-7001,2026-06-09,0,0,0
PX-7001,2026-06-10,0,0,0
PX-7001,2026-06-11,0,0,0
PX-7001,2026-06-12,0,0,0
PX-7001,2026-06-13,0,0,0
PX-7001,2026-06-14,0,0,0
PX-7001,2026-06-15,0,0,0
PX-7001,2026-06-16,0,0,0
PX-7001,2026-06-17,0,0,0
PX-7001,2026-06-18,0,0,0
PX-7001,2026-06-19,577,564,13
PX-7001,2026-06-20,564,562,2
PX-7001,2026-06-21,562,562,0
PX-7001,2026-06-22,562,562,0
PX-7001,2026-06-23,562,495,67
PX-7001,2026-06-24,495,487,8
PX-7001,2026-06-25,487,336,151
PX-7001,2026-06-26,336,283,53
PX-7001,2026-06-27,283,281,2
PX-7001,2026-06-28,281,281,0
PX-7001,2026-06-29,281,280,1
PX-7001,2026-06-30,280,178,102
PX-7001,2026-07-01,178,97,81
PX-7001,2026-07-02,97,92,5
PX-7001,2026-07-03,92,69,23
PX-7001,2026-07-04,69,69,0
PX-7001,2026-07-05,69,69,0
PX-7001,2026-07-06,69,58,11
PX-7001,2026-07-07,58,53,5
PX-7001,2026-07-08,53,27,26
PX-7001,2026-07-09,27,27,0
PX-7001,2026-07-10,27,17,10
PX-7001,2026-07-11,17,16,1
PX-7001,2026-07-12,16,16,0
PX-7001,2026-07-13,16,0,16
PX-7001,2026-07-14,0,0,0
PX-7001,2026-07-15,0,0,0
PX-7001,2026-07-16,0,0,0
PX-7001,2026-07-17,0,0,0
PX-7001,2026-07-18,0,0,0
PX-7001,2026-07-19,0,0,0
PX-7001,2026-07-20,0,0,0
PX-7001,2026-07-21,0,0,0
PX-7001,2026-07-22,0,0,0
PX-7001,2026-07-23,0,0,0
PX-7001,2026-07-24,0,0,0
PX-7001,2026-07-25,0,0,0
PX-7001,2026-07-26,0,0,0
PX-7001,2026-07-27,0,0,0
PX-7001,2026-07-28,577,551,26
PX-7001,2026-07-29,551,522,29
PX-7001,2026-07-30,522,522,0
PX-7001,2026-07-31,522,508,14
PX-7001,2026-08-01,508,508,0
PX-7001,2026-08-02,508,508,0
PX-7001,2026-08-03,508,506,2
PX-7001,2026-08-04,506,502,4
PX-7001,2026-08-05,502,485,17
PX-7001,2026-08-06,485,462,23
PX-7001,2026-08-07,462,442,20
PX-7001,2026-08-08,442,441,1
PX-7001,2026-08-09,441,441,0
PX-7001,2026-08-10,441,423,18
PX-7001,2026-08-11,423,418,5
PX-7001,2026-08-12,418,366,52
PX-7001,2026-08-13,366,364,2
PX-7001,2026-08-14,364,319,45
PX-7001,2026-08-15,319,319,0
PX-7001,2026-08-16,319,319,0
PX-7001,2026-08-17,319,319,0
PX-7001,2026-08-18,319,310,9
PX-7001,2026-08-19,310,274,36
PX-7001,2026-08-20,274,271,3
PX-7001,2026-08-21,271,170,101
PX-7001,2026-08-22,170,166,4
PX-7001,2026-08-23,166,166,0
PX-7001,2026-08-24,166,140,26
PX-7001,2026-08-25,140,140,0
PX-7001,2026-08-26,140,140,0
PX-7001,2026-08-27,140,89,51
PX-7001,2026-08-28,89,72,17
PX-7002,2026-05-01,353,353,0
PX-7002,2026-05-02,353,346,7
PX-7002,2026-05-03,346,346,0
PX-7002,2026-05-04,346,313,33
PX-7002,2026-05-05,313,300,13
PX-7002,2026-05-06,300,293,7
PX-7002,2026-05-07,293,273,20
PX-7002,2026-05-08,273,267,6
PX-7002,2026-05-09,267,267,0
PX-7002,2026-05-10,267,267,0
PX-7002,2026-05-11,267,264,3
PX-7002,2026-05-12,264,250,14
PX-7002,2026-05-13,250,250,0
PX-7002,2026-05-14,250,249,1
PX-7002,2026-05-15,249,179,70
PX-7002,2026-05-16,179,165,14
PX-7002,2026-05-17,165,165,0
PX-7002,2026-05-18,165,160,5
PX-7002,2026-05-19,160,160,0
PX-7002,2026-05-20,160,145,15
PX-7002,2026-05-21,145,133,12
PX-7002,2026-05-22,133,115,18
PX-7002,2026-05-23,115,112,3
PX-7002,2026-05-24,112,112,0
PX-7002,2026-05-25,112,108,4
PX-7002,2026-05-26,108,108,0
PX-7002,2026-05-27,108,90,18
PX-7002,2026-05-28,90,31,59
PX-7002,2026-05-29,31,20,11
PX-7002,2026-05-30,20,19,1
PX-7002,2026-05-31,19,19,0
PX-7002,2026-06-01,19,8,11
PX-7002,2026-06-02,8,3,5
PX-7002,2026-06-03,3,0,3
PX-7002,2026-06-04,0,0,0
PX-7002,2026-06-05,0,0,0
PX-7002,2026-06-06,0,0,0
PX-7002,2026-06-07,0,0,0
PX-7002,2026-06-08,0,0,0
PX-7002,2026-06-09,0,0,0
PX-7002,2026-06-10,0,0,0
PX-7002,2026-06-11,0,0,0
PX-7002,2026-06-12,0,0,0
PX-7002,2026-06-13,0,0,0
PX-7002,2026-06-14,0,0,0
PX-7002,2026-06-15,0,0,0
PX-7002,2026-06-16,0,0,0
PX-7002,2026-06-17,377,369,8
PX-7002,2026-06-18,369,359,10
PX-7002,2026-06-19,359,351,8
PX-7002,2026-06-20,351,351,0
PX-7002,2026-06-21,351,351,0
PX-7002,2026-06-22,351,341,10
PX-7002,2026-06-23,341,327,14
PX-7002,2026-06-24,327,321,6
PX-7002,2026-06-25,321,320,1
PX-7002,2026-06-26,320,288,32
PX-7002,2026-06-27,288,286,2
PX-7002,2026-06-28,286,286,0
PX-7002,2026-06-29,286,278,8
PX-7002,2026-06-30,278,272,6
PX-7002,2026-07-01,272,237,35
PX-7002,2026-07-02,237,224,13
PX-7002,2026-07-03,224,180,44
PX-7002,2026-07-04,180,173,7
PX-7002,2026-07-05,173,173,0
PX-7002,2026-07-06,173,0,173
PX-7002,2026-07-07,0,0,0
PX-7002,2026-07-08,0,0,0
PX-7002,2026-07-09,0,0,0
PX-7002,2026-07-10,0,0,0
PX-7002,2026-07-11,0,0,0
PX-7002,2026-07-12,0,0,0
PX-7002,2026-07-13,0,0,0
PX-7002,2026-07-14,0,0,0
PX-7002,2026-07-15,0,0,0
PX-7002,2026-07-16,0,0,0
PX-7002,2026-07-17,0,0,0
PX-7002,2026-07-18,0,0,0
PX-7002,2026-07-19,0,0,0
PX-7002,2026-07-20,0,0,0
PX-7002,2026-07-21,0,0,0
PX-7002,2026-07-22,0,0,0
PX-7002,2026-07-23,0,0,0
PX-7002,2026-07-24,0,0,0
PX-7002,2026-07-25,0,0,0
PX-7002,2026-07-26,0,0,0
PX-7002,2026-07-27,0,0,0
PX-7002,2026-07-28,0,0,0
PX-7002,2026-07-29,0,0,0
PX-7002,2026-07-30,0,0,0
PX-7002,2026-07-31,0,0,0
PX-7002,2026-08-01,0,0,0
PX-7002,2026-08-02,0,0,0
PX-7002,2026-08-03,0,0,0
PX-7002,2026-08-04,0,0,0
PX-7002,2026-08-05,0,0,0
PX-7002,2026-08-06,0,0,0
PX-7002,2026-08-07,0,0,0
PX-7002,2026-08-08,0,0,0
PX-7002,2026-08-09,377,377,0
PX-7002,2026-08-10,377,358,19
PX-7002,2026-08-11,358,345,13
PX-7002,2026-08-12,345,337,8
PX-7002,2026-08-13,337,327,10
PX-7002,2026-08-14,327,322,5
PX-7002,2026-08-15,322,316,6
PX-7002,2026-08-16,316,316,0
PX-7002,2026-08-17,316,301,15
PX-7002,2026-08-18,301,286,15
PX-7002,2026-08-19,286,258,28
PX-7002,2026-08-20,258,249,9
PX-7002,2026-08-21,249,234,15
PX-7002,2026-08-22,234,224,10
PX-7002,2026-08-23,224,224,0
PX-7002,2026-08-24,224,218,6
PX-7002,2026-08-25,218,193,25
PX-7002,2026-08-26,193,183,10
PX-7002,2026-08-27,183,175,8
PX-7002,2026-08-28,175,161,14
AC-8001,2026-05-01,2733,2729,4
AC-8001,2026-05-02,2729,2723,6
AC-8001,2026-05-03,2723,2723,0
AC-8001,2026-05-04,2723,2519,204
AC-8001,2026-05-05,2519,2425,94
AC-8001,2026-05-06,2425,2261,164
AC-8001,2026-05-07,2261,2085,176
AC-8001,2026-05-08,2085,1892,193
AC-8001,2026-05-09,1892,1872,20
AC-8001,2026-05-10,1872,1872,0
AC-8001,2026-05-11,1872,1799,73
AC-8001,2026-05-12,1799,1701,98
AC-8001,2026-05-13,1701,1632,69
AC-8001,2026-05-14,1632,1550,82
AC-8001,2026-05-15,1550,1503,47
AC-8001,2026-05-16,1503,1503,0
AC-8001,2026-05-17,1503,1503,0
AC-8001,2026-05-18,1503,1424,79
AC-8001,2026-05-19,1424,1417,7
AC-8001,2026-05-20,1417,1051,366
AC-8001,2026-05-21,1051,1026,25
AC-8001,2026-05-22,1026,944,82
AC-8001,2026-05-23,944,942,2
AC-8001,2026-05-24,942,942,0
AC-8001,2026-05-25,942,910,32
AC-8001,2026-05-26,910,905,5
AC-8001,2026-05-27,905,612,293
AC-8001,2026-05-28,612,553,59
AC-8001,2026-05-29,553,427,126
AC-8001,2026-05-30,427,426,1
AC-8001,2026-05-31,426,426,0
AC-8001,2026-06-01,426,395,31
AC-8001,2026-06-02,395,395,0
AC-8001,2026-06-03,395,339,56
AC-8001,2026-06-04,3025,3025,0
AC-8001,2026-06-05,3025,2918,107
AC-8001,2026-06-06,2918,2895,23
AC-8001,2026-06-07,2895,2895,0
AC-8001,2026-06-08,2895,2837,58
AC-8001,2026-06-09,2837,2816,21
AC-8001,2026-06-10,2816,2800,16
AC-8001,2026-06-11,2800,2728,72
AC-8001,2026-06-12,2728,2698,30
AC-8001,2026-06-13,2698,2671,27
AC-8001,2026-06-14,2671,2671,0
AC-8001,2026-06-15,2671,2621,50
AC-8001,2026-06-16,2621,2558,63
AC-8001,2026-06-17,2558,2526,32
AC-8001,2026-06-18,2526,2526,0
AC-8001,2026-06-19,2526,2443,83
AC-8001,2026-06-20,2443,2435,8
AC-8001,2026-06-21,2435,2435,0
AC-8001,2026-06-22,2435,2287,148
AC-8001,2026-06-23,2287,2222,65
AC-8001,2026-06-24,2222,2112,110
AC-8001,2026-06-25,2112,1885,227
AC-8001,2026-06-26,1885,1772,113
AC-8001,2026-06-27,1772,1751,21
AC-8001,2026-06-28,1751,1751,0
AC-8001,2026-06-29,1751,1676,75
AC-8001,2026-06-30,1676,1281,395
AC-8001,2026-07-01,1281,1281,0
AC-8001,2026-07-02,1281,1231,50
AC-8001,2026-07-03,1231,1187,44
AC-8001,2026-07-04,1187,1178,9
AC-8001,2026-07-05,1178,1178,0
AC-8001,2026-07-06,1178,1156,22
AC-8001,2026-07-07,1156,1127,29
AC-8001,2026-07-08,1127,1058,69
AC-8001,2026-07-09,1058,997,61
AC-8001,2026-07-10,997,997,0
AC-8001,2026-07-11,997,985,12
AC-8001,2026-07-12,985,985,0
AC-8001,2026-07-13,985,894,91
AC-8001,2026-07-14,894,874,20
AC-8001,2026-07-15,874,832,42
AC-8001,2026-07-16,832,819,13
AC-8001,2026-07-17,819,786,33
AC-8001,2026-07-18,786,751,35
AC-8001,2026-07-19,751,751,0
AC-8001,2026-07-20,751,751,0
AC-8001,2026-07-21,751,662,89
AC-8001,2026-07-22,662,555,107
AC-8001,2026-07-23,555,523,32
AC-8001,2026-07-24,523,292,231
AC-8001,2026-07-25,292,258,34
AC-8001,2026-07-26,258,258,0
AC-8001,2026-07-27,258,258,0
AC-8001,2026-07-28,258,152,106
AC-8001,2026-07-29,152,111,41
AC-8001,2026-07-30,2797,2664,133
AC-8001,2026-07-31,2664,2589,75
AC-8001,2026-08-01,2589,2497,92
AC-8001,2026-08-02,2497,2497,0
AC-8001,2026-08-03,2497,2385,112
AC-8001,2026-08-04,2385,2255,130
AC-8001,2026-08-05,2255,2228,27
AC-8001,2026-08-06,2228,1828,400
AC-8001,2026-08-07,1828,1791,37
AC-8001,2026-08-08,1791,1621,170
AC-8001,2026-08-09,1621,1621,0
AC-8001,2026-08-10,1621,1573,48
AC-8001,2026-08-11,1573,1525,48
AC-8001,2026-08-12,1525,1494,31
AC-8001,2026-08-13,1494,1413,81
AC-8001,2026-08-14,1413,1163,250
AC-8001,2026-08-15,1163,1126,37
AC-8001,2026-08-16,1126,1126,0
AC-8001,2026-08-17,1126,743,383
AC-8001,2026-08-18,743,705,38
AC-8001,2026-08-19,705,518,187
AC-8001,2026-08-20,518,372,146
AC-8001,2026-08-21,372,359,13
AC-8001,2026-08-22,359,308,51
AC-8001,2026-08-23,308,308,0
AC-8001,2026-08-24,308,0,308
AC-8001,2026-08-25,0,0,0
AC-8001,2026-08-26,0,0,0
AC-8001,2026-08-27,0,0,0
AC-8001,2026-08-28,2686,2634,52
AC-8002,2026-05-01,1299,1298,1
AC-8002,2026-05-02,1298,1251,47
AC-8002,2026-05-03,1251,1251,0
AC-8002,2026-05-04,1251,1243,8
AC-8002,2026-05-05,1243,1220,23
AC-8002,2026-05-06,1220,1199,21
AC-8002,2026-05-07,1199,1188,11
AC-8002,2026-05-08,1188,1114,74
AC-8002,2026-05-09,1114,1114,0
AC-8002,2026-05-10,1114,1114,0
AC-8002,2026-05-11,1114,1097,17
AC-8002,2026-05-12,1097,1067,30
AC-8002,2026-05-13,1067,972,95
AC-8002,2026-05-14,972,952,20
AC-8002,2026-05-15,952,900,52
AC-8002,2026-05-16,900,879,21
AC-8002,2026-05-17,879,879,0
AC-8002,2026-05-18,879,838,41
AC-8002,2026-05-19,838,822,16
AC-8002,2026-05-20,822,822,0
AC-8002,2026-05-21,822,737,85
AC-8002,2026-05-22,737,737,0
AC-8002,2026-05-23,737,716,21
AC-8002,2026-05-24,716,716,0
AC-8002,2026-05-25,716,716,0
AC-8002,2026-05-26,716,537,179
AC-8002,2026-05-27,537,461,76
AC-8002,2026-05-28,461,436,25
AC-8002,2026-05-29,436,383,53
AC-8002,2026-05-30,383,349,34
AC-8002,2026-05-31,349,349,0
AC-8002,2026-06-01,349,311,38
AC-8002,2026-06-02,311,275,36
AC-8002,2026-06-03,275,265,10
AC-8002,2026-06-04,265,265,0
AC-8002,2026-06-05,265,223,42
AC-8002,2026-06-06,1655,1654,1
AC-8002,2026-06-07,1654,1654,0
AC-8002,2026-06-08,1654,1619,35
AC-8002,2026-06-09,1619,1534,85
AC-8002,2026-06-10,1534,1487,47
AC-8002,2026-06-11,1487,1461,26
AC-8002,2026-06-12,1461,1354,107
AC-8002,2026-06-13,1354,1338,16
AC-8002,2026-06-14,1338,1338,0
AC-8002,2026-06-15,1338,1286,52
AC-8002,2026-06-16,1286,1231,55
AC-8002,2026-06-17,1231,1227,4
AC-8002,2026-06-18,1227,1164,63
AC-8002,2026-06-19,1164,1164,0
AC-8002,2026-06-20,1164,1150,14
AC-8002,2026-06-21,1150,1150,0
AC-8002,2026-06-22,1150,1020,130
AC-8002,2026-06-23,1020,937,83
AC-8002,2026-06-24,937,801,136
AC-8002,2026-06-25,801,610,191
AC-8002,2026-06-26,610,568,42
AC-8002,2026-06-27,568,542,26
AC-8002,2026-06-28,542,542,0
AC-8002,2026-06-29,542,498,44
AC-8002,2026-06-30,498,403,95
AC-8002,2026-07-01,403,341,62
AC-8002,2026-07-02,341,298,43
AC-8002,2026-07-03,298,244,54
AC-8002,2026-07-04,244,244,0
AC-8002,2026-07-05,244,244,0
AC-8002,2026-07-06,244,241,3
AC-8002,2026-07-07,241,184,57
AC-8002,2026-07-08,1615,1615,0
AC-8002,2026-07-09,1615,1615,0
AC-8002,2026-07-10,1615,1569,46
AC-8002,2026-07-11,1569,1538,31
AC-8002,2026-07-12,1538,1538,0
AC-8002,2026-07-13,1538,1454,84
AC-8002,2026-07-14,1454,1430,24
AC-8002,2026-07-15,1430,1333,97
AC-8002,2026-07-16,1333,1308,25
AC-8002,2026-07-17,1308,1305,3
AC-8002,2026-07-18,1305,1244,61
AC-8002,2026-07-19,1244,1244,0
AC-8002,2026-07-20,1244,1234,10
AC-8002,2026-07-21,1234,1033,201
AC-8002,2026-07-22,1033,913,120
AC-8002,2026-07-23,913,887,26
AC-8002,2026-07-24,887,876,11
AC-8002,2026-07-25,876,874,2
AC-8002,2026-07-26,874,874,0
AC-8002,2026-07-27,874,874,0
AC-8002,2026-07-28,874,869,5
AC-8002,2026-07-29,869,722,147
AC-8002,2026-07-30,722,494,228
AC-8002,2026-07-31,494,409,85
AC-8002,2026-08-01,409,391,18
AC-8002,2026-08-02,391,391,0
AC-8002,2026-08-03,391,320,71
AC-8002,2026-08-04,320,308,12
AC-8002,2026-08-05,308,219,89
AC-8002,2026-08-06,219,9,210
AC-8002,2026-08-07,9,0,9
AC-8002,2026-08-08,0,0,0
AC-8002,2026-08-09,0,0,0
AC-8002,2026-08-10,0,0,0
AC-8002,2026-08-11,1431,1425,6
AC-8002,2026-08-12,1425,1346,79
AC-8002,2026-08-13,1346,1301,45
AC-8002,2026-08-14,1301,1243,58
AC-8002,2026-08-15,1243,1237,6
AC-8002,2026-08-16,1237,1237,0
AC-8002,2026-08-17,1237,998,239
AC-8002,2026-08-18,998,922,76
AC-8002,2026-08-19,922,864,58
AC-8002,2026-08-20,864,864,0
AC-8002,2026-08-21,864,864,0
AC-8002,2026-08-22,864,830,34
AC-8002,2026-08-23,830,830,0
AC-8002,2026-08-24,830,830,0
AC-8002,2026-08-25,830,737,93
AC-8002,2026-08-26,737,715,22
AC-8002,2026-08-27,715,567,148
AC-8002,2026-08-28,567,511,56
AC-8010,2026-05-01,2390,2390,0
AC-8010,2026-05-02,2390,2384,6
AC-8010,2026-05-03,2384,2384,0
AC-8010,2026-05-04,2384,2286,98
AC-8010,2026-05-05,2286,2286,0
AC-8010,2026-05-06,2286,2151,135
AC-8010,2026-05-07,2151,2136,15
AC-8010,2026-05-08,2136,2077,59
AC-8010,2026-05-09,2077,2060,17
AC-8010,2026-05-10,2060,2060,0
AC-8010,2026-05-11,2060,1838,222
AC-8010,2026-05-12,1838,1818,20
AC-8010,2026-05-13,1818,1759,59
AC-8010,2026-05-14,1759,1701,58
AC-8010,2026-05-15,1701,1674,27
AC-8010,2026-05-16,1674,1623,51
AC-8010,2026-05-17,1623,1623,0
AC-8010,2026-05-18,1623,1569,54
AC-8010,2026-05-19,1569,1415,154
AC-8010,2026-05-20,1415,1303,112
AC-8010,2026-05-21,1303,1252,51
AC-8010,2026-05-22,1252,1007,245
AC-8010,2026-05-23,1007,983,24
AC-8010,2026-05-24,983,983,0
AC-8010,2026-05-25,983,976,7
AC-8010,2026-05-26,976,824,152
AC-8010,2026-05-27,824,772,52
AC-8010,2026-05-28,772,750,22
AC-8010,2026-05-29,750,714,36
AC-8010,2026-05-30,714,620,94
AC-8010,2026-05-31,620,620,0
AC-8010,2026-06-01,620,357,263
AC-8010,2026-06-02,357,258,99
AC-8010,2026-06-03,258,171,87
AC-8010,2026-06-04,171,171,0
AC-8010,2026-06-05,171,76,95
AC-8010,2026-06-06,2435,2422,13
AC-8010,2026-06-07,2422,2422,0
AC-8010,2026-06-08,2422,2400,22
AC-8010,2026-06-09,2400,2231,169
AC-8010,2026-06-10,2231,2057,174
AC-8010,2026-06-11,2057,1570,487
AC-8010,2026-06-12,1570,1496,74
AC-8010,2026-06-13,1496,1469,27
AC-8010,2026-06-14,1469,1469,0
AC-8010,2026-06-15,1469,1381,88
AC-8010,2026-06-16,1381,1352,29
AC-8010,2026-06-17,1352,1043,309
AC-8010,2026-06-18,1043,983,60
AC-8010,2026-06-19,983,919,64
AC-8010,2026-06-20,919,895,24
AC-8010,2026-06-21,895,895,0
AC-8010,2026-06-22,895,828,67
AC-8010,2026-06-23,828,828,0
AC-8010,2026-06-24,828,726,102
AC-8010,2026-06-25,726,539,187
AC-8010,2026-06-26,539,510,29
AC-8010,2026-06-27,510,487,23
AC-8010,2026-06-28,487,487,0
AC-8010,2026-06-29,487,449,38
AC-8010,2026-06-30,449,341,108
AC-8010,2026-07-01,341,337,4
AC-8010,2026-07-02,2697,2613,84
AC-8010,2026-07-03,2613,2261,352
AC-8010,2026-07-04,2261,2220,41
AC-8010,2026-07-05,2220,2220,0
AC-8010,2026-07-06,2220,2149,71
AC-8010,2026-07-07,2149,2111,38
AC-8010,2026-07-08,2111,1695,416
AC-8010,2026-07-09,1695,1695,0
AC-8010,2026-07-10,1695,1603,92
AC-8010,2026-07-11,1603,1473,130
AC-8010,2026-07-12,1473,1473,0
AC-8010,2026-07-13,1473,1453,20
AC-8010,2026-07-14,1453,1204,249
AC-8010,2026-07-15,1204,1151,53
AC-8010,2026-07-16,1151,1012,139
AC-8010,2026-07-17,1012,869,143
AC-8010,2026-07-18,869,825,44
AC-8010,2026-07-19,825,825,0
AC-8010,2026-07-20,825,737,88
AC-8010,2026-07-21,737,623,114
AC-8010,2026-07-22,623,562,61
AC-8010,2026-07-23,562,562,0
AC-8010,2026-07-24,562,463,99
AC-8010,2026-07-25,463,447,16
AC-8010,2026-07-26,447,447,0
AC-8010,2026-07-27,447,318,129
AC-8010,2026-07-28,318,307,11
AC-8010,2026-07-29,307,307,0
AC-8010,2026-07-30,2666,2344,322
AC-8010,2026-07-31,2344,2101,243
AC-8010,2026-08-01,2101,2007,94
AC-8010,2026-08-02,2007,2007,0
AC-8010,2026-08-03,2007,1952,55
AC-8010,2026-08-04,1952,1832,120
AC-8010,2026-08-05,1832,1715,117
AC-8010,2026-08-06,1715,1225,490
AC-8010,2026-08-07,1225,1192,33
AC-8010,2026-08-08,1192,1192,0
AC-8010,2026-08-09,1192,1192,0
AC-8010,2026-08-10,1192,1133,59
AC-8010,2026-08-11,1133,1106,27
AC-8010,2026-08-12,1106,1046,60
AC-8010,2026-08-13,1046,813,233
AC-8010,2026-08-14,813,743,70
AC-8010,2026-08-15,743,686,57
AC-8010,2026-08-16,686,686,0
AC-8010,2026-08-17,686,636,50
AC-8010,2026-08-18,636,551,85
AC-8010,2026-08-19,551,516,35
AC-8010,2026-08-20,516,179,337
AC-8010,2026-08-21,179,33,146
AC-8010,2026-08-22,33,27,6
AC-8010,2026-08-23,27,27,0
AC-8010,2026-08-24,2386,2159,227
AC-8010,2026-08-25,2159,1830,329
AC-8010,2026-08-26,1830,1830,0
AC-8010,2026-08-27,1830,1761,69
AC-8010,2026-08-28,1761,1705,56
AC-8020,2026-05-01,1735,1735,0
AC-8020,2026-05-02,1735,1715,20
AC-8020,2026-05-03,1715,1715,0
AC-8020,2026-05-04,1715,1635,80
AC-8020,2026-05-05,1635,1576,59
AC-8020,2026-05-06,1576,1434,142
AC-8020,2026-05-07,1434,1383,51
AC-8020,2026-05-08,1383,1359,24
AC-8020,2026-05-09,1359,1311,48
AC-8020,2026-05-10,1311,1311,0
AC-8020,2026-05-11,1311,1245,66
AC-8020,2026-05-12,1245,1222,23
AC-8020,2026-05-13,1222,1217,5
AC-8020,2026-05-14,1217,1055,162
AC-8020,2026-05-15,1055,971,84
AC-8020,2026-05-16,971,971,0
AC-8020,2026-05-17,971,971,0
AC-8020,2026-05-18,971,944,27
AC-8020,2026-05-19,944,901,43
AC-8020,2026-05-20,901,845,56
AC-8020,2026-05-21,845,805,40
AC-8020,2026-05-22,805,764,41
AC-8020,2026-05-23,764,737,27
AC-8020,2026-05-24,737,737,0
AC-8020,2026-05-25,737,720,17
AC-8020,2026-05-26,720,613,107
AC-8020,2026-05-27,613,573,40
AC-8020,2026-05-28,573,561,12
AC-8020,2026-05-29,561,468,93
AC-8020,2026-05-30,468,398,70
AC-8020,2026-05-31,398,398,0
AC-8020,2026-06-01,398,336,62
AC-8020,2026-06-02,336,271,65
AC-8020,2026-06-03,271,244,27
AC-8020,2026-06-04,244,240,4
AC-8020,2026-06-05,240,213,27
AC-8020,2026-06-06,213,213,0
AC-8020,2026-06-07,213,213,0
AC-8020,2026-06-08,1514,1502,12
AC-8020,2026-06-09,1502,1328,174
AC-8020,2026-06-10,1328,1302,26
AC-8020,2026-06-11,1302,1302,0
AC-8020,2026-06-12,1302,1281,21
AC-8020,2026-06-13,1281,1278,3
AC-8020,2026-06-14,1278,1278,0
AC-8020,2026-06-15,1278,1146,132
AC-8020,2026-06-16,1146,1114,32
AC-8020,2026-06-17,1114,1095,19
AC-8020,2026-06-18,1095,1064,31
AC-8020,2026-06-19,1064,894,170
AC-8020,2026-06-20,894,825,69
AC-8020,2026-06-21,825,825,0
AC-8020,2026-06-22,825,790,35
AC-8020,2026-06-23,790,744,46
AC-8020,2026-06-24,744,691,53
AC-8020,2026-06-25,691,635,56
AC-8020,2026-06-26,635,594,41
AC-8020,2026-06-27,594,569,25
AC-8020,2026-06-28,569,569,0
AC-8020,2026-06-29,569,534,35
AC-8020,2026-06-30,534,529,5
AC-8020,2026-07-01,529,320,209
AC-8020,2026-07-02,320,278,42
AC-8020,2026-07-03,278,149,129
AC-8020,2026-07-04,149,129,20
AC-8020,2026-07-05,129,129,0
AC-8020,2026-07-06,129,119,10
AC-8020,2026-07-07,119,61,58
AC-8020,2026-07-08,61,25,36
AC-8020,2026-07-09,25,25,0
AC-8020,2026-07-10,25,0,25
AC-8020,2026-07-11,1301,1284,17
AC-8020,2026-07-12,1284,1284,0
AC-8020,2026-07-13,1284,1226,58
AC-8020,2026-07-14,1226,1220,6
AC-8020,2026-07-15,1220,1205,15
AC-8020,2026-07-16,1205,1151,54
AC-8020,2026-07-17,1151,1065,86
AC-8020,2026-07-18,1065,1065,0
AC-8020,2026-07-19,1065,1065,0
AC-8020,2026-07-20,1065,910,155
AC-8020,2026-07-21,910,840,70
AC-8020,2026-07-22,840,789,51
AC-8020,2026-07-23,789,766,23
AC-8020,2026-07-24,766,747,19
AC-8020,2026-07-25,747,747,0
AC-8020,2026-07-26,747,747,0
AC-8020,2026-07-27,747,747,0
AC-8020,2026-07-28,747,688,59
AC-8020,2026-07-29,688,565,123
AC-8020,2026-07-30,565,565,0
AC-8020,2026-07-31,565,565,0
AC-8020,2026-08-01,565,548,17
AC-8020,2026-08-02,548,548,0
AC-8020,2026-08-03,548,519,29
AC-8020,2026-08-04,519,424,95
AC-8020,2026-08-05,424,417,7
AC-8020,2026-08-06,417,400,17
AC-8020,2026-08-07,400,345,55
AC-8020,2026-08-08,345,280,65
AC-8020,2026-08-09,1581,1581,0
AC-8020,2026-08-10,1581,1537,44
AC-8020,2026-08-11,1537,1495,42
AC-8020,2026-08-12,1495,1344,151
AC-8020,2026-08-13,1344,1314,30
AC-8020,2026-08-14,1314,1287,27
AC-8020,2026-08-15,1287,1251,36
AC-8020,2026-08-16,1251,1251,0
AC-8020,2026-08-17,1251,1185,66
AC-8020,2026-08-18,1185,1078,107
AC-8020,2026-08-19,1078,962,116
AC-8020,2026-08-20,962,938,24
AC-8020,2026-08-21,938,915,23
AC-8020,2026-08-22,915,915,0
AC-8020,2026-08-23,915,915,0
AC-8020,2026-08-24,915,771,144
AC-8020,2026-08-25,771,563,208
AC-8020,2026-08-26,563,518,45
AC-8020,2026-08-27,518,500,18
AC-8020,2026-08-28,500,442,58
AC-8030,2026-05-01,3853,3853,0
AC-8030,2026-05-02,3853,3845,8
AC-8030,2026-05-03,3845,3845,0
AC-8030,2026-05-04,3845,3792,53
AC-8030,2026-05-05,3792,3768,24
AC-8030,2026-05-06,3768,3717,51
AC-8030,2026-05-07,3717,3571,146
AC-8030,2026-05-08,3571,3496,75
AC-8030,2026-05-09,3496,3496,0
AC-8030,2026-05-10,3496,3496,0
AC-8030,2026-05-11,3496,3358,138
AC-8030,2026-05-12,3358,3161,197
AC-8030,2026-05-13,3161,3071,90
AC-8030,2026-05-14,3071,2997,74
AC-8030,2026-05-15,2997,2932,65
AC-8030,2026-05-16,2932,2917,15
AC-8030,2026-05-17,2917,2917,0
AC-8030,2026-05-18,2917,2841,76
AC-8030,2026-05-19,2841,2493,348
AC-8030,2026-05-20,2493,2231,262
AC-8030,2026-05-21,2231,2196,35
AC-8030,2026-05-22,2196,1811,385
AC-8030,2026-05-23,1811,1758,53
AC-8030,2026-05-24,1758,1758,0
AC-8030,2026-05-25,1758,1671,87
AC-8030,2026-05-26,1671,1671,0
AC-8030,2026-05-27,1671,1645,26
AC-8030,2026-05-28,1645,1514,131
AC-8030,2026-05-29,1514,1457,57
AC-8030,2026-05-30,1457,1291,166
AC-8030,2026-05-31,1291,1291,0
AC-8030,2026-06-01,1291,1291,0
AC-8030,2026-06-02,1291,1291,0
AC-8030,2026-06-03,1291,1194,97
AC-8030,2026-06-04,1194,1188,6
AC-8030,2026-06-05,1188,993,195
AC-8030,2026-06-06,993,922,71
AC-8030,2026-06-07,922,922,0
AC-8030,2026-06-08,922,837,85
AC-8030,2026-06-09,837,763,74
AC-8030,2026-06-10,763,709,54
AC-8030,2026-06-11,709,709,0
AC-8030,2026-06-12,709,360,349
AC-8030,2026-06-13,360,345,15
AC-8030,2026-06-14,345,345,0
AC-8030,2026-06-15,345,174,171
AC-8030,2026-06-16,174,162,12
AC-8030,2026-06-17,3425,3279,146
AC-8030,2026-06-18,3279,3250,29
AC-8030,2026-06-19,3250,3113,137
AC-8030,2026-06-20,3113,3096,17
AC-8030,2026-06-21,3096,3096,0
AC-8030,2026-06-22,3096,3096,0
AC-8030,2026-06-23,3096,2954,142
AC-8030,2026-06-24,2954,2750,204
AC-8030,2026-06-25,2750,2671,79
AC-8030,2026-06-26,2671,2434,237
AC-8030,2026-06-27,2434,2427,7
AC-8030,2026-06-28,2427,2427,0
AC-8030,2026-06-29,2427,2333,94
AC-8030,2026-06-30,2333,2317,16
AC-8030,2026-07-01,2317,2237,80
AC-8030,2026-07-02,2237,1975,262
AC-8030,2026-07-03,1975,1889,86
AC-8030,2026-07-04,1889,1880,9
AC-8030,2026-07-05,1880,1880,0
AC-8030,2026-07-06,1880,1187,693
AC-8030,2026-07-07,1187,909,278
AC-8030,2026-07-08,909,772,137
AC-8030,2026-07-09,772,666,106
AC-8030,2026-07-10,666,596,70
AC-8030,2026-07-11,596,530,66
AC-8030,2026-07-12,530,530,0
AC-8030,2026-07-13,530,317,213
AC-8030,2026-07-14,317,116,201
AC-8030,2026-07-15,116,0,116
AC-8030,2026-07-16,0,0,0
AC-8030,2026-07-17,0,0,0
AC-8030,2026-07-18,0,0,0
AC-8030,2026-07-19,3263,3263,0
AC-8030,2026-07-20,3263,3101,162
AC-8030,2026-07-21,3101,2936,165
AC-8030,2026-07-22,2936,2878,58
AC-8030,2026-07-23,2878,2798,80
AC-8030,2026-07-24,2798,2458,340
AC-8030,2026-07-25,2458,2378,80
AC-8030,2026-07-26,2378,2378,0
AC-8030,2026-07-27,2378,2190,188
AC-8030,2026-07-28,2190,2040,150
AC-8030,2026-07-29,2040,1955,85
AC-8030,2026-07-30,1955,1800,155
AC-8030,2026-07-31,1800,1654,146
AC-8030,2026-08-01,1654,1654,0
AC-8030,2026-08-02,1654,1654,0
AC-8030,2026-08-03,1654,1330,324
AC-8030,2026-08-04,1330,859,471
AC-8030,2026-08-05,859,825,34
AC-8030,2026-08-06,825,698,127
AC-8030,2026-08-07,698,697,1
AC-8030,2026-08-08,697,651,46
AC-8030,2026-08-09,651,651,0
AC-8030,2026-08-10,651,224,427
AC-8030,2026-08-11,224,39,185
AC-8030,2026-08-12,39,0,39
AC-8030,2026-08-13,3263,2975,288
AC-8030,2026-08-14,2975,2912,63
AC-8030,2026-08-15,2912,2823,89
AC-8030,2026-08-16,2823,2823,0
AC-8030,2026-08-17,2823,2584,239
AC-8030,2026-08-18,2584,2584,0
AC-8030,2026-08-19,2584,2394,190
AC-8030,2026-08-20,2394,2196,198
AC-8030,2026-08-21,2196,2081,115
AC-8030,2026-08-22,2081,1862,219
AC-8030,2026-08-23,1862,1862,0
AC-8030,2026-08-24,1862,1753,109
AC-8030,2026-08-25,1753,1388,365
AC-8030,2026-08-26,1388,1273,115
AC-8030,2026-08-27,1273,1041,232
AC-8030,2026-08-28,1041,982,59
AC-8040,2026-05-01,2271,2268,3
AC-8040,2026-05-02,2268,2219,49
AC-8040,2026-05-03,2219,2219,0
AC-8040,2026-05-04,2219,2149,70
AC-8040,2026-05-05,2149,2134,15
AC-8040,2026-05-06,2134,2073,61
AC-8040,2026-05-07,2073,2024,49
AC-8040,2026-05-08,2024,1790,234
AC-8040,2026-05-09,1790,1741,49
AC-8040,2026-05-10,1741,1741,0
AC-8040,2026-05-11,1741,1676,65
AC-8040,2026-05-12,1676,1657,19
AC-8040,2026-05-13,1657,1645,12
AC-8040,2026-05-14,1645,1458,187
AC-8040,2026-05-15,1458,1218,240
AC-8040,2026-05-16,1218,1183,35
AC-8040,2026-05-17,1183,1183,0
AC-8040,2026-05-18,1183,1152,31
AC-8040,2026-05-19,1152,691,461
AC-8040,2026-05-20,691,635,56
AC-8040,2026-05-21,635,544,91
AC-8040,2026-05-22,544,374,170
AC-8040,2026-05-23,374,374,0
AC-8040,2026-05-24,374,374,0
AC-8040,2026-05-25,374,363,11
AC-8040,2026-05-26,363,332,31
AC-8040,2026-05-27,332,3,329
AC-8040,2026-05-28,3,0,3
AC-8040,2026-05-29,0,0,0
AC-8040,2026-05-30,0,0,0
AC-8040,2026-05-31,0,0,0
AC-8040,2026-06-01,0,0,0
AC-8040,2026-06-02,0,0,0
AC-8040,2026-06-03,2130,2012,118
AC-8040,2026-06-04,2012,2012,0
AC-8040,2026-06-05,2012,2012,0
AC-8040,2026-06-06,2012,1997,15
AC-8040,2026-06-07,1997,1997,0
AC-8040,2026-06-08,1997,1997,0
AC-8040,2026-06-09,1997,1824,173
AC-8040,2026-06-10,1824,1812,12
AC-8040,2026-06-11,1812,1527,285
AC-8040,2026-06-12,1527,1485,42
AC-8040,2026-06-13,1485,1296,189
AC-8040,2026-06-14,1296,1296,0
AC-8040,2026-06-15,1296,1278,18
AC-8040,2026-06-16,1278,1018,260
AC-8040,2026-06-17,1018,1001,17
AC-8040,2026-06-18,1001,964,37
AC-8040,2026-06-19,964,904,60
AC-8040,2026-06-20,904,891,13
AC-8040,2026-06-21,891,891,0
AC-8040,2026-06-22,891,882,9
AC-8040,2026-06-23,882,856,26
AC-8040,2026-06-24,856,754,102
AC-8040,2026-06-25,754,390,364
AC-8040,2026-06-26,390,301,89
AC-8040,2026-06-27,301,269,32
AC-8040,2026-06-28,269,269,0
AC-8040,2026-06-29,269,187,82
AC-8040,2026-06-30,187,66,121
AC-8040,2026-07-01,66,0,66
AC-8040,2026-07-02,0,0,0
AC-8040,2026-07-03,2130,2089,41
AC-8040,2026-07-04,2089,2073,16
AC-8040,2026-07-05,2073,2073,0
AC-8040,2026-07-06,2073,2069,4
AC-8040,2026-07-07,2069,1983,86
AC-8040,2026-07-08,1983,1961,22
AC-8040,2026-07-09,1961,1961,0
AC-8040,2026-07-10,1961,1961,0
AC-8040,2026-07-11,1961,1946,15
AC-8040,2026-07-12,1946,1946,0
AC-8040,2026-07-13,1946,1899,47
AC-8040,2026-07-14,1899,1635,264
AC-8040,2026-07-15,1635,1609,26
AC-8040,2026-07-16,1609,1573,36
AC-8040,2026-07-17,1573,1249,324
AC-8040,2026-07-18,1249,1249,0
AC-8040,2026-07-19,1249,1249,0
AC-8040,2026-07-20,1249,1235,14
AC-8040,2026-07-21,1235,1140,95
AC-8040,2026-07-22,1140,1079,61
AC-8040,2026-07-23,1079,1036,43
AC-8040,2026-07-24,1036,1019,17
AC-8040,2026-07-25,1019,970,49
AC-8040,2026-07-26,970,970,0
AC-8040,2026-07-27,970,908,62
AC-8040,2026-07-28,908,755,153
AC-8040,2026-07-29,755,755,0
AC-8040,2026-07-30,755,729,26
AC-8040,2026-07-31,729,260,469
AC-8040,2026-08-01,260,225,35
AC-8040,2026-08-02,225,225,0
AC-8040,2026-08-03,225,0,225
AC-8040,2026-08-04,0,0,0
AC-8040,2026-08-05,0,0,0
AC-8040,2026-08-06,0,0,0
AC-8040,2026-08-07,0,0,0
AC-8040,2026-08-08,0,0,0
AC-8040,2026-08-09,2130,2130,0
AC-8040,2026-08-10,2130,1979,151
AC-8040,2026-08-11,1979,1914,65
AC-8040,2026-08-12,1914,1882,32
AC-8040,2026-08-13,1882,1850,32
AC-8040,2026-08-14,1850,1760,90
AC-8040,2026-08-15,1760,1739,21
AC-8040,2026-08-16,1739,1739,0
AC-8040,2026-08-17,1739,1739,0
AC-8040,2026-08-18,1739,1739,0
AC-8040,2026-08-19,1739,1726,13
AC-8040,2026-08-20,1726,1695,31
AC-8040,2026-08-21,1695,1654,41
AC-8040,2026-08-22,1654,1651,3
AC-8040,2026-08-23,1651,1651,0
AC-8040,2026-08-24,1651,1548,103
AC-8040,2026-08-25,1548,1513,35
AC-8040,2026-08-26,1513,1502,11
AC-8040,2026-08-27,1502,1460,42
AC-8040,2026-08-28,1460,1381,79
PM-9001,2026-05-01,8,8,0
PM-9001,2026-05-02,8,8,0
PM-9001,2026-05-03,8,8,0
PM-9001,2026-05-04,8,7,1
PM-9001,2026-05-05,7,7,0
PM-9001,2026-05-06,7,7,0
PM-9001,2026-05-07,7,5,2
PM-9001,2026-05-08,5,5,0
PM-9001,2026-05-09,5,5,0
PM-9001,2026-05-10,5,5,0
PM-9001,2026-05-11,5,5,0
PM-9001,2026-05-12,5,2,3
PM-9001,2026-05-13,2,2,0
PM-9001,2026-05-14,2,2,0
PM-9001,2026-05-15,2,2,0
PM-9001,2026-05-16,2,2,0
PM-9001,2026-05-17,2,2,0
PM-9001,2026-05-18,2,2,0
PM-9001,2026-05-19,2,0,2
PM-9001,2026-05-20,0,0,0
PM-9001,2026-05-21,0,0,0
PM-9001,2026-05-22,0,0,0
PM-9001,2026-05-23,0,0,0
PM-9001,2026-05-24,0,0,0
PM-9001,2026-05-25,0,0,0
PM-9001,2026-05-26,0,0,0
PM-9001,2026-05-27,0,0,0
PM-9001,2026-05-28,0,0,0
PM-9001,2026-05-29,0,0,0
PM-9001,2026-05-30,0,0,0
PM-9001,2026-05-31,0,0,0
PM-9001,2026-06-01,0,0,0
PM-9001,2026-06-02,0,0,0
PM-9001,2026-06-03,0,0,0
PM-9001,2026-06-04,0,0,0
PM-9001,2026-06-05,0,0,0
PM-9001,2026-06-06,0,0,0
PM-9001,2026-06-07,0,0,0
PM-9001,2026-06-08,0,0,0
PM-9001,2026-06-09,0,0,0
PM-9001,2026-06-10,0,0,0
PM-9001,2026-06-11,0,0,0
PM-9001,2026-06-12,0,0,0
PM-9001,2026-06-13,0,0,0
PM-9001,2026-06-14,0,0,0
PM-9001,2026-06-15,0,0,0
PM-9001,2026-06-16,0,0,0
PM-9001,2026-06-17,0,0,0
PM-9001,2026-06-18,0,0,0
PM-9001,2026-06-19,0,0,0
PM-9001,2026-06-20,0,0,0
PM-9001,2026-06-21,0,0,0
PM-9001,2026-06-22,0,0,0
PM-9001,2026-06-23,0,0,0
PM-9001,2026-06-24,10,10,0
PM-9001,2026-06-25,10,10,0
PM-9001,2026-06-26,10,10,0
PM-9001,2026-06-27,10,10,0
PM-9001,2026-06-28,10,10,0
PM-9001,2026-06-29,10,10,0
PM-9001,2026-06-30,10,10,0
PM-9001,2026-07-01,10,10,0
PM-9001,2026-07-02,10,10,0
PM-9001,2026-07-03,10,10,0
PM-9001,2026-07-04,10,10,0
PM-9001,2026-07-05,10,10,0
PM-9001,2026-07-06,10,9,1
PM-9001,2026-07-07,9,7,2
PM-9001,2026-07-08,7,7,0
PM-9001,2026-07-09,7,7,0
PM-9001,2026-07-10,7,6,1
PM-9001,2026-07-11,6,6,0
PM-9001,2026-07-12,6,6,0
PM-9001,2026-07-13,6,6,0
PM-9001,2026-07-14,6,4,2
PM-9001,2026-07-15,4,3,1
PM-9001,2026-07-16,3,2,1
PM-9001,2026-07-17,2,1,1
PM-9001,2026-07-18,1,1,0
PM-9001,2026-07-19,1,1,0
PM-9001,2026-07-20,1,1,0
PM-9001,2026-07-21,1,0,1
PM-9001,2026-07-22,0,0,0
PM-9001,2026-07-23,0,0,0
PM-9001,2026-07-24,0,0,0
PM-9001,2026-07-25,0,0,0
PM-9001,2026-07-26,0,0,0
PM-9001,2026-07-27,0,0,0
PM-9001,2026-07-28,0,0,0
PM-9001,2026-07-29,0,0,0
PM-9001,2026-07-30,0,0,0
PM-9001,2026-07-31,0,0,0
PM-9001,2026-08-01,0,0,0
PM-9001,2026-08-02,0,0,0
PM-9001,2026-08-03,0,0,0
PM-9001,2026-08-04,0,0,0
PM-9001,2026-08-05,0,0,0
PM-9001,2026-08-06,0,0,0
PM-9001,2026-08-07,0,0,0
PM-9001,2026-08-08,0,0,0
PM-9001,2026-08-09,0,0,0
PM-9001,2026-08-10,0,0,0
PM-9001,2026-08-11,0,0,0
PM-9001,2026-08-12,0,0,0
PM-9001,2026-08-13,0,0,0
PM-9001,2026-08-14,0,0,0
PM-9001,2026-08-15,10,10,0
PM-9001,2026-08-16,10,10,0
PM-9001,2026-08-17,10,10,0
PM-9001,2026-08-18,10,10,0
PM-9001,2026-08-19,10,10,0
PM-9001,2026-08-20,10,10,0
PM-9001,2026-08-21,10,10,0
PM-9001,2026-08-22,10,10,0
PM-9001,2026-08-23,10,10,0
PM-9001,2026-08-24,10,10,0
PM-9001,2026-08-25,10,9,1
PM-9001,2026-08-26,9,8,1
PM-9001,2026-08-27,8,7,1
PM-9001,2026-08-28,7,7,0
PM-9002,2026-05-01,19,19,0
PM-9002,2026-05-02,19,19,0
PM-9002,2026-05-03,19,19,0
PM-9002,2026-05-04,19,19,0
PM-9002,2026-05-05,19,19,0
PM-9002,2026-05-06,19,19,0
PM-9002,2026-05-07,19,19,0
PM-9002,2026-05-08,19,19,0
PM-9002,2026-05-09,19,19,0
PM-9002,2026-05-10,19,19,0
PM-9002,2026-05-11,19,19,0
PM-9002,2026-05-12,19,19,0
PM-9002,2026-05-13,19,19,0
PM-9002,2026-05-14,19,19,0
PM-9002,2026-05-15,19,16,3
PM-9002,2026-05-16,16,15,1
PM-9002,2026-05-17,15,15,0
PM-9002,2026-05-18,15,15,0
PM-9002,2026-05-19,15,14,1
PM-9002,2026-05-20,14,13,1
PM-9002,2026-05-21,13,13,0
PM-9002,2026-05-22,13,13,0
PM-9002,2026-05-23,13,12,1
PM-9002,2026-05-24,12,12,0
PM-9002,2026-05-25,12,12,0
PM-9002,2026-05-26,12,12,0
PM-9002,2026-05-27,12,12,0
PM-9002,2026-05-28,12,12,0
PM-9002,2026-05-29,12,12,0
PM-9002,2026-05-30,12,12,0
PM-9002,2026-05-31,12,12,0
PM-9002,2026-06-01,12,12,0
PM-9002,2026-06-02,12,12,0
PM-9002,2026-06-03,12,12,0
PM-9002,2026-06-04,12,12,0
PM-9002,2026-06-05,12,11,1
PM-9002,2026-06-06,11,11,0
PM-9002,2026-06-07,11,11,0
PM-9002,2026-06-08,11,11,0
PM-9002,2026-06-09,11,10,1
PM-9002,2026-06-10,10,9,1
PM-9002,2026-06-11,9,9,0
PM-9002,2026-06-12,9,9,0
PM-9002,2026-06-13,9,9,0
PM-9002,2026-06-14,9,9,0
PM-9002,2026-06-15,9,7,2
PM-9002,2026-06-16,7,7,0
PM-9002,2026-06-17,7,7,0
PM-9002,2026-06-18,7,5,2
PM-9002,2026-06-19,5,5,0
PM-9002,2026-06-20,5,5,0
PM-9002,2026-06-21,5,5,0
PM-9002,2026-06-22,5,5,0
PM-9002,2026-06-23,16,13,3
PM-9002,2026-06-24,13,13,0
PM-9002,2026-06-25,13,13,0
PM-9002,2026-06-26,13,12,1
PM-9002,2026-06-27,12,8,4
PM-9002,2026-06-28,8,8,0
PM-9002,2026-06-29,8,8,0
PM-9002,2026-06-30,8,7,1
PM-9002,2026-07-01,7,7,0
PM-9002,2026-07-02,7,7,0
PM-9002,2026-07-03,7,7,0
PM-9002,2026-07-04,7,7,0
PM-9002,2026-07-05,7,7,0
PM-9002,2026-07-06,7,6,1
PM-9002,2026-07-07,6,6,0
PM-9002,2026-07-08,6,6,0
PM-9002,2026-07-09,6,6,0
PM-9002,2026-07-10,6,6,0
PM-9002,2026-07-11,6,6,0
PM-9002,2026-07-12,6,6,0
PM-9002,2026-07-13,6,6,0
PM-9002,2026-07-14,6,6,0
PM-9002,2026-07-15,6,6,0
PM-9002,2026-07-16,6,6,0
PM-9002,2026-07-17,6,5,1
PM-9002,2026-07-18,5,5,0
PM-9002,2026-07-19,5,5,0
PM-9002,2026-07-20,5,5,0
PM-9002,2026-07-21,5,5,0
PM-9002,2026-07-22,5,3,2
PM-9002,2026-07-23,3,1,2
PM-9002,2026-07-24,1,1,0
PM-9002,2026-07-25,12,12,0
PM-9002,2026-07-26,12,12,0
PM-9002,2026-07-27,12,12,0
PM-9002,2026-07-28,12,9,3
PM-9002,2026-07-29,9,9,0
PM-9002,2026-07-30,9,9,0
PM-9002,2026-07-31,9,9,0
PM-9002,2026-08-01,9,9,0
PM-9002,2026-08-02,9,9,0
PM-9002,2026-08-03,9,9,0
PM-9002,2026-08-04,9,9,0
PM-9002,2026-08-05,9,9,0
PM-9002,2026-08-06,9,8,1
PM-9002,2026-08-07,8,7,1
PM-9002,2026-08-08,7,7,0
PM-9002,2026-08-09,7,7,0
PM-9002,2026-08-10,7,7,0
PM-9002,2026-08-11,7,7,0
PM-9002,2026-08-12,7,7,0
PM-9002,2026-08-13,7,7,0
PM-9002,2026-08-14,7,7,0
PM-9002,2026-08-15,7,7,0
PM-9002,2026-08-16,7,7,0
PM-9002,2026-08-17,7,7,0
PM-9002,2026-08-18,7,7,0
PM-9002,2026-08-19,7,7,0
PM-9002,2026-08-20,7,5,2
PM-9002,2026-08-21,5,5,0
PM-9002,2026-08-22,5,0,5
PM-9002,2026-08-23,0,0,0
PM-9002,2026-08-24,0,0,0
PM-9002,2026-08-25,0,0,0
PM-9002,2026-08-26,0,0,0
PM-9002,2026-08-27,0,0,0
PM-9002,2026-08-28,11,11,0
PM-9003,2026-05-01,23,23,0
PM-9003,2026-05-02,23,22,1
PM-9003,2026-05-03,22,22,0
PM-9003,2026-05-04,22,22,0
PM-9003,2026-05-05,22,21,1
PM-9003,2026-05-06,21,19,2
PM-9003,2026-05-07,19,19,0
PM-9003,2026-05-08,19,16,3
PM-9003,2026-05-09,16,16,0
PM-9003,2026-05-10,16,16,0
PM-9003,2026-05-11,16,16,0
PM-9003,2026-05-12,16,13,3
PM-9003,2026-05-13,13,13,0
PM-9003,2026-05-14,13,13,0
PM-9003,2026-05-15,13,13,0
PM-9003,2026-05-16,13,13,0
PM-9003,2026-05-17,13,13,0
PM-9003,2026-05-18,13,13,0
PM-9003,2026-05-19,13,13,0
PM-9003,2026-05-20,13,13,0
PM-9003,2026-05-21,13,8,5
PM-9003,2026-05-22,8,8,0
PM-9003,2026-05-23,8,8,0
PM-9003,2026-05-24,8,8,0
PM-9003,2026-05-25,8,7,1
PM-9003,2026-05-26,7,7,0
PM-9003,2026-05-27,7,7,0
PM-9003,2026-05-28,7,7,0
PM-9003,2026-05-29,7,7,0
PM-9003,2026-05-30,7,7,0
PM-9003,2026-05-31,7,7,0
PM-9003,2026-06-01,7,7,0
PM-9003,2026-06-02,7,7,0
PM-9003,2026-06-03,7,6,1
PM-9003,2026-06-04,6,6,0
PM-9003,2026-06-05,6,6,0
PM-9003,2026-06-06,6,6,0
PM-9003,2026-06-07,6,6,0
PM-9003,2026-06-08,6,4,2
PM-9003,2026-06-09,4,4,0
PM-9003,2026-06-10,4,1,3
PM-9003,2026-06-11,1,0,1
PM-9003,2026-06-12,0,0,0
PM-9003,2026-06-13,0,0,0
PM-9003,2026-06-14,0,0,0
PM-9003,2026-06-15,0,0,0
PM-9003,2026-06-16,0,0,0
PM-9003,2026-06-17,0,0,0
PM-9003,2026-06-18,0,0,0
PM-9003,2026-06-19,0,0,0
PM-9003,2026-06-20,0,0,0
PM-9003,2026-06-21,0,0,0
PM-9003,2026-06-22,18,17,1
PM-9003,2026-06-23,17,16,1
PM-9003,2026-06-24,16,16,0
PM-9003,2026-06-25,16,15,1
PM-9003,2026-06-26,15,14,1
PM-9003,2026-06-27,14,14,0
PM-9003,2026-06-28,14,14,0
PM-9003,2026-06-29,14,13,1
PM-9003,2026-06-30,13,13,0
PM-9003,2026-07-01,13,11,2
PM-9003,2026-07-02,11,11,0
PM-9003,2026-07-03,11,11,0
PM-9003,2026-07-04,11,10,1
PM-9003,2026-07-05,10,10,0
PM-9003,2026-07-06,10,10,0
PM-9003,2026-07-07,10,7,3
PM-9003,2026-07-08,7,7,0
PM-9003,2026-07-09,7,7,0
PM-9003,2026-07-10,7,7,0
PM-9003,2026-07-11,7,7,0
PM-9003,2026-07-12,7,7,0
PM-9003,2026-07-13,7,7,0
PM-9003,2026-07-14,7,7,0
PM-9003,2026-07-15,7,6,1
PM-9003,2026-07-16,6,5,1
PM-9003,2026-07-17,5,2,3
PM-9003,2026-07-18,2,2,0
PM-9003,2026-07-19,2,2,0
PM-9003,2026-07-20,2,2,0
PM-9003,2026-07-21,2,0,2
PM-9003,2026-07-22,0,0,0
PM-9003,2026-07-23,0,0,0
PM-9003,2026-07-24,0,0,0
PM-9003,2026-07-25,0,0,0
PM-9003,2026-07-26,0,0,0
PM-9003,2026-07-27,0,0,0
PM-9003,2026-07-28,0,0,0
PM-9003,2026-07-29,0,0,0
PM-9003,2026-07-30,0,0,0
PM-9003,2026-07-31,0,0,0
PM-9003,2026-08-01,0,0,0
PM-9003,2026-08-02,0,0,0
PM-9003,2026-08-03,0,0,0
PM-9003,2026-08-04,0,0,0
PM-9003,2026-08-05,0,0,0
PM-9003,2026-08-06,0,0,0
PM-9003,2026-08-07,0,0,0
PM-9003,2026-08-08,0,0,0
PM-9003,2026-08-09,0,0,0
PM-9003,2026-08-10,18,16,2
PM-9003,2026-08-11,16,16,0
PM-9003,2026-08-12,16,14,2
PM-9003,2026-08-13,14,14,0
PM-9003,2026-08-14,14,13,1
PM-9003,2026-08-15,13,13,0
PM-9003,2026-08-16,13,13,0
PM-9003,2026-08-17,13,11,2
PM-9003,2026-08-18,11,11,0
PM-9003,2026-08-19,11,11,0
PM-9003,2026-08-20,11,11,0
PM-9003,2026-08-21,11,11,0
PM-9003,2026-08-22,11,9,2
PM-9003,2026-08-23,9,9,0
PM-9003,2026-08-24,9,8,1
PM-9003,2026-08-25,8,5,3
PM-9003,2026-08-26,5,5,0
PM-9003,2026-08-27,5,3,2
PM-9003,2026-08-28,3,0,3
PM-9004,2026-05-01,125,125,0
PM-9004,2026-05-02,125,122,3
PM-9004,2026-05-03,122,122,0
PM-9004,2026-05-04,122,122,0
PM-9004,2026-05-05,122,114,8
PM-9004,2026-05-06,114,110,4
PM-9004,2026-05-07,110,109,1
PM-9004,2026-05-08,109,105,4
PM-9004,2026-05-09,105,105,0
PM-9004,2026-05-10,105,105,0
PM-9004,2026-05-11,105,105,0
PM-9004,2026-05-12,105,105,0
PM-9004,2026-05-13,105,99,6
PM-9004,2026-05-14,99,99,0
PM-9004,2026-05-15,99,98,1
PM-9004,2026-05-16,98,98,0
PM-9004,2026-05-17,98,98,0
PM-9004,2026-05-18,98,97,1
PM-9004,2026-05-19,97,97,0
PM-9004,2026-05-20,97,85,12
PM-9004,2026-05-21,85,78,7
PM-9004,2026-05-22,78,78,0
PM-9004,2026-05-23,78,78,0
PM-9004,2026-05-24,78,78,0
PM-9004,2026-05-25,78,78,0
PM-9004,2026-05-26,78,78,0
PM-9004,2026-05-27,78,78,0
PM-9004,2026-05-28,78,76,2
PM-9004,2026-05-29,76,70,6
PM-9004,2026-05-30,70,70,0
PM-9004,2026-05-31,70,70,0
PM-9004,2026-06-01,70,70,0
PM-9004,2026-06-02,70,64,6
PM-9004,2026-06-03,64,64,0
PM-9004,2026-06-04,64,64,0
PM-9004,2026-06-05,64,62,2
PM-9004,2026-06-06,62,62,0
PM-9004,2026-06-07,62,62,0
PM-9004,2026-06-08,62,62,0
PM-9004,2026-06-09,62,62,0
PM-9004,2026-06-10,62,61,1
PM-9004,2026-06-11,61,60,1
PM-9004,2026-06-12,60,52,8
PM-9004,2026-06-13,52,49,3
PM-9004,2026-06-14,49,49,0
PM-9004,2026-06-15,49,45,4
PM-9004,2026-06-16,45,45,0
PM-9004,2026-06-17,45,45,0
PM-9004,2026-06-18,45,45,0
PM-9004,2026-06-19,45,42,3
PM-9004,2026-06-20,42,39,3
PM-9004,2026-06-21,39,39,0
PM-9004,2026-06-22,39,36,3
PM-9004,2026-06-23,36,28,8
PM-9004,2026-06-24,28,28,0
PM-9004,2026-06-25,28,26,2
PM-9004,2026-06-26,26,26,0
PM-9004,2026-06-27,26,26,0
PM-9004,2026-06-28,26,26,0
PM-9004,2026-06-29,26,26,0
PM-9004,2026-06-30,26,26,0
PM-9004,2026-07-01,26,25,1
PM-9004,2026-07-02,25,25,0
PM-9004,2026-07-03,25,24,1
PM-9004,2026-07-04,24,24,0
PM-9004,2026-07-05,24,24,0
PM-9004,2026-07-06,24,24,0
PM-9004,2026-07-07,24,23,1
PM-9004,2026-07-08,23,22,1
PM-9004,2026-07-09,22,22,0
PM-9004,2026-07-10,87,87,0
PM-9004,2026-07-11,87,87,0
PM-9004,2026-07-12,87,87,0
PM-9004,2026-07-13,87,85,2
PM-9004,2026-07-14,85,81,4
PM-9004,2026-07-15,81,70,11
PM-9004,2026-07-16,70,70,0
PM-9004,2026-07-17,70,66,4
PM-9004,2026-07-18,66,66,0
PM-9004,2026-07-19,66,66,0
PM-9004,2026-07-20,66,59,7
PM-9004,2026-07-21,59,55,4
PM-9004,2026-07-22,55,43,12
PM-9004,2026-07-23,43,36,7
PM-9004,2026-07-24,36,36,0
PM-9004,2026-07-25,36,36,0
PM-9004,2026-07-26,36,36,0
PM-9004,2026-07-27,36,36,0
PM-9004,2026-07-28,36,32,4
PM-9004,2026-07-29,32,21,11
PM-9004,2026-07-30,21,0,21
PM-9004,2026-07-31,0,0,0
PM-9004,2026-08-01,0,0,0
PM-9004,2026-08-02,0,0,0
PM-9004,2026-08-03,0,0,0
PM-9004,2026-08-04,0,0,0
PM-9004,2026-08-05,0,0,0
PM-9004,2026-08-06,0,0,0
PM-9004,2026-08-07,0,0,0
PM-9004,2026-08-08,0,0,0
PM-9004,2026-08-09,0,0,0
PM-9004,2026-08-10,0,0,0
PM-9004,2026-08-11,0,0,0
PM-9004,2026-08-12,0,0,0
PM-9004,2026-08-13,65,47,18
PM-9004,2026-08-14,47,47,0
PM-9004,2026-08-15,47,47,0
PM-9004,2026-08-16,47,47,0
PM-9004,2026-08-17,47,45,2
PM-9004,2026-08-18,45,43,2
PM-9004,2026-08-19,43,43,0
PM-9004,2026-08-20,43,12,31
PM-9004,2026-08-21,12,2,10
PM-9004,2026-08-22,2,2,0
PM-9004,2026-08-23,2,2,0
PM-9004,2026-08-24,2,2,0
PM-9004,2026-08-25,2,0,2
PM-9004,2026-08-26,0,0,0
PM-9004,2026-08-27,0,0,0
PM-9004,2026-08-28,0,0,0
PM-9005,2026-05-01,16,16,0
PM-9005,2026-05-02,16,16,0
PM-9005,2026-05-03,16,16,0
PM-9005,2026-05-04,16,16,0
PM-9005,2026-05-05,16,16,0
PM-9005,2026-05-06,16,15,1
PM-9005,2026-05-07,15,15,0
PM-9005,2026-05-08,15,13,2
PM-9005,2026-05-09,13,12,1
PM-9005,2026-05-10,12,12,0
PM-9005,2026-05-11,12,12,0
PM-9005,2026-05-12,12,8,4
PM-9005,2026-05-13,8,8,0
PM-9005,2026-05-14,8,8,0
PM-9005,2026-05-15,8,8,0
PM-9005,2026-05-16,8,7,1
PM-9005,2026-05-17,7,7,0
PM-9005,2026-05-18,7,7,0
PM-9005,2026-05-19,7,7,0
PM-9005,2026-05-20,7,6,1
PM-9005,2026-05-21,6,6,0
PM-9005,2026-05-22,6,6,0
PM-9005,2026-05-23,6,6,0
PM-9005,2026-05-24,6,6,0
PM-9005,2026-05-25,6,5,1
PM-9005,2026-05-26,5,5,0
PM-9005,2026-05-27,5,4,1
PM-9005,2026-05-28,4,1,3
PM-9005,2026-05-29,1,1,0
PM-9005,2026-05-30,1,1,0
PM-9005,2026-05-31,1,1,0
PM-9005,2026-06-01,1,0,1
PM-9005,2026-06-02,0,0,0
PM-9005,2026-06-03,0,0,0
PM-9005,2026-06-04,0,0,0
PM-9005,2026-06-05,0,0,0
PM-9005,2026-06-06,0,0,0
PM-9005,2026-06-07,0,0,0
PM-9005,2026-06-08,0,0,0
PM-9005,2026-06-09,0,0,0
PM-9005,2026-06-10,0,0,0
PM-9005,2026-06-11,0,0,0
PM-9005,2026-06-12,0,0,0
PM-9005,2026-06-13,0,0,0
PM-9005,2026-06-14,0,0,0
PM-9005,2026-06-15,0,0,0
PM-9005,2026-06-16,0,0,0
PM-9005,2026-06-17,14,14,0
PM-9005,2026-06-18,14,13,1
PM-9005,2026-06-19,13,13,0
PM-9005,2026-06-20,13,13,0
PM-9005,2026-06-21,13,13,0
PM-9005,2026-06-22,13,13,0
PM-9005,2026-06-23,13,12,1
PM-9005,2026-06-24,12,12,0
PM-9005,2026-06-25,12,12,0
PM-9005,2026-06-26,12,12,0
PM-9005,2026-06-27,12,12,0
PM-9005,2026-06-28,12,12,0
PM-9005,2026-06-29,12,11,1
PM-9005,2026-06-30,11,11,0
PM-9005,2026-07-01,11,10,1
PM-9005,2026-07-02,10,10,0
PM-9005,2026-07-03,10,9,1
PM-9005,2026-07-04,9,9,0
PM-9005,2026-07-05,9,9,0
PM-9005,2026-07-06,9,9,0
PM-9005,2026-07-07,9,9,0
PM-9005,2026-07-08,9,9,0
PM-9005,2026-07-09,9,8,1
PM-9005,2026-07-10,8,7,1
PM-9005,2026-07-11,7,7,0
PM-9005,2026-07-12,7,7,0
PM-9005,2026-07-13,7,7,0
PM-9005,2026-07-14,7,7,0
PM-9005,2026-07-15,7,7,0
PM-9005,2026-07-16,7,6,1
PM-9005,2026-07-17,6,6,0
PM-9005,2026-07-18,6,6,0
PM-9005,2026-07-19,6,6,0
PM-9005,2026-07-20,6,4,2
PM-9005,2026-07-21,4,3,1
PM-9005,2026-07-22,3,2,1
PM-9005,2026-07-23,2,1,1
PM-9005,2026-07-24,1,1,0
PM-9005,2026-07-25,1,1,0
PM-9005,2026-07-26,1,1,0
PM-9005,2026-07-27,1,1,0
PM-9005,2026-07-28,1,1,0
PM-9005,2026-07-29,1,1,0
PM-9005,2026-07-30,1,1,0
PM-9005,2026-07-31,1,1,0
PM-9005,2026-08-01,1,1,0
PM-9005,2026-08-02,1,1,0
PM-9005,2026-08-03,15,15,0
PM-9005,2026-08-04,15,15,0
PM-9005,2026-08-05,15,15,0
PM-9005,2026-08-06,15,15,0
PM-9005,2026-08-07,15,15,0
PM-9005,2026-08-08,15,15,0
PM-9005,2026-08-09,15,15,0
PM-9005,2026-08-10,15,15,0
PM-9005,2026-08-11,15,15,0
PM-9005,2026-08-12,15,14,1
PM-9005,2026-08-13,14,14,0
PM-9005,2026-08-14,14,14,0
PM-9005,2026-08-15,14,13,1
PM-9005,2026-08-16,13,13,0
PM-9005,2026-08-17,13,12,1
PM-9005,2026-08-18,12,12,0
PM-9005,2026-08-19,12,11,1
PM-9005,2026-08-20,11,11,0
PM-9005,2026-08-21,11,11,0
PM-9005,2026-08-22,11,10,1
PM-9005,2026-08-23,10,10,0
PM-9005,2026-08-24,10,10,0
PM-9005,2026-08-25,10,8,2
PM-9005,2026-08-26,8,7,1
PM-9005,2026-08-27,7,7,0
PM-9005,2026-08-28,7,6,1
PM-9006,2026-05-01,4,4,0
PM-9006,2026-05-02,4,4,0
PM-9006,2026-05-03,4,4,0
PM-9006,2026-05-04,4,4,0
PM-9006,2026-05-05,4,4,0
PM-9006,2026-05-06,4,4,0
PM-9006,2026-05-07,4,4,0
PM-9006,2026-05-08,4,4,0
PM-9006,2026-05-09,4,4,0
PM-9006,2026-05-10,4,4,0
PM-9006,2026-05-11,4,4,0
PM-9006,2026-05-12,4,4,0
PM-9006,2026-05-13,4,4,0
PM-9006,2026-05-14,4,4,0
PM-9006,2026-05-15,4,4,0
PM-9006,2026-05-16,4,4,0
PM-9006,2026-05-17,4,4,0
PM-9006,2026-05-18,4,4,0
PM-9006,2026-05-19,4,4,0
PM-9006,2026-05-20,4,4,0
PM-9006,2026-05-21,4,4,0
PM-9006,2026-05-22,4,4,0
PM-9006,2026-05-23,4,4,0
PM-9006,2026-05-24,4,4,0
PM-9006,2026-05-25,4,3,1
PM-9006,2026-05-26,3,3,0
PM-9006,2026-05-27,3,3,0
PM-9006,2026-05-28,3,3,0
PM-9006,2026-05-29,3,3,0
PM-9006,2026-05-30,3,3,0
PM-9006,2026-05-31,3,3,0
PM-9006,2026-06-01,3,3,0
PM-9006,2026-06-02,3,3,0
PM-9006,2026-06-03,3,3,0
PM-9006,2026-06-04,3,3,0
PM-9006,2026-06-05,3,3,0
PM-9006,2026-06-06,3,2,1
PM-9006,2026-06-07,2,2,0
PM-9006,2026-06-08,2,2,0
PM-9006,2026-06-09,2,2,0
PM-9006,2026-06-10,2,2,0
PM-9006,2026-06-11,2,2,0
PM-9006,2026-06-12,2,2,0
PM-9006,2026-06-13,2,2,0
PM-9006,2026-06-14,2,2,0
PM-9006,2026-06-15,2,2,0
PM-9006,2026-06-16,2,2,0
PM-9006,2026-06-17,2,2,0
PM-9006,2026-06-18,2,2,0
PM-9006,2026-06-19,2,2,0
PM-9006,2026-06-20,2,2,0
PM-9006,2026-06-21,2,2,0
PM-9006,2026-06-22,2,2,0
PM-9006,2026-06-23,2,2,0
PM-9006,2026-06-24,2,2,0
PM-9006,2026-06-25,2,2,0
PM-9006,2026-06-26,2,2,0
PM-9006,2026-06-27,2,2,0
PM-9006,2026-06-28,2,2,0
PM-9006,2026-06-29,2,2,0
PM-9006,2026-06-30,2,2,0
PM-9006,2026-07-01,2,2,0
PM-9006,2026-07-02,2,2,0
PM-9006,2026-07-03,2,2,0
PM-9006,2026-07-04,2,2,0
PM-9006,2026-07-05,2,2,0
PM-9006,2026-07-06,2,1,1
PM-9006,2026-07-07,1,1,0
PM-9006,2026-07-08,1,1,0
PM-9006,2026-07-09,1,1,0
PM-9006,2026-07-10,1,1,0
PM-9006,2026-07-11,1,0,1
PM-9006,2026-07-12,0,0,0
PM-9006,2026-07-13,0,0,0
PM-9006,2026-07-14,0,0,0
PM-9006,2026-07-15,0,0,0
PM-9006,2026-07-16,0,0,0
PM-9006,2026-07-17,0,0,0
PM-9006,2026-07-18,0,0,0
PM-9006,2026-07-19,0,0,0
PM-9006,2026-07-20,0,0,0
PM-9006,2026-07-21,0,0,0
PM-9006,2026-07-22,0,0,0
PM-9006,2026-07-23,0,0,0
PM-9006,2026-07-24,0,0,0
PM-9006,2026-07-25,0,0,0
PM-9006,2026-07-26,0,0,0
PM-9006,2026-07-27,0,0,0
PM-9006,2026-07-28,0,0,0
PM-9006,2026-07-29,0,0,0
PM-9006,2026-07-30,0,0,0
PM-9006,2026-07-31,0,0,0
PM-9006,2026-08-01,0,0,0
PM-9006,2026-08-02,0,0,0
PM-9006,2026-08-03,0,0,0
PM-9006,2026-08-04,0,0,0
PM-9006,2026-08-05,0,0,0
PM-9006,2026-08-06,0,0,0
PM-9006,2026-08-07,0,0,0
PM-9006,2026-08-08,0,0,0
PM-9006,2026-08-09,0,0,0
PM-9006,2026-08-10,0,0,0
PM-9006,2026-08-11,0,0,0
PM-9006,2026-08-12,0,0,0
PM-9006,2026-08-13,0,0,0
PM-9006,2026-08-14,0,0,0
PM-9006,2026-08-15,0,0,0
PM-9006,2026-08-16,0,0,0
PM-9006,2026-08-17,1,1,0
PM-9006,2026-08-18,1,1,0
PM-9006,2026-08-19,1,1,0
PM-9006,2026-08-20,1,1,0
PM-9006,2026-08-21,1,1,0
PM-9006,2026-08-22,1,1,0
PM-9006,2026-08-23,1,1,0
PM-9006,2026-08-24,1,1,0
PM-9006,2026-08-25,1,1,0
PM-9006,2026-08-26,1,1,0
PM-9006,2026-08-27,1,1,0
PM-9006,2026-08-28,1,1,0
PM-9007,2026-05-01,3,3,0
PM-9007,2026-05-02,3,3,0
PM-9007,2026-05-03,3,3,0
PM-9007,2026-05-04,3,3,0
PM-9007,2026-05-05,3,3,0
PM-9007,2026-05-06,3,3,0
PM-9007,2026-05-07,3,3,0
PM-9007,2026-05-08,3,3,0
PM-9007,2026-05-09,3,3,0
PM-9007,2026-05-10,3,3,0
PM-9007,2026-05-11,3,3,0
PM-9007,2026-05-12,3,3,0
PM-9007,2026-05-13,3,3,0
PM-9007,2026-05-14,3,3,0
PM-9007,2026-05-15,3,2,1
PM-9007,2026-05-16,2,2,0
PM-9007,2026-05-17,2,2,0
PM-9007,2026-05-18,2,2,0
PM-9007,2026-05-19,2,2,0
PM-9007,2026-05-20,2,0,2
PM-9007,2026-05-21,0,0,0
PM-9007,2026-05-22,0,0,0
PM-9007,2026-05-23,0,0,0
PM-9007,2026-05-24,0,0,0
PM-9007,2026-05-25,0,0,0
PM-9007,2026-05-26,0,0,0
PM-9007,2026-05-27,0,0,0
PM-9007,2026-05-28,0,0,0
PM-9007,2026-05-29,0,0,0
PM-9007,2026-05-30,0,0,0
PM-9007,2026-05-31,0,0,0
PM-9007,2026-06-01,0,0,0
PM-9007,2026-06-02,0,0,0
PM-9007,2026-06-03,0,0,0
PM-9007,2026-06-04,0,0,0
PM-9007,2026-06-05,0,0,0
PM-9007,2026-06-06,0,0,0
PM-9007,2026-06-07,0,0,0
PM-9007,2026-06-08,0,0,0
PM-9007,2026-06-09,0,0,0
PM-9007,2026-06-10,0,0,0
PM-9007,2026-06-11,0,0,0
PM-9007,2026-06-12,0,0,0
PM-9007,2026-06-13,0,0,0
PM-9007,2026-06-14,0,0,0
PM-9007,2026-06-15,0,0,0
PM-9007,2026-06-16,0,0,0
PM-9007,2026-06-17,0,0,0
PM-9007,2026-06-18,0,0,0
PM-9007,2026-06-19,0,0,0
PM-9007,2026-06-20,0,0,0
PM-9007,2026-06-21,0,0,0
PM-9007,2026-06-22,0,0,0
PM-9007,2026-06-23,0,0,0
PM-9007,2026-06-24,0,0,0
PM-9007,2026-06-25,0,0,0
PM-9007,2026-06-26,0,0,0
PM-9007,2026-06-27,0,0,0
PM-9007,2026-06-28,0,0,0
PM-9007,2026-06-29,0,0,0
PM-9007,2026-06-30,0,0,0
PM-9007,2026-07-01,0,0,0
PM-9007,2026-07-02,0,0,0
PM-9007,2026-07-03,0,0,0
PM-9007,2026-07-04,0,0,0
PM-9007,2026-07-05,0,0,0
PM-9007,2026-07-06,0,0,0
PM-9007,2026-07-07,0,0,0
PM-9007,2026-07-08,0,0,0
PM-9007,2026-07-09,2,2,0
PM-9007,2026-07-10,2,2,0
PM-9007,2026-07-11,2,2,0
PM-9007,2026-07-12,2,2,0
PM-9007,2026-07-13,2,2,0
PM-9007,2026-07-14,2,2,0
PM-9007,2026-07-15,2,2,0
PM-9007,2026-07-16,2,2,0
PM-9007,2026-07-17,2,2,0
PM-9007,2026-07-18,2,2,0
PM-9007,2026-07-19,2,2,0
PM-9007,2026-07-20,2,2,0
PM-9007,2026-07-21,2,2,0
PM-9007,2026-07-22,2,2,0
PM-9007,2026-07-23,2,2,0
PM-9007,2026-07-24,2,2,0
PM-9007,2026-07-25,2,2,0
PM-9007,2026-07-26,2,2,0
PM-9007,2026-07-27,2,2,0
PM-9007,2026-07-28,2,2,0
PM-9007,2026-07-29,2,2,0
PM-9007,2026-07-30,2,2,0
PM-9007,2026-07-31,2,2,0
PM-9007,2026-08-01,2,2,0
PM-9007,2026-08-02,2,2,0
PM-9007,2026-08-03,2,2,0
PM-9007,2026-08-04,2,2,0
PM-9007,2026-08-05,2,2,0
PM-9007,2026-08-06,2,2,0
PM-9007,2026-08-07,2,2,0
PM-9007,2026-08-08,2,2,0
PM-9007,2026-08-09,2,2,0
PM-9007,2026-08-10,2,2,0
PM-9007,2026-08-11,2,2,0
PM-9007,2026-08-12,2,2,0
PM-9007,2026-08-13,2,2,0
PM-9007,2026-08-14,2,2,0
PM-9007,2026-08-15,2,2,0
PM-9007,2026-08-16,2,2,0
PM-9007,2026-08-17,2,2,0
PM-9007,2026-08-18,2,2,0
PM-9007,2026-08-19,2,2,0
PM-9007,2026-08-20,2,2,0
PM-9007,2026-08-21,2,2,0
PM-9007,2026-08-22,2,2,0
PM-9007,2026-08-23,2,2,0
PM-9007,2026-08-24,2,2,0
PM-9007,2026-08-25,2,2,0
PM-9007,2026-08-26,2,2,0
PM-9007,2026-08-27,2,2,0
PM-9007,2026-08-28,2,2,0
PA-1001-01,2026-05-01,620,620,0
PA-1001-01,2026-05-02,620,619,1
PA-1001-01,2026-05-03,619,619,0
PA-1001-01,2026-05-04,619,557,62
PA-1001-01,2026-05-05,557,553,4
PA-1001-01,2026-05-06,553,544,9
PA-1001-01,2026-05-07,544,536,8
PA-1001-01,2026-05-08,536,508,28
PA-1001-01,2026-05-09,508,508,0
PA-1001-01,2026-05-10,508,508,0
PA-1001-01,2026-05-11,508,474,34
PA-1001-01,2026-05-12,474,460,14
PA-1001-01,2026-05-13,460,452,8
PA-1001-01,2026-05-14,452,445,7
PA-1001-01,2026-05-15,445,442,3
PA-1001-01,2026-05-16,442,430,12
PA-1001-01,2026-05-17,430,430,0
PA-1001-01,2026-05-18,430,426,4
PA-1001-01,2026-05-19,426,426,0
PA-1001-01,2026-05-20,426,423,3
PA-1001-01,2026-05-21,423,421,2
PA-1001-01,2026-05-22,421,360,61
PA-1001-01,2026-05-23,360,360,0
PA-1001-01,2026-05-24,360,360,0
PA-1001-01,2026-05-25,360,358,2
PA-1001-01,2026-05-26,358,344,14
PA-1001-01,2026-05-27,344,342,2
PA-1001-01,2026-05-28,342,335,7
PA-1001-01,2026-05-29,335,335,0
PA-1001-01,2026-05-30,335,335,0
PA-1001-01,2026-05-31,335,335,0
PA-1001-01,2026-06-01,335,330,5
PA-1001-01,2026-06-02,330,319,11
PA-1001-01,2026-06-03,319,310,9
PA-1001-01,2026-06-04,310,310,0
PA-1001-01,2026-06-05,310,310,0
PA-1001-01,2026-06-06,310,301,9
PA-1001-01,2026-06-07,301,301,0
PA-1001-01,2026-06-08,301,209,92
PA-1001-01,2026-06-09,209,192,17
PA-1001-01,2026-06-10,192,192,0
PA-1001-01,2026-06-11,192,185,7
PA-1001-01,2026-06-12,185,185,0
PA-1001-01,2026-06-13,185,184,1
PA-1001-01,2026-06-14,184,184,0
PA-1001-01,2026-06-15,184,141,43
PA-1001-01,2026-06-16,141,141,0
PA-1001-01,2026-06-17,141,141,0
PA-1001-01,2026-06-18,141,134,7
PA-1001-01,2026-06-19,134,134,0
PA-1001-01,2026-06-20,134,133,1
PA-1001-01,2026-06-21,133,133,0
PA-1001-01,2026-06-22,133,12,121
PA-1001-01,2026-06-23,458,403,55
PA-1001-01,2026-06-24,403,397,6
PA-1001-01,2026-06-25,397,397,0
PA-1001-01,2026-06-26,397,370,27
PA-1001-01,2026-06-27,370,359,11
PA-1001-01,2026-06-28,359,359,0
PA-1001-01,2026-06-29,359,354,5
PA-1001-01,2026-06-30,354,353,1
PA-1001-01,2026-07-01,353,350,3
PA-1001-01,2026-07-02,350,344,6
PA-1001-01,2026-07-03,344,326,18
PA-1001-01,2026-07-04,326,318,8
PA-1001-01,2026-07-05,318,318,0
PA-1001-01,2026-07-06,318,293,25
PA-1001-01,2026-07-07,293,289,4
PA-1001-01,2026-07-08,289,276,13
PA-1001-01,2026-07-09,276,276,0
PA-1001-01,2026-07-10,276,270,6
PA-1001-01,2026-07-11,270,254,16
PA-1001-01,2026-07-12,254,254,0
PA-1001-01,2026-07-13,254,231,23
PA-1001-01,2026-07-14,231,185,46
PA-1001-01,2026-07-15,185,159,26
PA-1001-01,2026-07-16,159,126,33
PA-1001-01,2026-07-17,126,124,2
PA-1001-01,2026-07-18,124,124,0
PA-1001-01,2026-07-19,124,124,0
PA-1001-01,2026-07-20,124,115,9
PA-1001-01,2026-07-21,115,50,65
PA-1001-01,2026-07-22,50,0,50
PA-1001-01,2026-07-23,0,0,0
PA-1001-01,2026-07-24,0,0,0
PA-1001-01,2026-07-25,0,0,0
PA-1001-01,2026-07-26,0,0,0
PA-1001-01,2026-07-27,0,0,0
PA-1001-01,2026-07-28,0,0,0
PA-1001-01,2026-07-29,446,415,31
PA-1001-01,2026-07-30,415,406,9
PA-1001-01,2026-07-31,406,386,20
PA-1001-01,2026-08-01,386,363,23
PA-1001-01,2026-08-02,363,363,0
PA-1001-01,2026-08-03,363,355,8
PA-1001-01,2026-08-04,355,326,29
PA-1001-01,2026-08-05,326,310,16
PA-1001-01,2026-08-06,310,310,0
PA-1001-01,2026-08-07,310,298,12
PA-1001-01,2026-08-08,298,296,2
PA-1001-01,2026-08-09,296,296,0
PA-1001-01,2026-08-10,296,289,7
PA-1001-01,2026-08-11,289,281,8
PA-1001-01,2026-08-12,281,270,11
PA-1001-01,2026-08-13,270,266,4
PA-1001-01,2026-08-14,266,244,22
PA-1001-01,2026-08-15,244,221,23
PA-1001-01,2026-08-16,221,221,0
PA-1001-01,2026-08-17,221,190,31
PA-1001-01,2026-08-18,190,190,0
PA-1001-01,2026-08-19,190,173,17
PA-1001-01,2026-08-20,173,98,75
PA-1001-01,2026-08-21,98,92,6
PA-1001-01,2026-08-22,92,92,0
PA-1001-01,2026-08-23,92,92,0
PA-1001-01,2026-08-24,92,89,3
PA-1001-01,2026-08-25,89,0,89
PA-1001-01,2026-08-26,0,0,0
PA-1001-01,2026-08-27,0,0,0
PA-1001-01,2026-08-28,0,0,0
PA-1001-02,2026-05-01,126,126,0
PA-1001-02,2026-05-02,126,123,3
PA-1001-02,2026-05-03,123,123,0
PA-1001-02,2026-05-04,123,112,11
PA-1001-02,2026-05-05,112,109,3
PA-1001-02,2026-05-06,109,107,2
PA-1001-02,2026-05-07,107,76,31
PA-1001-02,2026-05-08,76,73,3
PA-1001-02,2026-05-09,73,73,0
PA-1001-02,2026-05-10,73,73,0
PA-1001-02,2026-05-11,73,71,2
PA-1001-02,2026-05-12,71,71,0
PA-1001-02,2026-05-13,71,48,23
PA-1001-02,2026-05-14,48,42,6
PA-1001-02,2026-05-15,42,37,5
PA-1001-02,2026-05-16,37,37,0
PA-1001-02,2026-05-17,37,37,0
PA-1001-02,2026-05-18,37,35,2
PA-1001-02,2026-05-19,35,21,14
PA-1001-02,2026-05-20,21,19,2
PA-1001-02,2026-05-21,19,19,0
PA-1001-02,2026-05-22,19,14,5
PA-1001-02,2026-05-23,14,14,0
PA-1001-02,2026-05-24,14,14,0
PA-1001-02,2026-05-25,14,12,2
PA-1001-02,2026-05-26,12,11,1
PA-1001-02,2026-05-27,11,9,2
PA-1001-02,2026-05-28,9,8,1
PA-1001-02,2026-05-29,8,2,6
PA-1001-02,2026-05-30,132,132,0
PA-1001-02,2026-05-31,132,132,0
PA-1001-02,2026-06-01,132,131,1
PA-1001-02,2026-06-02,131,129,2
PA-1001-02,2026-06-03,129,121,8
PA-1001-02,2026-06-04,121,121,0
PA-1001-02,2026-06-05,121,114,7
PA-1001-02,2026-06-06,114,114,0
PA-1001-02,2026-06-07,114,114,0
PA-1001-02,2026-06-08,114,113,1
PA-1001-02,2026-06-09,113,107,6
PA-1001-02,2026-06-10,107,107,0
PA-1001-02,2026-06-11,107,99,8
PA-1001-02,2026-06-12,99,90,9
PA-1001-02,2026-06-13,90,90,0
PA-1001-02,2026-06-14,90,90,0
PA-1001-02,2026-06-15,90,88,2
PA-1001-02,2026-06-16,88,81,7
PA-1001-02,2026-06-17,81,75,6
PA-1001-02,2026-06-18,75,75,0
PA-1001-02,2026-06-19,75,75,0
PA-1001-02,2026-06-20,75,75,0
PA-1001-02,2026-06-21,75,75,0
PA-1001-02,2026-06-22,75,75,0
PA-1001-02,2026-06-23,75,74,1
PA-1001-02,2026-06-24,74,71,3
PA-1001-02,2026-06-25,71,68,3
PA-1001-02,2026-06-26,68,67,1
PA-1001-02,2026-06-27,67,66,1
PA-1001-02,2026-06-28,66,66,0
PA-1001-02,2026-06-29,66,62,4
PA-1001-02,2026-06-30,62,60,2
PA-1001-02,2026-07-01,60,56,4
PA-1001-02,2026-07-02,56,55,1
PA-1001-02,2026-07-03,55,53,2
PA-1001-02,2026-07-04,53,53,0
PA-1001-02,2026-07-05,53,53,0
PA-1001-02,2026-07-06,53,42,11
PA-1001-02,2026-07-07,173,173,0
PA-1001-02,2026-07-08,173,162,11
PA-1001-02,2026-07-09,162,162,0
PA-1001-02,2026-07-10,162,162,0
PA-1001-02,2026-07-11,162,152,10
PA-1001-02,2026-07-12,152,152,0
PA-1001-02,2026-07-13,152,149,3
PA-1001-02,2026-07-14,149,56,93
PA-1001-02,2026-07-15,56,55,1
PA-1001-02,2026-07-16,55,52,3
PA-1001-02,2026-07-17,52,51,1
PA-1001-02,2026-07-18,51,51,0
PA-1001-02,2026-07-19,51,51,0
PA-1001-02,2026-07-20,51,50,1
PA-1001-02,2026-07-21,50,39,11
PA-1001-02,2026-07-22,39,39,0
PA-1001-02,2026-07-23,39,34,5
PA-1001-02,2026-07-24,34,30,4
PA-1001-02,2026-07-25,30,28,2
PA-1001-02,2026-07-26,28,28,0
PA-1001-02,2026-07-27,28,21,7
PA-1001-02,2026-07-28,21,21,0
PA-1001-02,2026-07-29,21,5,16
PA-1001-02,2026-07-30,5,4,1
PA-1001-02,2026-07-31,134,134,0
PA-1001-02,2026-08-01,134,134,0
PA-1001-02,2026-08-02,134,134,0
PA-1001-02,2026-08-03,134,134,0
PA-1001-02,2026-08-04,134,129,5
PA-1001-02,2026-08-05,129,125,4
PA-1001-02,2026-08-06,125,125,0
PA-1001-02,2026-08-07,125,124,1
PA-1001-02,2026-08-08,124,117,7
PA-1001-02,2026-08-09,117,117,0
PA-1001-02,2026-08-10,117,117,0
PA-1001-02,2026-08-11,117,116,1
PA-1001-02,2026-08-12,116,110,6
PA-1001-02,2026-08-13,110,100,10
PA-1001-02,2026-08-14,100,96,4
PA-1001-02,2026-08-15,96,94,2
PA-1001-02,2026-08-16,94,94,0
PA-1001-02,2026-08-17,94,90,4
PA-1001-02,2026-08-18,90,86,4
PA-1001-02,2026-08-19,86,86,0
PA-1001-02,2026-08-20,86,83,3
PA-1001-02,2026-08-21,83,82,1
PA-1001-02,2026-08-22,82,82,0
PA-1001-02,2026-08-23,82,82,0
PA-1001-02,2026-08-24,82,71,11
PA-1001-02,2026-08-25,71,49,22
PA-1001-02,2026-08-26,49,44,5
PA-1001-02,2026-08-27,44,38,6
PA-1001-02,2026-08-28,38,27,11
PA-1001-03,2026-05-01,103,103,0
PA-1001-03,2026-05-02,103,103,0
PA-1001-03,2026-05-03,103,103,0
PA-1001-03,2026-05-04,103,93,10
PA-1001-03,2026-05-05,93,92,1
PA-1001-03,2026-05-06,92,92,0
PA-1001-03,2026-05-07,92,87,5
PA-1001-03,2026-05-08,87,87,0
PA-1001-03,2026-05-09,87,87,0
PA-1001-03,2026-05-10,87,87,0
PA-1001-03,2026-05-11,87,87,0
PA-1001-03,2026-05-12,87,82,5
PA-1001-03,2026-05-13,82,81,1
PA-1001-03,2026-05-14,81,80,1
PA-1001-03,2026-05-15,80,80,0
PA-1001-03,2026-05-16,80,80,0
PA-1001-03,2026-05-17,80,80,0
PA-1001-03,2026-05-18,80,73,7
PA-1001-03,2026-05-19,73,73,0
PA-1001-03,2026-05-20,73,23,50
PA-1001-03,2026-05-21,23,19,4
PA-1001-03,2026-05-22,19,16,3
PA-1001-03,2026-05-23,16,16,0
PA-1001-03,2026-05-24,16,16,0
PA-1001-03,2026-05-25,16,16,0
PA-1001-03,2026-05-26,16,15,1
PA-1001-03,2026-05-27,15,15,0
PA-1001-03,2026-05-28,15,4,11
PA-1001-03,2026-05-29,4,1,3
PA-1001-03,2026-05-30,1,1,0
PA-1001-03,2026-05-31,1,1,0
PA-1001-03,2026-06-01,1,1,0
PA-1001-03,2026-06-02,67,67,0
PA-1001-03,2026-06-03,67,67,0
PA-1001-03,2026-06-04,67,67,0
PA-1001-03,2026-06-05,67,66,1
PA-1001-03,2026-06-06,66,65,1
PA-1001-03,2026-06-07,65,65,0
PA-1001-03,2026-06-08,65,61,4
PA-1001-03,2026-06-09,61,61,0
PA-1001-03,2026-06-10,61,61,0
PA-1001-03,2026-06-11,61,56,5
PA-1001-03,2026-06-12,56,56,0
PA-1001-03,2026-06-13,56,56,0
PA-1001-03,2026-06-14,56,56,0
PA-1001-03,2026-06-15,56,56,0
PA-1001-03,2026-06-16,56,56,0
PA-1001-03,2026-06-17,56,56,0
PA-1001-03,2026-06-18,56,30,26
PA-1001-03,2026-06-19,30,30,0
PA-1001-03,2026-06-20,30,30,0
PA-1001-03,2026-06-21,30,30,0
PA-1001-03,2026-06-22,30,29,1
PA-1001-03,2026-06-23,29,29,0
PA-1001-03,2026-06-24,29,29,0
PA-1001-03,2026-06-25,29,29,0
PA-1001-03,2026-06-26,29,27,2
PA-1001-03,2026-06-27,94,94,0
PA-1001-03,2026-06-28,94,94,0
PA-1001-03,2026-06-29,94,86,8
PA-1001-03,2026-06-30,86,86,0
PA-1001-03,2026-07-01,86,86,0
PA-1001-03,2026-07-02,86,82,4
PA-1001-03,2026-07-03,82,79,3
PA-1001-03,2026-07-04,79,79,0
PA-1001-03,2026-07-05,79,79,0
PA-1001-03,2026-07-06,79,79,0
PA-1001-03,2026-07-07,79,78,1
PA-1001-03,2026-07-08,78,76,2
PA-1001-03,2026-07-09,76,76,0
PA-1001-03,2026-07-10,76,76,0
PA-1001-03,2026-07-11,76,76,0
PA-1001-03,2026-07-12,76,76,0
PA-1001-03,2026-07-13,76,62,14
PA-1001-03,2026-07-14,62,62,0
PA-1001-03,2026-07-15,62,62,0
PA-1001-03,2026-07-16,62,61,1
PA-1001-03,2026-07-17,61,56,5
PA-1001-03,2026-07-18,56,54,2
PA-1001-03,2026-07-19,54,54,0
PA-1001-03,2026-07-20,54,54,0
PA-1001-03,2026-07-21,54,40,14
PA-1001-03,2026-07-22,40,40,0
PA-1001-03,2026-07-23,40,36,4
PA-1001-03,2026-07-24,36,36,0
PA-1001-03,2026-07-25,36,36,0
PA-1001-03,2026-07-26,36,36,0
PA-1001-03,2026-07-27,36,36,0
PA-1001-03,2026-07-28,36,32,4
PA-1001-03,2026-07-29,32,25,7
PA-1001-03,2026-07-30,25,25,0
PA-1001-03,2026-07-31,25,19,6
PA-1001-03,2026-08-01,19,16,3
PA-1001-03,2026-08-02,16,16,0
PA-1001-03,2026-08-03,82,82,0
PA-1001-03,2026-08-04,82,82,0
PA-1001-03,2026-08-05,82,77,5
PA-1001-03,2026-08-06,77,76,1
PA-1001-03,2026-08-07,76,71,5
PA-1001-03,2026-08-08,71,70,1
PA-1001-03,2026-08-09,70,70,0
PA-1001-03,2026-08-10,70,44,26
PA-1001-03,2026-08-11,44,44,0
PA-1001-03,2026-08-12,44,43,1
PA-1001-03,2026-08-13,43,42,1
PA-1001-03,2026-08-14,42,42,0
PA-1001-03,2026-08-15,42,42,0
PA-1001-03,2026-08-16,42,42,0
PA-1001-03,2026-08-17,42,37,5
PA-1001-03,2026-08-18,37,35,2
PA-1001-03,2026-08-19,35,0,35
PA-1001-03,2026-08-20,0,0,0
PA-1001-03,2026-08-21,0,0,0
PA-1001-03,2026-08-22,0,0,0
PA-1001-03,2026-08-23,0,0,0
PA-1001-03,2026-08-24,0,0,0
PA-1001-03,2026-08-25,0,0,0
PA-1001-03,2026-08-26,66,65,1
PA-1001-03,2026-08-27,65,65,0
PA-1001-03,2026-08-28,65,54,11
PA-1001-04,2026-05-01,47,47,0
PA-1001-04,2026-05-02,47,47,0
PA-1001-04,2026-05-03,47,47,0
PA-1001-04,2026-05-04,47,47,0
PA-1001-04,2026-05-05,47,47,0
PA-1001-04,2026-05-06,47,45,2
PA-1001-04,2026-05-07,45,45,0
PA-1001-04,2026-05-08,45,44,1
PA-1001-04,2026-05-09,44,44,0
PA-1001-04,2026-05-10,44,44,0
PA-1001-04,2026-05-11,44,42,2
PA-1001-04,2026-05-12,42,42,0
PA-1001-04,2026-05-13,42,42,0
PA-1001-04,2026-05-14,42,42,0
PA-1001-04,2026-05-15,42,42,0
PA-1001-04,2026-05-16,42,41,1
PA-1001-04,2026-05-17,41,41,0
PA-1001-04,2026-05-18,41,41,0
PA-1001-04,2026-05-19,41,41,0
PA-1001-04,2026-05-20,41,41,0
PA-1001-04,2026-05-21,41,41,0
PA-1001-04,2026-05-22,41,41,0
PA-1001-04,2026-05-23,41,41,0
PA-1001-04,2026-05-24,41,41,0
PA-1001-04,2026-05-25,41,41,0
PA-1001-04,2026-05-26,41,41,0
PA-1001-04,2026-05-27,41,41,0
PA-1001-04,2026-05-28,41,41,0
PA-1001-04,2026-05-29,41,40,1
PA-1001-04,2026-05-30,40,40,0
PA-1001-04,2026-05-31,40,40,0
PA-1001-04,2026-06-01,40,39,1
PA-1001-04,2026-06-02,39,37,2
PA-1001-04,2026-06-03,37,37,0
PA-1001-04,2026-06-04,37,37,0
PA-1001-04,2026-06-05,37,37,0
PA-1001-04,2026-06-06,37,36,1
PA-1001-04,2026-06-07,36,36,0
PA-1001-04,2026-06-08,36,36,0
PA-1001-04,2026-06-09,36,36,0
PA-1001-04,2026-06-10,36,36,0
PA-1001-04,2026-06-11,36,35,1
PA-1001-04,2026-06-12,35,35,0
PA-1001-04,2026-06-13,35,35,0
PA-1001-04,2026-06-14,35,35,0
PA-1001-04,2026-06-15,35,35,0
PA-1001-04,2026-06-16,35,35,0
PA-1001-04,2026-06-17,35,35,0
PA-1001-04,2026-06-18,35,35,0
PA-1001-04,2026-06-19,35,35,0
PA-1001-04,2026-06-20,35,35,0
PA-1001-04,2026-06-21,35,35,0
PA-1001-04,2026-06-22,35,33,2
PA-1001-04,2026-06-23,33,33,0
PA-1001-04,2026-06-24,33,33,0
PA-1001-04,2026-06-25,33,33,0
PA-1001-04,2026-06-26,33,33,0
PA-1001-04,2026-06-27,33,33,0
PA-1001-04,2026-06-28,33,33,0
PA-1001-04,2026-06-29,33,33,0
PA-1001-04,2026-06-30,33,33,0
PA-1001-04,2026-07-01,33,9,24
PA-1001-04,2026-07-02,9,9,0
PA-1001-04,2026-07-03,9,7,2
PA-1001-04,2026-07-04,7,7,0
PA-1001-04,2026-07-05,7,7,0
PA-1001-04,2026-07-06,7,7,0
PA-1001-04,2026-07-07,7,3,4
PA-1001-04,2026-07-08,3,0,3
PA-1001-04,2026-07-09,0,0,0
PA-1001-04,2026-07-10,0,0,0
PA-1001-04,2026-07-11,0,0,0
PA-1001-04,2026-07-12,0,0,0
PA-1001-04,2026-07-13,0,0,0
PA-1001-04,2026-07-14,0,0,0
PA-1001-04,2026-07-15,0,0,0
PA-1001-04,2026-07-16,0,0,0
PA-1001-04,2026-07-17,0,0,0
PA-1001-04,2026-07-18,0,0,0
PA-1001-04,2026-07-19,0,0,0
PA-1001-04,2026-07-20,0,0,0
PA-1001-04,2026-07-21,0,0,0
PA-1001-04,2026-07-22,0,0,0
PA-1001-04,2026-07-23,0,0,0
PA-1001-04,2026-07-24,0,0,0
PA-1001-04,2026-07-25,0,0,0
PA-1001-04,2026-07-26,0,0,0
PA-1001-04,2026-07-27,0,0,0
PA-1001-04,2026-07-28,0,0,0
PA-1001-04,2026-07-29,45,37,8
PA-1001-04,2026-07-30,37,37,0
PA-1001-04,2026-07-31,37,37,0
PA-1001-04,2026-08-01,37,37,0
PA-1001-04,2026-08-02,37,37,0
PA-1001-04,2026-08-03,37,34,3
PA-1001-04,2026-08-04,34,32,2
PA-1001-04,2026-08-05,32,32,0
PA-1001-04,2026-08-06,32,32,0
PA-1001-04,2026-08-07,32,32,0
PA-1001-04,2026-08-08,32,32,0
PA-1001-04,2026-08-09,32,32,0
PA-1001-04,2026-08-10,32,32,0
PA-1001-04,2026-08-11,32,31,1
PA-1001-04,2026-08-12,31,31,0
PA-1001-04,2026-08-13,31,31,0
PA-1001-04,2026-08-14,31,31,0
PA-1001-04,2026-08-15,31,31,0
PA-1001-04,2026-08-16,31,31,0
PA-1001-04,2026-08-17,31,31,0
PA-1001-04,2026-08-18,31,31,0
PA-1001-04,2026-08-19,31,31,0
PA-1001-04,2026-08-20,31,31,0
PA-1001-04,2026-08-21,31,31,0
PA-1001-04,2026-08-22,31,31,0
PA-1001-04,2026-08-23,31,31,0
PA-1001-04,2026-08-24,31,31,0
PA-1001-04,2026-08-25,31,28,3
PA-1001-04,2026-08-26,28,18,10
PA-1001-04,2026-08-27,18,17,1
PA-1001-04,2026-08-28,17,17,0
PA-1002-01,2026-05-01,289,289,0
PA-1002-01,2026-05-02,289,285,4
PA-1002-01,2026-05-03,285,285,0
PA-1002-01,2026-05-04,285,271,14
PA-1002-01,2026-05-05,271,271,0
PA-1002-01,2026-05-06,271,270,1
PA-1002-01,2026-05-07,270,263,7
PA-1002-01,2026-05-08,263,263,0
PA-1002-01,2026-05-09,263,259,4
PA-1002-01,2026-05-10,259,259,0
PA-1002-01,2026-05-11,259,221,38
PA-1002-01,2026-05-12,221,214,7
PA-1002-01,2026-05-13,214,166,48
PA-1002-01,2026-05-14,166,143,23
PA-1002-01,2026-05-15,143,143,0
PA-1002-01,2026-05-16,143,140,3
PA-1002-01,2026-05-17,140,140,0
PA-1002-01,2026-05-18,140,112,28
PA-1002-01,2026-05-19,112,110,2
PA-1002-01,2026-05-20,110,61,49
PA-1002-01,2026-05-21,61,58,3
PA-1002-01,2026-05-22,58,32,26
PA-1002-01,2026-05-23,32,32,0
PA-1002-01,2026-05-24,32,32,0
PA-1002-01,2026-05-25,32,18,14
PA-1002-01,2026-05-26,18,5,13
PA-1002-01,2026-05-27,5,5,0
PA-1002-01,2026-05-28,5,3,2
PA-1002-01,2026-05-29,3,0,3
PA-1002-01,2026-05-30,0,0,0
PA-1002-01,2026-05-31,0,0,0
PA-1002-01,2026-06-01,0,0,0
PA-1002-01,2026-06-02,0,0,0
PA-1002-01,2026-06-03,0,0,0
PA-1002-01,2026-06-04,0,0,0
PA-1002-01,2026-06-05,0,0,0
PA-1002-01,2026-06-06,0,0,0
PA-1002-01,2026-06-07,0,0,0
PA-1002-01,2026-06-08,0,0,0
PA-1002-01,2026-06-09,0,0,0
PA-1002-01,2026-06-10,239,239,0
PA-1002-01,2026-06-11,239,234,5
PA-1002-01,2026-06-12,234,221,13
PA-1002-01,2026-06-13,221,217,4
PA-1002-01,2026-06-14,217,217,0
PA-1002-01,2026-06-15,217,211,6
PA-1002-01,2026-06-16,211,211,0
PA-1002-01,2026-06-17,211,201,10
PA-1002-01,2026-06-18,201,197,4
PA-1002-01,2026-06-19,197,180,17
PA-1002-01,2026-06-20,180,175,5
PA-1002-01,2026-06-21,175,175,0
PA-1002-01,2026-06-22,175,171,4
PA-1002-01,2026-06-23,171,157,14
PA-1002-01,2026-06-24,157,154,3
PA-1002-01,2026-06-25,154,152,2
PA-1002-01,2026-06-26,152,149,3
PA-1002-01,2026-06-27,149,148,1
PA-1002-01,2026-06-28,148,148,0
PA-1002-01,2026-06-29,148,146,2
PA-1002-01,2026-06-30,146,124,22
PA-1002-01,2026-07-01,124,54,70
PA-1002-01,2026-07-02,54,45,9
PA-1002-01,2026-07-03,45,39,6
PA-1002-01,2026-07-04,39,38,1
PA-1002-01,2026-07-05,38,38,0
PA-1002-01,2026-07-06,38,0,38
PA-1002-01,2026-07-07,0,0,0
PA-1002-01,2026-07-08,0,0,0
PA-1002-01,2026-07-09,0,0,0
PA-1002-01,2026-07-10,0,0,0
PA-1002-01,2026-07-11,0,0,0
PA-1002-01,2026-07-12,0,0,0
PA-1002-01,2026-07-13,0,0,0
PA-1002-01,2026-07-14,0,0,0
PA-1002-01,2026-07-15,0,0,0
PA-1002-01,2026-07-16,0,0,0
PA-1002-01,2026-07-17,239,167,72
PA-1002-01,2026-07-18,167,166,1
PA-1002-01,2026-07-19,166,166,0
PA-1002-01,2026-07-20,166,166,0
PA-1002-01,2026-07-21,166,165,1
PA-1002-01,2026-07-22,165,114,51
PA-1002-01,2026-07-23,114,113,1
PA-1002-01,2026-07-24,113,101,12
PA-1002-01,2026-07-25,101,90,11
PA-1002-01,2026-07-26,90,90,0
PA-1002-01,2026-07-27,90,62,28
PA-1002-01,2026-07-28,62,55,7
PA-1002-01,2026-07-29,55,47,8
PA-1002-01,2026-07-30,47,45,2
PA-1002-01,2026-07-31,45,0,45
PA-1002-01,2026-08-01,0,0,0
PA-1002-01,2026-08-02,0,0,0
PA-1002-01,2026-08-03,0,0,0
PA-1002-01,2026-08-04,0,0,0
PA-1002-01,2026-08-05,0,0,0
PA-1002-01,2026-08-06,0,0,0
PA-1002-01,2026-08-07,0,0,0
PA-1002-01,2026-08-08,0,0,0
PA-1002-01,2026-08-09,0,0,0
PA-1002-01,2026-08-10,0,0,0
PA-1002-01,2026-08-11,0,0,0
PA-1002-01,2026-08-12,0,0,0
PA-1002-01,2026-08-13,0,0,0
PA-1002-01,2026-08-14,0,0,0
PA-1002-01,2026-08-15,239,236,3
PA-1002-01,2026-08-16,236,236,0
PA-1002-01,2026-08-17,236,236,0
PA-1002-01,2026-08-18,236,223,13
PA-1002-01,2026-08-19,223,217,6
PA-1002-01,2026-08-20,217,213,4
PA-1002-01,2026-08-21,213,194,19
PA-1002-01,2026-08-22,194,194,0
PA-1002-01,2026-08-23,194,194,0
PA-1002-01,2026-08-24,194,189,5
PA-1002-01,2026-08-25,189,186,3
PA-1002-01,2026-08-26,186,183,3
PA-1002-01,2026-08-27,183,172,11
PA-1002-01,2026-08-28,172,157,15
PA-1002-02,2026-05-01,103,102,1
PA-1002-02,2026-05-02,102,101,1
PA-1002-02,2026-05-03,101,101,0
PA-1002-02,2026-05-04,101,99,2
PA-1002-02,2026-05-05,99,96,3
PA-1002-02,2026-05-06,96,96,0
PA-1002-02,2026-05-07,96,91,5
PA-1002-02,2026-05-08,91,89,2
PA-1002-02,2026-05-09,89,89,0
PA-1002-02,2026-05-10,89,89,0
PA-1002-02,2026-05-11,89,88,1
PA-1002-02,2026-05-12,88,83,5
PA-1002-02,2026-05-13,83,82,1
PA-1002-02,2026-05-14,82,78,4
PA-1002-02,2026-05-15,78,78,0
PA-1002-02,2026-05-16,78,77,1
PA-1002-02,2026-05-17,77,77,0
PA-1002-02,2026-05-18,77,75,2
PA-1002-02,2026-05-19,75,72,3
PA-1002-02,2026-05-20,72,70,2
PA-1002-02,2026-05-21,70,69,1
PA-1002-02,2026-05-22,69,59,10
PA-1002-02,2026-05-23,59,59,0
PA-1002-02,2026-05-24,59,59,0
PA-1002-02,2026-05-25,59,57,2
PA-1002-02,2026-05-26,57,56,1
PA-1002-02,2026-05-27,56,52,4
PA-1002-02,2026-05-28,52,52,0
PA-1002-02,2026-05-29,52,51,1
PA-1002-02,2026-05-30,51,50,1
PA-1002-02,2026-05-31,50,50,0
PA-1002-02,2026-06-01,50,47,3
PA-1002-02,2026-06-02,47,47,0
PA-1002-02,2026-06-03,47,46,1
PA-1002-02,2026-06-04,46,46,0
PA-1002-02,2026-06-05,46,44,2
PA-1002-02,2026-06-06,44,42,2
PA-1002-02,2026-06-07,42,42,0
PA-1002-02,2026-06-08,42,39,3
PA-1002-02,2026-06-09,39,39,0
PA-1002-02,2026-06-10,39,38,1
PA-1002-02,2026-06-11,38,28,10
PA-1002-02,2026-06-12,28,27,1
PA-1002-02,2026-06-13,27,27,0
PA-1002-02,2026-06-14,27,27,0
PA-1002-02,2026-06-15,27,25,2
PA-1002-02,2026-06-16,25,25,0
PA-1002-02,2026-06-17,25,19,6
PA-1002-02,2026-06-18,19,19,0
PA-1002-02,2026-06-19,19,18,1
PA-1002-02,2026-06-20,18,18,0
PA-1002-02,2026-06-21,18,18,0
PA-1002-02,2026-06-22,18,13,5
PA-1002-02,2026-06-23,13,8,5
PA-1002-02,2026-06-24,8,8,0
PA-1002-02,2026-06-25,8,5,3
PA-1002-02,2026-06-26,5,4,1
PA-1002-02,2026-06-27,4,4,0
PA-1002-02,2026-06-28,93,93,0
PA-1002-02,2026-06-29,93,93,0
PA-1002-02,2026-06-30,93,92,1
PA-1002-02,2026-07-01,92,92,0
PA-1002-02,2026-07-02,92,89,3
PA-1002-02,2026-07-03,89,87,2
PA-1002-02,2026-07-04,87,85,2
PA-1002-02,2026-07-05,85,85,0
PA-1002-02,2026-07-06,85,83,2
PA-1002-02,2026-07-07,83,83,0
PA-1002-02,2026-07-08,83,82,1
PA-1002-02,2026-07-09,82,82,0
PA-1002-02,2026-07-10,82,79,3
PA-1002-02,2026-07-11,79,77,2
PA-1002-02,2026-07-12,77,77,0
PA-1002-02,2026-07-13,77,76,1
PA-1002-02,2026-07-14,76,76,0
PA-1002-02,2026-07-15,76,73,3
PA-1002-02,2026-07-16,73,71,2
PA-1002-02,2026-07-17,71,69,2
PA-1002-02,2026-07-18,69,68,1
PA-1002-02,2026-07-19,68,68,0
PA-1002-02,2026-07-20,68,68,0
PA-1002-02,2026-07-21,68,67,1
PA-1002-02,2026-07-22,67,67,0
PA-1002-02,2026-07-23,67,61,6
PA-1002-02,2026-07-24,61,61,0
PA-1002-02,2026-07-25,61,61,0
PA-1002-02,2026-07-26,61,61,0
PA-1002-02,2026-07-27,61,56,5
PA-1002-02,2026-07-28,56,53,3
PA-1002-02,2026-07-29,53,48,5
PA-1002-02,2026-07-30,48,46,2
PA-1002-02,2026-07-31,46,40,6
PA-1002-02,2026-08-01,40,40,0
PA-1002-02,2026-08-02,40,40,0
PA-1002-02,2026-08-03,40,40,0
PA-1002-02,2026-08-04,40,38,2
PA-1002-02,2026-08-05,38,36,2
PA-1002-02,2026-08-06,36,36,0
PA-1002-02,2026-08-07,36,36,0
PA-1002-02,2026-08-08,36,34,2
PA-1002-02,2026-08-09,34,34,0
PA-1002-02,2026-08-10,34,0,34
PA-1002-02,2026-08-11,0,0,0
PA-1002-02,2026-08-12,0,0,0
PA-1002-02,2026-08-13,0,0,0
PA-1002-02,2026-08-14,0,0,0
PA-1002-02,2026-08-15,0,0,0
PA-1002-02,2026-08-16,0,0,0
PA-1002-02,2026-08-17,0,0,0
PA-1002-02,2026-08-18,0,0,0
PA-1002-02,2026-08-19,0,0,0
PA-1002-02,2026-08-20,0,0,0
PA-1002-02,2026-08-21,0,0,0
PA-1002-02,2026-08-22,0,0,0
PA-1002-02,2026-08-23,0,0,0
PA-1002-02,2026-08-24,0,0,0
PA-1002-02,2026-08-25,0,0,0
PA-1002-02,2026-08-26,89,86,3
PA-1002-02,2026-08-27,86,85,1
PA-1002-02,2026-08-28,85,74,11
PA-1002-03,2026-05-01,61,61,0
PA-1002-03,2026-05-02,61,60,1
PA-1002-03,2026-05-03,60,60,0
PA-1002-03,2026-05-04,60,60,0
PA-1002-03,2026-05-05,60,60,0
PA-1002-03,2026-05-06,60,59,1
PA-1002-03,2026-05-07,59,58,1
PA-1002-03,2026-05-08,58,51,7
PA-1002-03,2026-05-09,51,51,0
PA-1002-03,2026-05-10,51,51,0
PA-1002-03,2026-05-11,51,51,0
PA-1002-03,2026-05-12,51,51,0
PA-1002-03,2026-05-13,51,50,1
PA-1002-03,2026-05-14,50,48,2
PA-1002-03,2026-05-15,48,48,0
PA-1002-03,2026-05-16,48,48,0
PA-1002-03,2026-05-17,48,48,0
PA-1002-03,2026-05-18,48,48,0
PA-1002-03,2026-05-19,48,47,1
PA-1002-03,2026-05-20,47,47,0
PA-1002-03,2026-05-21,47,47,0
PA-1002-03,2026-05-22,47,40,7
PA-1002-03,2026-05-23,40,39,1
PA-1002-03,2026-05-24,39,39,0
PA-1002-03,2026-05-25,39,39,0
PA-1002-03,2026-05-26,39,39,0
PA-1002-03,2026-05-27,39,39,0
PA-1002-03,2026-05-28,39,38,1
PA-1002-03,2026-05-29,38,38,0
PA-1002-03,2026-05-30,38,38,0
PA-1002-03,2026-05-31,38,38,0
PA-1002-03,2026-06-01,38,38,0
PA-1002-03,2026-06-02,38,31,7
PA-1002-03,2026-06-03,31,31,0
PA-1002-03,2026-06-04,31,31,0
PA-1002-03,2026-06-05,31,29,2
PA-1002-03,2026-06-06,29,29,0
PA-1002-03,2026-06-07,29,29,0
PA-1002-03,2026-06-08,29,28,1
PA-1002-03,2026-06-09,28,28,0
PA-1002-03,2026-06-10,28,28,0
PA-1002-03,2026-06-11,28,27,1
PA-1002-03,2026-06-12,27,26,1
PA-1002-03,2026-06-13,26,26,0
PA-1002-03,2026-06-14,26,26,0
PA-1002-03,2026-06-15,26,26,0
PA-1002-03,2026-06-16,26,26,0
PA-1002-03,2026-06-17,26,25,1
PA-1002-03,2026-06-18,25,16,9
PA-1002-03,2026-06-19,16,16,0
PA-1002-03,2026-06-20,16,16,0
PA-1002-03,2026-06-21,16,16,0
PA-1002-03,2026-06-22,16,16,0
PA-1002-03,2026-06-23,16,16,0
PA-1002-03,2026-06-24,16,15,1
PA-1002-03,2026-06-25,15,15,0
PA-1002-03,2026-06-26,15,12,3
PA-1002-03,2026-06-27,12,11,1
PA-1002-03,2026-06-28,11,11,0
PA-1002-03,2026-06-29,56,56,0
PA-1002-03,2026-06-30,56,54,2
PA-1002-03,2026-07-01,54,54,0
PA-1002-03,2026-07-02,54,54,0
PA-1002-03,2026-07-03,54,53,1
PA-1002-03,2026-07-04,53,53,0
PA-1002-03,2026-07-05,53,53,0
PA-1002-03,2026-07-06,53,52,1
PA-1002-03,2026-07-07,52,51,1
PA-1002-03,2026-07-08,51,51,0
PA-1002-03,2026-07-09,51,51,0
PA-1002-03,2026-07-10,51,51,0
PA-1002-03,2026-07-11,51,51,0
PA-1002-03,2026-07-12,51,51,0
PA-1002-03,2026-07-13,51,51,0
PA-1002-03,2026-07-14,51,51,0
PA-1002-03,2026-07-15,51,51,0
PA-1002-03,2026-07-16,51,49,2
PA-1002-03,2026-07-17,49,49,0
PA-1002-03,2026-07-18,49,49,0
PA-1002-03,2026-07-19,49,49,0
PA-1002-03,2026-07-20,49,49,0
PA-1002-03,2026-07-21,49,46,3
PA-1002-03,2026-07-22,46,42,4
PA-1002-03,2026-07-23,42,39,3
PA-1002-03,2026-07-24,39,39,0
PA-1002-03,2026-07-25,39,39,0
PA-1002-03,2026-07-26,39,39,0
PA-1002-03,2026-07-27,39,37,2
PA-1002-03,2026-07-28,37,28,9
PA-1002-03,2026-07-29,28,5,23
PA-1002-03,2026-07-30,5,5,0
PA-1002-03,2026-07-31,5,5,0
PA-1002-03,2026-08-01,5,3,2
PA-1002-03,2026-08-02,3,3,0
PA-1002-03,2026-08-03,3,3,0
PA-1002-03,2026-08-04,3,1,2
PA-1002-03,2026-08-05,1,0,1
PA-1002-03,2026-08-06,0,0,0
PA-1002-03,2026-08-07,0,0,0
PA-1002-03,2026-08-08,0,0,0
PA-1002-03,2026-08-09,0,0,0
PA-1002-03,2026-08-10,0,0,0
PA-1002-03,2026-08-11,0,0,0
PA-1002-03,2026-08-12,0,0,0
PA-1002-03,2026-08-13,0,0,0
PA-1002-03,2026-08-14,0,0,0
PA-1002-03,2026-08-15,0,0,0
PA-1002-03,2026-08-16,0,0,0
PA-1002-03,2026-08-17,0,0,0
PA-1002-03,2026-08-18,0,0,0
PA-1002-03,2026-08-19,45,45,0
PA-1002-03,2026-08-20,45,41,4
PA-1002-03,2026-08-21,41,40,1
PA-1002-03,2026-08-22,40,18,22
PA-1002-03,2026-08-23,18,18,0
PA-1002-03,2026-08-24,18,17,1
PA-1002-03,2026-08-25,17,17,0
PA-1002-03,2026-08-26,17,14,3
PA-1002-03,2026-08-27,14,14,0
PA-1002-03,2026-08-28,14,14,0
PA-1002-04,2026-05-01,30,30,0
PA-1002-04,2026-05-02,30,30,0
PA-1002-04,2026-05-03,30,30,0
PA-1002-04,2026-05-04,30,29,1
PA-1002-04,2026-05-05,29,29,0
PA-1002-04,2026-05-06,29,29,0
PA-1002-04,2026-05-07,29,29,0
PA-1002-04,2026-05-08,29,29,0
PA-1002-04,2026-05-09,29,29,0
PA-1002-04,2026-05-10,29,29,0
PA-1002-04,2026-05-11,29,29,0
PA-1002-04,2026-05-12,29,29,0
PA-1002-04,2026-05-13,29,29,0
PA-1002-04,2026-05-14,29,29,0
PA-1002-04,2026-05-15,29,29,0
PA-1002-04,2026-05-16,29,29,0
PA-1002-04,2026-05-17,29,29,0
PA-1002-04,2026-05-18,29,27,2
PA-1002-04,2026-05-19,27,24,3
PA-1002-04,2026-05-20,24,24,0
PA-1002-04,2026-05-21,24,24,0
PA-1002-04,2026-05-22,24,24,0
PA-1002-04,2026-05-23,24,24,0
PA-1002-04,2026-05-24,24,24,0
PA-1002-04,2026-05-25,24,24,0
PA-1002-04,2026-05-26,24,24,0
PA-1002-04,2026-05-27,24,24,0
PA-1002-04,2026-05-28,24,24,0
PA-1002-04,2026-05-29,24,24,0
PA-1002-04,2026-05-30,24,24,0
PA-1002-04,2026-05-31,24,24,0
PA-1002-04,2026-06-01,24,22,2
PA-1002-04,2026-06-02,22,22,0
PA-1002-04,2026-06-03,22,22,0
PA-1002-04,2026-06-04,22,22,0
PA-1002-04,2026-06-05,22,22,0
PA-1002-04,2026-06-06,22,20,2
PA-1002-04,2026-06-07,20,20,0
PA-1002-04,2026-06-08,20,20,0
PA-1002-04,2026-06-09,20,20,0
PA-1002-04,2026-06-10,20,19,1
PA-1002-04,2026-06-11,19,19,0
PA-1002-04,2026-06-12,19,18,1
PA-1002-04,2026-06-13,18,18,0
PA-1002-04,2026-06-14,18,18,0
PA-1002-04,2026-06-15,18,18,0
PA-1002-04,2026-06-16,18,18,0
PA-1002-04,2026-06-17,18,18,0
PA-1002-04,2026-06-18,18,18,0
PA-1002-04,2026-06-19,63,63,0
PA-1002-04,2026-06-20,63,63,0
PA-1002-04,2026-06-21,63,63,0
PA-1002-04,2026-06-22,63,63,0
PA-1002-04,2026-06-23,63,63,0
PA-1002-04,2026-06-24,63,60,3
PA-1002-04,2026-06-25,60,60,0
PA-1002-04,2026-06-26,60,60,0
PA-1002-04,2026-06-27,60,59,1
PA-1002-04,2026-06-28,59,59,0
PA-1002-04,2026-06-29,59,57,2
PA-1002-04,2026-06-30,57,56,1
PA-1002-04,2026-07-01,56,55,1
PA-1002-04,2026-07-02,55,55,0
PA-1002-04,2026-07-03,55,55,0
PA-1002-04,2026-07-04,55,55,0
PA-1002-04,2026-07-05,55,55,0
PA-1002-04,2026-07-06,55,47,8
PA-1002-04,2026-07-07,47,47,0
PA-1002-04,2026-07-08,47,47,0
PA-1002-04,2026-07-09,47,47,0
PA-1002-04,2026-07-10,47,43,4
PA-1002-04,2026-07-11,43,43,0
PA-1002-04,2026-07-12,43,43,0
PA-1002-04,2026-07-13,43,40,3
PA-1002-04,2026-07-14,40,40,0
PA-1002-04,2026-07-15,40,40,0
PA-1002-04,2026-07-16,40,37,3
PA-1002-04,2026-07-17,37,37,0
PA-1002-04,2026-07-18,37,37,0
PA-1002-04,2026-07-19,37,37,0
PA-1002-04,2026-07-20,37,37,0
PA-1002-04,2026-07-21,37,37,0
PA-1002-04,2026-07-22,37,37,0
PA-1002-04,2026-07-23,37,37,0
PA-1002-04,2026-07-24,37,37,0
PA-1002-04,2026-07-25,37,37,0
PA-1002-04,2026-07-26,37,37,0
PA-1002-04,2026-07-27,37,37,0
PA-1002-04,2026-07-28,37,37,0
PA-1002-04,2026-07-29,37,37,0
PA-1002-04,2026-07-30,37,36,1
PA-1002-04,2026-07-31,36,36,0
PA-1002-04,2026-08-01,36,36,0
PA-1002-04,2026-08-02,36,36,0
PA-1002-04,2026-08-03,36,36,0
PA-1002-04,2026-08-04,36,36,0
PA-1002-04,2026-08-05,36,36,0
PA-1002-04,2026-08-06,36,36,0
PA-1002-04,2026-08-07,36,36,0
PA-1002-04,2026-08-08,36,36,0
PA-1002-04,2026-08-09,36,36,0
PA-1002-04,2026-08-10,36,33,3
PA-1002-04,2026-08-11,33,33,0
PA-1002-04,2026-08-12,33,33,0
PA-1002-04,2026-08-13,33,33,0
PA-1002-04,2026-08-14,33,27,6
PA-1002-04,2026-08-15,27,0,27
PA-1002-04,2026-08-16,0,0,0
PA-1002-04,2026-08-17,0,0,0
PA-1002-04,2026-08-18,0,0,0
PA-1002-04,2026-08-19,0,0,0
PA-1002-04,2026-08-20,0,0,0
PA-1002-04,2026-08-21,0,0,0
PA-1002-04,2026-08-22,0,0,0
PA-1002-04,2026-08-23,0,0,0
PA-1002-04,2026-08-24,0,0,0
PA-1002-04,2026-08-25,0,0,0
PA-1002-04,2026-08-26,0,0,0
PA-1002-04,2026-08-27,0,0,0
PA-1002-04,2026-08-28,0,0,0
PA-1010-01,2026-05-01,753,753,0
PA-1010-01,2026-05-02,753,753,0
PA-1010-01,2026-05-03,753,753,0
PA-1010-01,2026-05-04,753,740,13
PA-1010-01,2026-05-05,740,684,56
PA-1010-01,2026-05-06,684,625,59
PA-1010-01,2026-05-07,625,625,0
PA-1010-01,2026-05-08,625,604,21
PA-1010-01,2026-05-09,604,603,1
PA-1010-01,2026-05-10,603,603,0
PA-1010-01,2026-05-11,603,593,10
PA-1010-01,2026-05-12,593,590,3
PA-1010-01,2026-05-13,590,575,15
PA-1010-01,2026-05-14,575,575,0
PA-1010-01,2026-05-15,575,557,18
PA-1010-01,2026-05-16,557,557,0
PA-1010-01,2026-05-17,557,557,0
PA-1010-01,2026-05-18,557,553,4
PA-1010-01,2026-05-19,553,542,11
PA-1010-01,2026-05-20,542,536,6
PA-1010-01,2026-05-21,536,499,37
PA-1010-01,2026-05-22,499,432,67
PA-1010-01,2026-05-23,432,431,1
PA-1010-01,2026-05-24,431,431,0
PA-1010-01,2026-05-25,431,418,13
PA-1010-01,2026-05-26,418,412,6
PA-1010-01,2026-05-27,412,322,90
PA-1010-01,2026-05-28,322,304,18
PA-1010-01,2026-05-29,304,304,0
PA-1010-01,2026-05-30,304,303,1
PA-1010-01,2026-05-31,303,303,0
PA-1010-01,2026-06-01,303,290,13
PA-1010-01,2026-06-02,290,290,0
PA-1010-01,2026-06-03,290,287,3
PA-1010-01,2026-06-04,287,287,0
PA-1010-01,2026-06-05,287,287,0
PA-1010-01,2026-06-06,287,287,0
PA-1010-01,2026-06-07,287,287,0
PA-1010-01,2026-06-08,287,278,9
PA-1010-01,2026-06-09,278,270,8
PA-1010-01,2026-06-10,270,216,54
PA-1010-01,2026-06-11,216,189,27
PA-1010-01,2026-06-12,189,176,13
PA-1010-01,2026-06-13,176,176,0
PA-1010-01,2026-06-14,176,176,0
PA-1010-01,2026-06-15,176,170,6
PA-1010-01,2026-06-16,170,168,2
PA-1010-01,2026-06-17,168,153,15
PA-1010-01,2026-06-18,153,150,3
PA-1010-01,2026-06-19,150,111,39
PA-1010-01,2026-06-20,111,108,3
PA-1010-01,2026-06-21,591,591,0
PA-1010-01,2026-06-22,591,587,4
PA-1010-01,2026-06-23,587,552,35
PA-1010-01,2026-06-24,552,534,18
PA-1010-01,2026-06-25,534,526,8
PA-1010-01,2026-06-26,526,499,27
PA-1010-01,2026-06-27,499,426,73
PA-1010-01,2026-06-28,426,426,0
PA-1010-01,2026-06-29,426,246,180
PA-1010-01,2026-06-30,246,214,32
PA-1010-01,2026-07-01,214,203,11
PA-1010-01,2026-07-02,203,200,3
PA-1010-01,2026-07-03,200,156,44
PA-1010-01,2026-07-04,156,155,1
PA-1010-01,2026-07-05,155,155,0
PA-1010-01,2026-07-06,155,155,0
PA-1010-01,2026-07-07,155,139,16
PA-1010-01,2026-07-08,139,137,2
PA-1010-01,2026-07-09,137,137,0
PA-1010-01,2026-07-10,137,134,3
PA-1010-01,2026-07-11,134,127,7
PA-1010-01,2026-07-12,127,127,0
PA-1010-01,2026-07-13,127,127,0
PA-1010-01,2026-07-14,127,112,15
PA-1010-01,2026-07-15,112,78,34
PA-1010-01,2026-07-16,78,41,37
PA-1010-01,2026-07-17,41,0,41
PA-1010-01,2026-07-18,0,0,0
PA-1010-01,2026-07-19,0,0,0
PA-1010-01,2026-07-20,0,0,0
PA-1010-01,2026-07-21,0,0,0
PA-1010-01,2026-07-22,0,0,0
PA-1010-01,2026-07-23,482,470,12
PA-1010-01,2026-07-24,470,467,3
PA-1010-01,2026-07-25,467,463,4
PA-1010-01,2026-07-26,463,463,0
PA-1010-01,2026-07-27,463,441,22
PA-1010-01,2026-07-28,441,314,127
PA-1010-01,2026-07-29,314,306,8
PA-1010-01,2026-07-30,306,288,18
PA-1010-01,2026-07-31,288,263,25
PA-1010-01,2026-08-01,263,232,31
PA-1010-01,2026-08-02,232,232,0
PA-1010-01,2026-08-03,232,183,49
PA-1010-01,2026-08-04,183,163,20
PA-1010-01,2026-08-05,163,157,6
PA-1010-01,2026-08-06,157,119,38
PA-1010-01,2026-08-07,119,119,0
PA-1010-01,2026-08-08,119,119,0
PA-1010-01,2026-08-09,119,119,0
PA-1010-01,2026-08-10,119,73,46
PA-1010-01,2026-08-11,73,68,5
PA-1010-01,2026-08-12,68,0,68
PA-1010-01,2026-08-13,0,0,0
PA-1010-01,2026-08-14,0,0,0
PA-1010-01,2026-08-15,0,0,0
PA-1010-01,2026-08-16,0,0,0
PA-1010-01,2026-08-17,0,0,0
PA-1010-01,2026-08-18,0,0,0
PA-1010-01,2026-08-19,0,0,0
PA-1010-01,2026-08-20,0,0,0
PA-1010-01,2026-08-21,482,460,22
PA-1010-01,2026-08-22,460,422,38
PA-1010-01,2026-08-23,422,422,0
PA-1010-01,2026-08-24,422,411,11
PA-1010-01,2026-08-25,411,406,5
PA-1010-01,2026-08-26,406,395,11
PA-1010-01,2026-08-27,395,387,8
PA-1010-01,2026-08-28,387,376,11
PA-1010-02,2026-05-01,123,123,0
PA-1010-02,2026-05-02,123,121,2
PA-1010-02,2026-05-03,121,121,0
PA-1010-02,2026-05-04,121,121,0
PA-1010-02,2026-05-05,121,104,17
PA-1010-02,2026-05-06,104,98,6
PA-1010-02,2026-05-07,98,96,2
PA-1010-02,2026-05-08,96,87,9
PA-1010-02,2026-05-09,87,87,0
PA-1010-02,2026-05-10,87,87,0
PA-1010-02,2026-05-11,87,87,0
PA-1010-02,2026-05-12,87,85,2
PA-1010-02,2026-05-13,85,85,0
PA-1010-02,2026-05-14,85,83,2
PA-1010-02,2026-05-15,83,83,0
PA-1010-02,2026-05-16,83,83,0
PA-1010-02,2026-05-17,83,83,0
PA-1010-02,2026-05-18,83,83,0
PA-1010-02,2026-05-19,83,67,16
PA-1010-02,2026-05-20,67,63,4
PA-1010-02,2026-05-21,63,51,12
PA-1010-02,2026-05-22,51,50,1
PA-1010-02,2026-05-23,50,39,11
PA-1010-02,2026-05-24,39,39,0
PA-1010-02,2026-05-25,39,37,2
PA-1010-02,2026-05-26,37,37,0
PA-1010-02,2026-05-27,167,154,13
PA-1010-02,2026-05-28,154,147,7
PA-1010-02,2026-05-29,147,137,10
PA-1010-02,2026-05-30,137,130,7
PA-1010-02,2026-05-31,130,130,0
PA-1010-02,2026-06-01,130,124,6
PA-1010-02,2026-06-02,124,117,7
PA-1010-02,2026-06-03,117,111,6
PA-1010-02,2026-06-04,111,111,0
PA-1010-02,2026-06-05,111,98,13
PA-1010-02,2026-06-06,98,97,1
PA-1010-02,2026-06-07,97,97,0
PA-1010-02,2026-06-08,97,93,4
PA-1010-02,2026-06-09,93,93,0
PA-1010-02,2026-06-10,93,87,6
PA-1010-02,2026-06-11,87,83,4
PA-1010-02,2026-06-12,83,67,16
PA-1010-02,2026-06-13,67,67,0
PA-1010-02,2026-06-14,67,67,0
PA-1010-02,2026-06-15,67,57,10
PA-1010-02,2026-06-16,57,56,1
PA-1010-02,2026-06-17,56,53,3
PA-1010-02,2026-06-18,53,50,3
PA-1010-02,2026-06-19,50,49,1
PA-1010-02,2026-06-20,49,49,0
PA-1010-02,2026-06-21,49,49,0
PA-1010-02,2026-06-22,49,47,2
PA-1010-02,2026-06-23,47,45,2
PA-1010-02,2026-06-24,45,45,0
PA-1010-02,2026-06-25,45,42,3
PA-1010-02,2026-06-26,42,39,3
PA-1010-02,2026-06-27,39,39,0
PA-1010-02,2026-06-28,39,39,0
PA-1010-02,2026-06-29,39,39,0
PA-1010-02,2026-06-30,39,37,2
PA-1010-02,2026-07-01,37,3,34
PA-1010-02,2026-07-02,3,2,1
PA-1010-02,2026-07-03,2,0,2
PA-1010-02,2026-07-04,0,0,0
PA-1010-02,2026-07-05,130,130,0
PA-1010-02,2026-07-06,130,130,0
PA-1010-02,2026-07-07,130,130,0
PA-1010-02,2026-07-08,130,128,2
PA-1010-02,2026-07-09,128,128,0
PA-1010-02,2026-07-10,128,99,29
PA-1010-02,2026-07-11,99,99,0
PA-1010-02,2026-07-12,99,99,0
PA-1010-02,2026-07-13,99,82,17
PA-1010-02,2026-07-14,82,77,5
PA-1010-02,2026-07-15,77,46,31
PA-1010-02,2026-07-16,46,36,10
PA-1010-02,2026-07-17,36,31,5
PA-1010-02,2026-07-18,31,31,0
PA-1010-02,2026-07-19,31,31,0
PA-1010-02,2026-07-20,31,3,28
PA-1010-02,2026-07-21,3,0,3
PA-1010-02,2026-07-22,0,0,0
PA-1010-02,2026-07-23,0,0,0
PA-1010-02,2026-07-24,0,0,0
PA-1010-02,2026-07-25,0,0,0
PA-1010-02,2026-07-26,0,0,0
PA-1010-02,2026-07-27,0,0,0
PA-1010-02,2026-07-28,0,0,0
PA-1010-02,2026-07-29,0,0,0
PA-1010-02,2026-07-30,0,0,0
PA-1010-02,2026-07-31,0,0,0
PA-1010-02,2026-08-01,0,0,0
PA-1010-02,2026-08-02,0,0,0
PA-1010-02,2026-08-03,0,0,0
PA-1010-02,2026-08-04,130,128,2
PA-1010-02,2026-08-05,128,126,2
PA-1010-02,2026-08-06,126,118,8
PA-1010-02,2026-08-07,118,114,4
PA-1010-02,2026-08-08,114,114,0
PA-1010-02,2026-08-09,114,114,0
PA-1010-02,2026-08-10,114,104,10
PA-1010-02,2026-08-11,104,100,4
PA-1010-02,2026-08-12,100,100,0
PA-1010-02,2026-08-13,100,92,8
PA-1010-02,2026-08-14,92,91,1
PA-1010-02,2026-08-15,91,82,9
PA-1010-02,2026-08-16,82,82,0
PA-1010-02,2026-08-17,82,81,1
PA-1010-02,2026-08-18,81,72,9
PA-1010-02,2026-08-19,72,68,4
PA-1010-02,2026-08-20,68,63,5
PA-1010-02,2026-08-21,63,63,0
PA-1010-02,2026-08-22,63,59,4
PA-1010-02,2026-08-23,59,59,0
PA-1010-02,2026-08-24,59,59,0
PA-1010-02,2026-08-25,59,53,6
PA-1010-02,2026-08-26,53,52,1
PA-1010-02,2026-08-27,52,50,2
PA-1010-02,2026-08-28,50,42,8
PA-1010-03,2026-05-01,75,75,0
PA-1010-03,2026-05-02,75,75,0
PA-1010-03,2026-05-03,75,75,0
PA-1010-03,2026-05-04,75,74,1
PA-1010-03,2026-05-05,74,73,1
PA-1010-03,2026-05-06,73,73,0
PA-1010-03,2026-05-07,73,71,2
PA-1010-03,2026-05-08,71,70,1
PA-1010-03,2026-05-09,70,70,0
PA-1010-03,2026-05-10,70,70,0
PA-1010-03,2026-05-11,70,70,0
PA-1010-03,2026-05-12,70,69,1
PA-1010-03,2026-05-13,69,62,7
PA-1010-03,2026-05-14,62,62,0
PA-1010-03,2026-05-15,62,62,0
PA-1010-03,2026-05-16,62,62,0
PA-1010-03,2026-05-17,62,62,0
PA-1010-03,2026-05-18,62,62,0
PA-1010-03,2026-05-19,62,61,1
PA-1010-03,2026-05-20,61,51,10
PA-1010-03,2026-05-21,51,51,0
PA-1010-03,2026-05-22,51,50,1
PA-1010-03,2026-05-23,50,48,2
PA-1010-03,2026-05-24,48,48,0
PA-1010-03,2026-05-25,48,48,0
PA-1010-03,2026-05-26,48,47,1
PA-1010-03,2026-05-27,47,47,0
PA-1010-03,2026-05-28,47,46,1
PA-1010-03,2026-05-29,46,22,24
PA-1010-03,2026-05-30,22,22,0
PA-1010-03,2026-05-31,22,22,0
PA-1010-03,2026-06-01,22,21,1
PA-1010-03,2026-06-02,21,9,12
PA-1010-03,2026-06-03,9,9,0
PA-1010-03,2026-06-04,9,9,0
PA-1010-03,2026-06-05,9,9,0
PA-1010-03,2026-06-06,9,9,0
PA-1010-03,2026-06-07,73,73,0
PA-1010-03,2026-06-08,73,70,3
PA-1010-03,2026-06-09,70,67,3
PA-1010-03,2026-06-10,67,65,2
PA-1010-03,2026-06-11,65,65,0
PA-1010-03,2026-06-12,65,65,0
PA-1010-03,2026-06-13,65,65,0
PA-1010-03,2026-06-14,65,65,0
PA-1010-03,2026-06-15,65,65,0
PA-1010-03,2026-06-16,65,65,0
PA-1010-03,2026-06-17,65,56,9
PA-1010-03,2026-06-18,56,55,1
PA-1010-03,2026-06-19,55,53,2
PA-1010-03,2026-06-20,53,53,0
PA-1010-03,2026-06-21,53,53,0
PA-1010-03,2026-06-22,53,53,0
PA-1010-03,2026-06-23,53,52,1
PA-1010-03,2026-06-24,52,50,2
PA-1010-03,2026-06-25,50,50,0
PA-1010-03,2026-06-26,50,50,0
PA-1010-03,2026-06-27,50,50,0
PA-1010-03,2026-06-28,50,50,0
PA-1010-03,2026-06-29,50,49,1
PA-1010-03,2026-06-30,49,49,0
PA-1010-03,2026-07-01,49,43,6
PA-1010-03,2026-07-02,43,43,0
PA-1010-03,2026-07-03,43,43,0
PA-1010-03,2026-07-04,43,41,2
PA-1010-03,2026-07-05,41,41,0
PA-1010-03,2026-07-06,41,40,1
PA-1010-03,2026-07-07,104,79,25
PA-1010-03,2026-07-08,79,79,0
PA-1010-03,2026-07-09,79,79,0
PA-1010-03,2026-07-10,79,79,0
PA-1010-03,2026-07-11,79,79,0
PA-1010-03,2026-07-12,79,79,0
PA-1010-03,2026-07-13,79,59,20
PA-1010-03,2026-07-14,59,58,1
PA-1010-03,2026-07-15,58,23,35
PA-1010-03,2026-07-16,23,0,23
PA-1010-03,2026-07-17,0,0,0
PA-1010-03,2026-07-18,0,0,0
PA-1010-03,2026-07-19,0,0,0
PA-1010-03,2026-07-20,0,0,0
PA-1010-03,2026-07-21,0,0,0
PA-1010-03,2026-07-22,0,0,0
PA-1010-03,2026-07-23,0,0,0
PA-1010-03,2026-07-24,0,0,0
PA-1010-03,2026-07-25,0,0,0
PA-1010-03,2026-07-26,0,0,0
PA-1010-03,2026-07-27,0,0,0
PA-1010-03,2026-07-28,0,0,0
PA-1010-03,2026-07-29,0,0,0
PA-1010-03,2026-07-30,0,0,0
PA-1010-03,2026-07-31,0,0,0
PA-1010-03,2026-08-01,0,0,0
PA-1010-03,2026-08-02,0,0,0
PA-1010-03,2026-08-03,0,0,0
PA-1010-03,2026-08-04,0,0,0
PA-1010-03,2026-08-05,0,0,0
PA-1010-03,2026-08-06,0,0,0
PA-1010-03,2026-08-07,0,0,0
PA-1010-03,2026-08-08,0,0,0
PA-1010-03,2026-08-09,0,0,0
PA-1010-03,2026-08-10,0,0,0
PA-1010-03,2026-08-11,0,0,0
PA-1010-03,2026-08-12,0,0,0
PA-1010-03,2026-08-13,64,63,1
PA-1010-03,2026-08-14,63,58,5
PA-1010-03,2026-08-15,58,58,0
PA-1010-03,2026-08-16,58,58,0
PA-1010-03,2026-08-17,58,51,7
PA-1010-03,2026-08-18,51,50,1
PA-1010-03,2026-08-19,50,46,4
PA-1010-03,2026-08-20,46,45,1
PA-1010-03,2026-08-21,45,45,0
PA-1010-03,2026-08-22,45,45,0
PA-1010-03,2026-08-23,45,45,0
PA-1010-03,2026-08-24,45,45,0
PA-1010-03,2026-08-25,45,38,7
PA-1010-03,2026-08-26,38,36,2
PA-1010-03,2026-08-27,36,26,10
PA-1010-03,2026-08-28,26,21,5
PA-1010-04,2026-05-01,52,52,0
PA-1010-04,2026-05-02,52,52,0
PA-1010-04,2026-05-03,52,52,0
PA-1010-04,2026-05-04,52,52,0
PA-1010-04,2026-05-05,52,52,0
PA-1010-04,2026-05-06,52,52,0
PA-1010-04,2026-05-07,52,52,0
PA-1010-04,2026-05-08,52,52,0
PA-1010-04,2026-05-09,52,52,0
PA-1010-04,2026-05-10,52,52,0
PA-1010-04,2026-05-11,52,52,0
PA-1010-04,2026-05-12,52,52,0
PA-1010-04,2026-05-13,52,52,0
PA-1010-04,2026-05-14,52,52,0
PA-1010-04,2026-05-15,52,51,1
PA-1010-04,2026-05-16,51,51,0
PA-1010-04,2026-05-17,51,51,0
PA-1010-04,2026-05-18,51,51,0
PA-1010-04,2026-05-19,51,48,3
PA-1010-04,2026-05-20,48,48,0
PA-1010-04,2026-05-21,48,48,0
PA-1010-04,2026-05-22,48,48,0
PA-1010-04,2026-05-23,48,48,0
PA-1010-04,2026-05-24,48,48,0
PA-1010-04,2026-05-25,48,48,0
PA-1010-04,2026-05-26,48,48,0
PA-1010-04,2026-05-27,48,48,0
PA-1010-04,2026-05-28,48,48,0
PA-1010-04,2026-05-29,48,47,1
PA-1010-04,2026-05-30,47,47,0
PA-1010-04,2026-05-31,47,47,0
PA-1010-04,2026-06-01,47,47,0
PA-1010-04,2026-06-02,47,45,2
PA-1010-04,2026-06-03,45,45,0
PA-1010-04,2026-06-04,45,45,0
PA-1010-04,2026-06-05,45,45,0
PA-1010-04,2026-06-06,45,45,0
PA-1010-04,2026-06-07,45,45,0
PA-1010-04,2026-06-08,45,45,0
PA-1010-04,2026-06-09,45,45,0
PA-1010-04,2026-06-10,45,40,5
PA-1010-04,2026-06-11,40,39,1
PA-1010-04,2026-06-12,39,39,0
PA-1010-04,2026-06-13,39,39,0
PA-1010-04,2026-06-14,39,39,0
PA-1010-04,2026-06-15,39,39,0
PA-1010-04,2026-06-16,39,39,0
PA-1010-04,2026-06-17,39,39,0
PA-1010-04,2026-06-18,39,39,0
PA-1010-04,2026-06-19,39,37,2
PA-1010-04,2026-06-20,37,37,0
PA-1010-04,2026-06-21,37,37,0
PA-1010-04,2026-06-22,37,35,2
PA-1010-04,2026-06-23,35,29,6
PA-1010-04,2026-06-24,29,28,1
PA-1010-04,2026-06-25,28,28,0
PA-1010-04,2026-06-26,28,28,0
PA-1010-04,2026-06-27,28,28,0
PA-1010-04,2026-06-28,28,28,0
PA-1010-04,2026-06-29,28,28,0
PA-1010-04,2026-06-30,28,28,0
PA-1010-04,2026-07-01,28,28,0
PA-1010-04,2026-07-02,28,28,0
PA-1010-04,2026-07-03,28,28,0
PA-1010-04,2026-07-04,28,28,0
PA-1010-04,2026-07-05,28,28,0
PA-1010-04,2026-07-06,28,28,0
PA-1010-04,2026-07-07,28,28,0
PA-1010-04,2026-07-08,28,28,0
PA-1010-04,2026-07-09,28,28,0
PA-1010-04,2026-07-10,28,28,0
PA-1010-04,2026-07-11,28,28,0
PA-1010-04,2026-07-12,28,28,0
PA-1010-04,2026-07-13,28,28,0
PA-1010-04,2026-07-14,28,28,0
PA-1010-04,2026-07-15,28,28,0
PA-1010-04,2026-07-16,28,28,0
PA-1010-04,2026-07-17,28,23,5
PA-1010-04,2026-07-18,23,23,0
PA-1010-04,2026-07-19,23,23,0
PA-1010-04,2026-07-20,23,23,0
PA-1010-04,2026-07-21,23,23,0
PA-1010-04,2026-07-22,23,21,2
PA-1010-04,2026-07-23,21,21,0
PA-1010-04,2026-07-24,21,21,0
PA-1010-04,2026-07-25,21,21,0
PA-1010-04,2026-07-26,75,75,0
PA-1010-04,2026-07-27,75,72,3
PA-1010-04,2026-07-28,72,72,0
PA-1010-04,2026-07-29,72,29,43
PA-1010-04,2026-07-30,29,29,0
PA-1010-04,2026-07-31,29,27,2
PA-1010-04,2026-08-01,27,27,0
PA-1010-04,2026-08-02,27,27,0
PA-1010-04,2026-08-03,27,27,0
PA-1010-04,2026-08-04,27,27,0
PA-1010-04,2026-08-05,27,27,0
PA-1010-04,2026-08-06,27,26,1
PA-1010-04,2026-08-07,26,25,1
PA-1010-04,2026-08-08,25,25,0
PA-1010-04,2026-08-09,25,25,0
PA-1010-04,2026-08-10,25,22,3
PA-1010-04,2026-08-11,22,22,0
PA-1010-04,2026-08-12,22,22,0
PA-1010-04,2026-08-13,22,18,4
PA-1010-04,2026-08-14,18,18,0
PA-1010-04,2026-08-15,18,18,0
PA-1010-04,2026-08-16,18,18,0
PA-1010-04,2026-08-17,18,18,0
PA-1010-04,2026-08-18,18,18,0
PA-1010-04,2026-08-19,18,14,4
PA-1010-04,2026-08-20,14,13,1
PA-1010-04,2026-08-21,13,13,0
PA-1010-04,2026-08-22,13,8,5
PA-1010-04,2026-08-23,8,8,0
PA-1010-04,2026-08-24,8,8,0
PA-1010-04,2026-08-25,8,8,0
PA-1010-04,2026-08-26,8,7,1
PA-1010-04,2026-08-27,7,7,0
PA-1010-04,2026-08-28,7,6,1
PA-1011-01,2026-05-01,638,638,0
PA-1011-01,2026-05-02,638,638,0
PA-1011-01,2026-05-03,638,638,0
PA-1011-01,2026-05-04,638,634,4
PA-1011-01,2026-05-05,634,622,12
PA-1011-01,2026-05-06,622,576,46
PA-1011-01,2026-05-07,576,560,16
PA-1011-01,2026-05-08,560,533,27
PA-1011-01,2026-05-09,533,517,16
PA-1011-01,2026-05-10,517,517,0
PA-1011-01,2026-05-11,517,475,42
PA-1011-01,2026-05-12,475,474,1
PA-1011-01,2026-05-13,474,473,1
PA-1011-01,2026-05-14,473,443,30
PA-1011-01,2026-05-15,443,435,8
PA-1011-01,2026-05-16,435,423,12
PA-1011-01,2026-05-17,423,423,0
PA-1011-01,2026-05-18,423,422,1
PA-1011-01,2026-05-19,422,398,24
PA-1011-01,2026-05-20,398,376,22
PA-1011-01,2026-05-21,376,278,98
PA-1011-01,2026-05-22,278,195,83
PA-1011-01,2026-05-23,195,195,0
PA-1011-01,2026-05-24,195,195,0
PA-1011-01,2026-05-25,195,195,0
PA-1011-01,2026-05-26,195,186,9
PA-1011-01,2026-05-27,186,182,4
PA-1011-01,2026-05-28,182,166,16
PA-1011-01,2026-05-29,166,64,102
PA-1011-01,2026-05-30,64,38,26
PA-1011-01,2026-05-31,38,38,0
PA-1011-01,2026-06-01,38,26,12
PA-1011-01,2026-06-02,26,13,13
PA-1011-01,2026-06-03,13,11,2
PA-1011-01,2026-06-04,11,11,0
PA-1011-01,2026-06-05,11,0,11
PA-1011-01,2026-06-06,0,0,0
PA-1011-01,2026-06-07,0,0,0
PA-1011-01,2026-06-08,0,0,0
PA-1011-01,2026-06-09,0,0,0
PA-1011-01,2026-06-10,0,0,0
PA-1011-01,2026-06-11,0,0,0
PA-1011-01,2026-06-12,0,0,0
PA-1011-01,2026-06-13,473,467,6
PA-1011-01,2026-06-14,467,467,0
PA-1011-01,2026-06-15,467,458,9
PA-1011-01,2026-06-16,458,448,10
PA-1011-01,2026-06-17,448,447,1
PA-1011-01,2026-06-18,447,445,2
PA-1011-01,2026-06-19,445,442,3
PA-1011-01,2026-06-20,442,442,0
PA-1011-01,2026-06-21,442,442,0
PA-1011-01,2026-06-22,442,427,15
PA-1011-01,2026-06-23,427,424,3
PA-1011-01,2026-06-24,424,413,11
PA-1011-01,2026-06-25,413,406,7
PA-1011-01,2026-06-26,406,403,3
PA-1011-01,2026-06-27,403,403,0
PA-1011-01,2026-06-28,403,403,0
PA-1011-01,2026-06-29,403,397,6
PA-1011-01,2026-06-30,397,340,57
PA-1011-01,2026-07-01,340,332,8
PA-1011-01,2026-07-02,332,330,2
PA-1011-01,2026-07-03,330,304,26
PA-1011-01,2026-07-04,304,304,0
PA-1011-01,2026-07-05,304,304,0
PA-1011-01,2026-07-06,304,301,3
PA-1011-01,2026-07-07,301,292,9
PA-1011-01,2026-07-08,292,286,6
PA-1011-01,2026-07-09,286,286,0
PA-1011-01,2026-07-10,286,284,2
PA-1011-01,2026-07-11,284,279,5
PA-1011-01,2026-07-12,279,279,0
PA-1011-01,2026-07-13,279,225,54
PA-1011-01,2026-07-14,225,125,100
PA-1011-01,2026-07-15,125,106,19
PA-1011-01,2026-07-16,106,101,5
PA-1011-01,2026-07-17,101,99,2
PA-1011-01,2026-07-18,99,97,2
PA-1011-01,2026-07-19,97,97,0
PA-1011-01,2026-07-20,97,73,24
PA-1011-01,2026-07-21,73,49,24
PA-1011-01,2026-07-22,522,486,36
PA-1011-01,2026-07-23,486,486,0
PA-1011-01,2026-07-24,486,467,19
PA-1011-01,2026-07-25,467,453,14
PA-1011-01,2026-07-26,453,453,0
PA-1011-01,2026-07-27,453,430,23
PA-1011-01,2026-07-28,430,411,19
PA-1011-01,2026-07-29,411,385,26
PA-1011-01,2026-07-30,385,385,0
PA-1011-01,2026-07-31,385,359,26
PA-1011-01,2026-08-01,359,358,1
PA-1011-01,2026-08-02,358,358,0
PA-1011-01,2026-08-03,358,358,0
PA-1011-01,2026-08-04,358,332,26
PA-1011-01,2026-08-05,332,249,83
PA-1011-01,2026-08-06,249,230,19
PA-1011-01,2026-08-07,230,221,9
PA-1011-01,2026-08-08,221,217,4
PA-1011-01,2026-08-09,217,217,0
PA-1011-01,2026-08-10,217,209,8
PA-1011-01,2026-08-11,209,209,0
PA-1011-01,2026-08-12,209,208,1
PA-1011-01,2026-08-13,208,208,0
PA-1011-01,2026-08-14,208,199,9
PA-1011-01,2026-08-15,199,199,0
PA-1011-01,2026-08-16,199,199,0
PA-1011-01,2026-08-17,199,145,54
PA-1011-01,2026-08-18,145,121,24
PA-1011-01,2026-08-19,121,112,9
PA-1011-01,2026-08-20,585,582,3
PA-1011-01,2026-08-21,582,554,28
PA-1011-01,2026-08-22,554,551,3
PA-1011-01,2026-08-23,551,551,0
PA-1011-01,2026-08-24,551,549,2
PA-1011-01,2026-08-25,549,547,2
PA-1011-01,2026-08-26,547,525,22
PA-1011-01,2026-08-27,525,507,18
PA-1011-01,2026-08-28,507,488,19
PA-1011-02,2026-05-01,151,151,0
PA-1011-02,2026-05-02,151,151,0
PA-1011-02,2026-05-03,151,151,0
PA-1011-02,2026-05-04,151,150,1
PA-1011-02,2026-05-05,150,107,43
PA-1011-02,2026-05-06,107,106,1
PA-1011-02,2026-05-07,106,106,0
PA-1011-02,2026-05-08,106,104,2
PA-1011-02,2026-05-09,104,104,0
PA-1011-02,2026-05-10,104,104,0
PA-1011-02,2026-05-11,104,101,3
PA-1011-02,2026-05-12,101,101,0
PA-1011-02,2026-05-13,101,99,2
PA-1011-02,2026-05-14,99,97,2
PA-1011-02,2026-05-15,97,51,46
PA-1011-02,2026-05-16,51,47,4
PA-1011-02,2026-05-17,47,47,0
PA-1011-02,2026-05-18,47,46,1
PA-1011-02,2026-05-19,46,46,0
PA-1011-02,2026-05-20,46,42,4
PA-1011-02,2026-05-21,42,35,7
PA-1011-02,2026-05-22,35,31,4
PA-1011-02,2026-05-23,31,31,0
PA-1011-02,2026-05-24,31,31,0
PA-1011-02,2026-05-25,31,31,0
PA-1011-02,2026-05-26,31,30,1
PA-1011-02,2026-05-27,30,27,3
PA-1011-02,2026-05-28,27,23,4
PA-1011-02,2026-05-29,23,23,0
PA-1011-02,2026-05-30,23,22,1
PA-1011-02,2026-05-31,22,22,0
PA-1011-02,2026-06-01,22,22,0
PA-1011-02,2026-06-02,22,19,3
PA-1011-02,2026-06-03,19,15,4
PA-1011-02,2026-06-04,15,15,0
PA-1011-02,2026-06-05,15,15,0
PA-1011-02,2026-06-06,148,145,3
PA-1011-02,2026-06-07,145,145,0
PA-1011-02,2026-06-08,145,139,6
PA-1011-02,2026-06-09,139,135,4
PA-1011-02,2026-06-10,135,127,8
PA-1011-02,2026-06-11,127,81,46
PA-1011-02,2026-06-12,81,77,4
PA-1011-02,2026-06-13,77,77,0
PA-1011-02,2026-06-14,77,77,0
PA-1011-02,2026-06-15,77,77,0
PA-1011-02,2026-06-16,77,77,0
PA-1011-02,2026-06-17,77,75,2
PA-1011-02,2026-06-18,75,73,2
PA-1011-02,2026-06-19,73,70,3
PA-1011-02,2026-06-20,70,67,3
PA-1011-02,2026-06-21,67,67,0
PA-1011-02,2026-06-22,67,54,13
PA-1011-02,2026-06-23,54,54,0
PA-1011-02,2026-06-24,54,52,2
PA-1011-02,2026-06-25,52,52,0
PA-1011-02,2026-06-26,52,48,4
PA-1011-02,2026-06-27,48,48,0
PA-1011-02,2026-06-28,48,48,0
PA-1011-02,2026-06-29,48,48,0
PA-1011-02,2026-06-30,48,46,2
PA-1011-02,2026-07-01,46,46,0
PA-1011-02,2026-07-02,46,41,5
PA-1011-02,2026-07-03,41,20,21
PA-1011-02,2026-07-04,20,15,5
PA-1011-02,2026-07-05,15,15,0
PA-1011-02,2026-07-06,15,12,3
PA-1011-02,2026-07-07,12,10,2
PA-1011-02,2026-07-08,10,1,9
PA-1011-02,2026-07-09,1,1,0
PA-1011-02,2026-07-10,1,0,1
PA-1011-02,2026-07-11,133,132,1
PA-1011-02,2026-07-12,132,132,0
PA-1011-02,2026-07-13,132,128,4
PA-1011-02,2026-07-14,128,125,3
PA-1011-02,2026-07-15,125,121,4
PA-1011-02,2026-07-16,121,121,0
PA-1011-02,2026-07-17,121,111,10
PA-1011-02,2026-07-18,111,111,0
PA-1011-02,2026-07-19,111,111,0
PA-1011-02,2026-07-20,111,108,3
PA-1011-02,2026-07-21,108,98,10
PA-1011-02,2026-07-22,98,96,2
PA-1011-02,2026-07-23,96,94,2
PA-1011-02,2026-07-24,94,94,0
PA-1011-02,2026-07-25,94,84,10
PA-1011-02,2026-07-26,84,84,0
PA-1011-02,2026-07-27,84,78,6
PA-1011-02,2026-07-28,78,78,0
PA-1011-02,2026-07-29,78,62,16
PA-1011-02,2026-07-30,62,58,4
PA-1011-02,2026-07-31,58,53,5
PA-1011-02,2026-08-01,53,53,0
PA-1011-02,2026-08-02,53,53,0
PA-1011-02,2026-08-03,53,52,1
PA-1011-02,2026-08-04,52,50,2
PA-1011-02,2026-08-05,50,45,5
PA-1011-02,2026-08-06,45,39,6
PA-1011-02,2026-08-07,39,34,5
PA-1011-02,2026-08-08,34,34,0
PA-1011-02,2026-08-09,34,34,0
PA-1011-02,2026-08-10,34,34,0
PA-1011-02,2026-08-11,34,34,0
PA-1011-02,2026-08-12,34,34,0
PA-1011-02,2026-08-13,34,34,0
PA-1011-02,2026-08-14,34,34,0
PA-1011-02,2026-08-15,34,34,0
PA-1011-02,2026-08-16,34,34,0
PA-1011-02,2026-08-17,34,34,0
PA-1011-02,2026-08-18,167,164,3
PA-1011-02,2026-08-19,164,161,3
PA-1011-02,2026-08-20,161,146,15
PA-1011-02,2026-08-21,146,146,0
PA-1011-02,2026-08-22,146,138,8
PA-1011-02,2026-08-23,138,138,0
PA-1011-02,2026-08-24,138,137,1
PA-1011-02,2026-08-25,137,136,1
PA-1011-02,2026-08-26,136,136,0
PA-1011-02,2026-08-27,136,130,6
PA-1011-02,2026-08-28,130,130,0
PA-1011-03,2026-05-01,69,69,0
PA-1011-03,2026-05-02,69,69,0
PA-1011-03,2026-05-03,69,69,0
PA-1011-03,2026-05-04,69,69,0
PA-1011-03,2026-05-05,69,57,12
PA-1011-03,2026-05-06,57,57,0
PA-1011-03,2026-05-07,57,57,0
PA-1011-03,2026-05-08,57,57,0
PA-1011-03,2026-05-09,57,57,0
PA-1011-03,2026-05-10,57,57,0
PA-1011-03,2026-05-11,57,57,0
PA-1011-03,2026-05-12,57,51,6
PA-1011-03,2026-05-13,51,51,0
PA-1011-03,2026-05-14,51,51,0
PA-1011-03,2026-05-15,51,49,2
PA-1011-03,2026-05-16,49,48,1
PA-1011-03,2026-05-17,48,48,0
PA-1011-03,2026-05-18,48,48,0
PA-1011-03,2026-05-19,48,48,0
PA-1011-03,2026-05-20,48,48,0
PA-1011-03,2026-05-21,48,47,1
PA-1011-03,2026-05-22,47,47,0
PA-1011-03,2026-05-23,47,46,1
PA-1011-03,2026-05-24,46,46,0
PA-1011-03,2026-05-25,46,46,0
PA-1011-03,2026-05-26,46,46,0
PA-1011-03,2026-05-27,46,46,0
PA-1011-03,2026-05-28,46,46,0
PA-1011-03,2026-05-29,46,46,0
PA-1011-03,2026-05-30,46,46,0
PA-1011-03,2026-05-31,113,113,0
PA-1011-03,2026-06-01,113,109,4
PA-1011-03,2026-06-02,109,109,0
PA-1011-03,2026-06-03,109,109,0
PA-1011-03,2026-06-04,109,109,0
PA-1011-03,2026-06-05,109,109,0
PA-1011-03,2026-06-06,109,109,0
PA-1011-03,2026-06-07,109,109,0
PA-1011-03,2026-06-08,109,108,1
PA-1011-03,2026-06-09,108,106,2
PA-1011-03,2026-06-10,106,104,2
PA-1011-03,2026-06-11,104,98,6
PA-1011-03,2026-06-12,98,98,0
PA-1011-03,2026-06-13,98,98,0
PA-1011-03,2026-06-14,98,98,0
PA-1011-03,2026-06-15,98,97,1
PA-1011-03,2026-06-16,97,97,0
PA-1011-03,2026-06-17,97,97,0
PA-1011-03,2026-06-18,97,96,1
PA-1011-03,2026-06-19,96,96,0
PA-1011-03,2026-06-20,96,95,1
PA-1011-03,2026-06-21,95,95,0
PA-1011-03,2026-06-22,95,89,6
PA-1011-03,2026-06-23,89,88,1
PA-1011-03,2026-06-24,88,0,88
PA-1011-03,2026-06-25,0,0,0
PA-1011-03,2026-06-26,0,0,0
PA-1011-03,2026-06-27,0,0,0
PA-1011-03,2026-06-28,0,0,0
PA-1011-03,2026-06-29,0,0,0
PA-1011-03,2026-06-30,0,0,0
PA-1011-03,2026-07-01,0,0,0
PA-1011-03,2026-07-02,0,0,0
PA-1011-03,2026-07-03,0,0,0
PA-1011-03,2026-07-04,0,0,0
PA-1011-03,2026-07-05,0,0,0
PA-1011-03,2026-07-06,0,0,0
PA-1011-03,2026-07-07,0,0,0
PA-1011-03,2026-07-08,0,0,0
PA-1011-03,2026-07-09,0,0,0
PA-1011-03,2026-07-10,0,0,0
PA-1011-03,2026-07-11,0,0,0
PA-1011-03,2026-07-12,0,0,0
PA-1011-03,2026-07-13,0,0,0
PA-1011-03,2026-07-14,0,0,0
PA-1011-03,2026-07-15,0,0,0
PA-1011-03,2026-07-16,0,0,0
PA-1011-03,2026-07-17,0,0,0
PA-1011-03,2026-07-18,0,0,0
PA-1011-03,2026-07-19,0,0,0
PA-1011-03,2026-07-20,0,0,0
PA-1011-03,2026-07-21,0,0,0
PA-1011-03,2026-07-22,0,0,0
PA-1011-03,2026-07-23,0,0,0
PA-1011-03,2026-07-24,0,0,0
PA-1011-03,2026-07-25,0,0,0
PA-1011-03,2026-07-26,0,0,0
PA-1011-03,2026-07-27,0,0,0
PA-1011-03,2026-07-28,0,0,0
PA-1011-03,2026-07-29,0,0,0
PA-1011-03,2026-07-30,67,64,3
PA-1011-03,2026-07-31,64,60,4
PA-1011-03,2026-08-01,60,60,0
PA-1011-03,2026-08-02,60,60,0
PA-1011-03,2026-08-03,60,60,0
PA-1011-03,2026-08-04,60,58,2
PA-1011-03,2026-08-05,58,58,0
PA-1011-03,2026-08-06,58,56,2
PA-1011-03,2026-08-07,56,55,1
PA-1011-03,2026-08-08,55,55,0
PA-1011-03,2026-08-09,55,55,0
PA-1011-03,2026-08-10,55,39,16
PA-1011-03,2026-08-11,39,38,1
PA-1011-03,2026-08-12,38,38,0
PA-1011-03,2026-08-13,38,38,0
PA-1011-03,2026-08-14,38,35,3
PA-1011-03,2026-08-15,35,35,0
PA-1011-03,2026-08-16,35,35,0
PA-1011-03,2026-08-17,35,35,0
PA-1011-03,2026-08-18,35,34,1
PA-1011-03,2026-08-19,34,32,2
PA-1011-03,2026-08-20,32,32,0
PA-1011-03,2026-08-21,32,31,1
PA-1011-03,2026-08-22,31,28,3
PA-1011-03,2026-08-23,28,28,0
PA-1011-03,2026-08-24,28,28,0
PA-1011-03,2026-08-25,28,28,0
PA-1011-03,2026-08-26,95,95,0
PA-1011-03,2026-08-27,95,95,0
PA-1011-03,2026-08-28,95,95,0
PA-1011-04,2026-05-01,35,35,0
PA-1011-04,2026-05-02,35,34,1
PA-1011-04,2026-05-03,34,34,0
PA-1011-04,2026-05-04,34,34,0
PA-1011-04,2026-05-05,34,34,0
PA-1011-04,2026-05-06,34,34,0
PA-1011-04,2026-05-07,34,34,0
PA-1011-04,2026-05-08,34,34,0
PA-1011-04,2026-05-09,34,34,0
PA-1011-04,2026-05-10,34,34,0
PA-1011-04,2026-05-11,34,34,0
PA-1011-04,2026-05-12,34,33,1
PA-1011-04,2026-05-13,33,33,0
PA-1011-04,2026-05-14,33,32,1
PA-1011-04,2026-05-15,32,25,7
PA-1011-04,2026-05-16,25,25,0
PA-1011-04,2026-05-17,25,25,0
PA-1011-04,2026-05-18,25,25,0
PA-1011-04,2026-05-19,25,24,1
PA-1011-04,2026-05-20,24,23,1
PA-1011-04,2026-05-21,23,23,0
PA-1011-04,2026-05-22,23,23,0
PA-1011-04,2026-05-23,23,23,0
PA-1011-04,2026-05-24,23,23,0
PA-1011-04,2026-05-25,23,23,0
PA-1011-04,2026-05-26,23,23,0
PA-1011-04,2026-05-27,23,23,0
PA-1011-04,2026-05-28,23,21,2
PA-1011-04,2026-05-29,21,21,0
PA-1011-04,2026-05-30,21,21,0
PA-1011-04,2026-05-31,21,21,0
PA-1011-04,2026-06-01,21,21,0
PA-1011-04,2026-06-02,21,19,2
PA-1011-04,2026-06-03,19,18,1
PA-1011-04,2026-06-04,18,17,1
PA-1011-04,2026-06-05,17,17,0
PA-1011-04,2026-06-06,17,17,0
PA-1011-04,2026-06-07,17,17,0
PA-1011-04,2026-06-08,17,17,0
PA-1011-04,2026-06-09,17,17,0
PA-1011-04,2026-06-10,17,17,0
PA-1011-04,2026-06-11,17,17,0
PA-1011-04,2026-06-12,17,17,0
PA-1011-04,2026-06-13,17,17,0
PA-1011-04,2026-06-14,71,71,0
PA-1011-04,2026-06-15,71,71,0
PA-1011-04,2026-06-16,71,71,0
PA-1011-04,2026-06-17,71,71,0
PA-1011-04,2026-06-18,71,71,0
PA-1011-04,2026-06-19,71,71,0
PA-1011-04,2026-06-20,71,71,0
PA-1011-04,2026-06-21,71,71,0
PA-1011-04,2026-06-22,71,71,0
PA-1011-04,2026-06-23,71,71,0
PA-1011-04,2026-06-24,71,71,0
PA-1011-04,2026-06-25,71,71,0
PA-1011-04,2026-06-26,71,70,1
PA-1011-04,2026-06-27,70,70,0
PA-1011-04,2026-06-28,70,70,0
PA-1011-04,2026-06-29,70,70,0
PA-1011-04,2026-06-30,70,70,0
PA-1011-04,2026-07-01,70,70,0
PA-1011-04,2026-07-02,70,70,0
PA-1011-04,2026-07-03,70,70,0
PA-1011-04,2026-07-04,70,70,0
PA-1011-04,2026-07-05,70,70,0
PA-1011-04,2026-07-06,70,69,1
PA-1011-04,2026-07-07,69,69,0
PA-1011-04,2026-07-08,69,69,0
PA-1011-04,2026-07-09,69,69,0
PA-1011-04,2026-07-10,69,69,0
PA-1011-04,2026-07-11,69,69,0
PA-1011-04,2026-07-12,69,69,0
PA-1011-04,2026-07-13,69,69,0
PA-1011-04,2026-07-14,69,67,2
PA-1011-04,2026-07-15,67,67,0
PA-1011-04,2026-07-16,67,67,0
PA-1011-04,2026-07-17,67,67,0
PA-1011-04,2026-07-18,67,67,0
PA-1011-04,2026-07-19,67,67,0
PA-1011-04,2026-07-20,67,67,0
PA-1011-04,2026-07-21,67,65,2
PA-1011-04,2026-07-22,65,63,2
PA-1011-04,2026-07-23,63,63,0
PA-1011-04,2026-07-24,63,63,0
PA-1011-04,2026-07-25,63,63,0
PA-1011-04,2026-07-26,63,63,0
PA-1011-04,2026-07-27,63,63,0
PA-1011-04,2026-07-28,63,63,0
PA-1011-04,2026-07-29,63,63,0
PA-1011-04,2026-07-30,63,63,0
PA-1011-04,2026-07-31,63,63,0
PA-1011-04,2026-08-01,63,63,0
PA-1011-04,2026-08-02,63,63,0
PA-1011-04,2026-08-03,63,62,1
PA-1011-04,2026-08-04,62,60,2
PA-1011-04,2026-08-05,60,60,0
PA-1011-04,2026-08-06,60,60,0
PA-1011-04,2026-08-07,60,60,0
PA-1011-04,2026-08-08,60,60,0
PA-1011-04,2026-08-09,60,60,0
PA-1011-04,2026-08-10,60,60,0
PA-1011-04,2026-08-11,60,60,0
PA-1011-04,2026-08-12,60,60,0
PA-1011-04,2026-08-13,60,60,0
PA-1011-04,2026-08-14,60,60,0
PA-1011-04,2026-08-15,60,33,27
PA-1011-04,2026-08-16,33,33,0
PA-1011-04,2026-08-17,33,32,1
PA-1011-04,2026-08-18,32,32,0
PA-1011-04,2026-08-19,32,32,0
PA-1011-04,2026-08-20,32,31,1
PA-1011-04,2026-08-21,31,31,0
PA-1011-04,2026-08-22,31,31,0
PA-1011-04,2026-08-23,31,31,0
PA-1011-04,2026-08-24,31,27,4
PA-1011-04,2026-08-25,27,27,0
PA-1011-04,2026-08-26,27,27,0
PA-1011-04,2026-08-27,27,27,0
PA-1011-04,2026-08-28,27,27,0
PA-1020-01,2026-05-01,536,536,0
PA-1020-01,2026-05-02,536,536,0
PA-1020-01,2026-05-03,536,536,0
PA-1020-01,2026-05-04,536,454,82
PA-1020-01,2026-05-05,454,453,1
PA-1020-01,2026-05-06,453,446,7
PA-1020-01,2026-05-07,446,401,45
PA-1020-01,2026-05-08,401,391,10
PA-1020-01,2026-05-09,391,391,0
PA-1020-01,2026-05-10,391,391,0
PA-1020-01,2026-05-11,391,377,14
PA-1020-01,2026-05-12,377,375,2
PA-1020-01,2026-05-13,375,371,4
PA-1020-01,2026-05-14,371,319,52
PA-1020-01,2026-05-15,319,285,34
PA-1020-01,2026-05-16,285,284,1
PA-1020-01,2026-05-17,284,284,0
PA-1020-01,2026-05-18,284,267,17
PA-1020-01,2026-05-19,267,249,18
PA-1020-01,2026-05-20,249,249,0
PA-1020-01,2026-05-21,249,247,2
PA-1020-01,2026-05-22,247,247,0
PA-1020-01,2026-05-23,247,247,0
PA-1020-01,2026-05-24,247,247,0
PA-1020-01,2026-05-25,247,247,0
PA-1020-01,2026-05-26,247,238,9
PA-1020-01,2026-05-27,238,238,0
PA-1020-01,2026-05-28,238,238,0
PA-1020-01,2026-05-29,238,237,1
PA-1020-01,2026-05-30,237,230,7
PA-1020-01,2026-05-31,230,230,0
PA-1020-01,2026-06-01,230,219,11
PA-1020-01,2026-06-02,219,203,16
PA-1020-01,2026-06-03,203,195,8
PA-1020-01,2026-06-04,195,195,0
PA-1020-01,2026-06-05,195,190,5
PA-1020-01,2026-06-06,190,190,0
PA-1020-01,2026-06-07,190,190,0
PA-1020-01,2026-06-08,190,176,14
PA-1020-01,2026-06-09,176,176,0
PA-1020-01,2026-06-10,176,173,3
PA-1020-01,2026-06-11,173,160,13
PA-1020-01,2026-06-12,160,153,7
PA-1020-01,2026-06-13,153,153,0
PA-1020-01,2026-06-14,520,520,0
PA-1020-01,2026-06-15,520,504,16
PA-1020-01,2026-06-16,504,497,7
PA-1020-01,2026-06-17,497,492,5
PA-1020-01,2026-06-18,492,468,24
PA-1020-01,2026-06-19,468,462,6
PA-1020-01,2026-06-20,462,455,7
PA-1020-01,2026-06-21,455,455,0
PA-1020-01,2026-06-22,455,406,49
PA-1020-01,2026-06-23,406,393,13
PA-1020-01,2026-06-24,393,390,3
PA-1020-01,2026-06-25,390,374,16
PA-1020-01,2026-06-26,374,365,9
PA-1020-01,2026-06-27,365,302,63
PA-1020-01,2026-06-28,302,302,0
PA-1020-01,2026-06-29,302,301,1
PA-1020-01,2026-06-30,301,262,39
PA-1020-01,2026-07-01,262,254,8
PA-1020-01,2026-07-02,254,245,9
PA-1020-01,2026-07-03,245,228,17
PA-1020-01,2026-07-04,228,228,0
PA-1020-01,2026-07-05,228,228,0
PA-1020-01,2026-07-06,228,228,0
PA-1020-01,2026-07-07,228,228,0
PA-1020-01,2026-07-08,228,222,6
PA-1020-01,2026-07-09,222,222,0
PA-1020-01,2026-07-10,222,218,4
PA-1020-01,2026-07-11,218,218,0
PA-1020-01,2026-07-12,218,218,0
PA-1020-01,2026-07-13,218,208,10
PA-1020-01,2026-07-14,208,205,3
PA-1020-01,2026-07-15,205,202,3
PA-1020-01,2026-07-16,202,172,30
PA-1020-01,2026-07-17,172,158,14
PA-1020-01,2026-07-18,158,158,0
PA-1020-01,2026-07-19,158,158,0
PA-1020-01,2026-07-20,158,147,11
PA-1020-01,2026-07-21,147,129,18
PA-1020-01,2026-07-22,129,113,16
PA-1020-01,2026-07-23,113,112,1
PA-1020-01,2026-07-24,112,112,0
PA-1020-01,2026-07-25,112,110,2
PA-1020-01,2026-07-26,110,110,0
PA-1020-01,2026-07-27,110,99,11
PA-1020-01,2026-07-28,99,99,0
PA-1020-01,2026-07-29,467,464,3
PA-1020-01,2026-07-30,464,464,0
PA-1020-01,2026-07-31,464,450,14
PA-1020-01,2026-08-01,450,450,0
PA-1020-01,2026-08-02,450,450,0
PA-1020-01,2026-08-03,450,444,6
PA-1020-01,2026-08-04,444,444,0
PA-1020-01,2026-08-05,444,442,2
PA-1020-01,2026-08-06,442,434,8
PA-1020-01,2026-08-07,434,434,0
PA-1020-01,2026-08-08,434,434,0
PA-1020-01,2026-08-09,434,434,0
PA-1020-01,2026-08-10,434,404,30
PA-1020-01,2026-08-11,404,396,8
PA-1020-01,2026-08-12,396,334,62
PA-1020-01,2026-08-13,334,239,95
PA-1020-01,2026-08-14,239,235,4
PA-1020-01,2026-08-15,235,235,0
PA-1020-01,2026-08-16,235,235,0
PA-1020-01,2026-08-17,235,234,1
PA-1020-01,2026-08-18,234,233,1
PA-1020-01,2026-08-19,233,209,24
PA-1020-01,2026-08-20,209,192,17
PA-1020-01,2026-08-21,192,132,60
PA-1020-01,2026-08-22,132,132,0
PA-1020-01,2026-08-23,132,132,0
PA-1020-01,2026-08-24,132,122,10
PA-1020-01,2026-08-25,122,116,6
PA-1020-01,2026-08-26,116,113,3
PA-1020-01,2026-08-27,113,113,0
PA-1020-01,2026-08-28,113,103,10
PA-1020-02,2026-05-01,58,58,0
PA-1020-02,2026-05-02,58,26,32
PA-1020-02,2026-05-03,26,26,0
PA-1020-02,2026-05-04,26,24,2
PA-1020-02,2026-05-05,24,21,3
PA-1020-02,2026-05-06,21,21,0
PA-1020-02,2026-05-07,21,21,0
PA-1020-02,2026-05-08,21,21,0
PA-1020-02,2026-05-09,21,21,0
PA-1020-02,2026-05-10,21,21,0
PA-1020-02,2026-05-11,21,20,1
PA-1020-02,2026-05-12,20,18,2
PA-1020-02,2026-05-13,18,18,0
PA-1020-02,2026-05-14,18,18,0
PA-1020-02,2026-05-15,18,15,3
PA-1020-02,2026-05-16,15,15,0
PA-1020-02,2026-05-17,15,15,0
PA-1020-02,2026-05-18,15,14,1
PA-1020-02,2026-05-19,14,14,0
PA-1020-02,2026-05-20,14,12,2
PA-1020-02,2026-05-21,12,10,2
PA-1020-02,2026-05-22,10,6,4
PA-1020-02,2026-05-23,6,6,0
PA-1020-02,2026-05-24,6,6,0
PA-1020-02,2026-05-25,6,5,1
PA-1020-02,2026-05-26,5,0,5
PA-1020-02,2026-05-27,0,0,0
PA-1020-02,2026-05-28,66,66,0
PA-1020-02,2026-05-29,66,63,3
PA-1020-02,2026-05-30,63,63,0
PA-1020-02,2026-05-31,63,63,0
PA-1020-02,2026-06-01,63,62,1
PA-1020-02,2026-06-02,62,58,4
PA-1020-02,2026-06-03,58,57,1
PA-1020-02,2026-06-04,57,57,0
PA-1020-02,2026-06-05,57,57,0
PA-1020-02,2026-06-06,57,57,0
PA-1020-02,2026-06-07,57,57,0
PA-1020-02,2026-06-08,57,57,0
PA-1020-02,2026-06-09,57,57,0
PA-1020-02,2026-06-10,57,54,3
PA-1020-02,2026-06-11,54,54,0
PA-1020-02,2026-06-12,54,54,0
PA-1020-02,2026-06-13,54,54,0
PA-1020-02,2026-06-14,54,54,0
PA-1020-02,2026-06-15,54,53,1
PA-1020-02,2026-06-16,53,53,0
PA-1020-02,2026-06-17,53,52,1
PA-1020-02,2026-06-18,52,51,1
PA-1020-02,2026-06-19,51,50,1
PA-1020-02,2026-06-20,50,50,0
PA-1020-02,2026-06-21,50,50,0
PA-1020-02,2026-06-22,50,50,0
PA-1020-02,2026-06-23,50,46,4
PA-1020-02,2026-06-24,46,46,0
PA-1020-02,2026-06-25,46,45,1
PA-1020-02,2026-06-26,45,39,6
PA-1020-02,2026-06-27,39,36,3
PA-1020-02,2026-06-28,36,36,0
PA-1020-02,2026-06-29,36,35,1
PA-1020-02,2026-06-30,35,34,1
PA-1020-02,2026-07-01,34,24,10
PA-1020-02,2026-07-02,24,22,2
PA-1020-02,2026-07-03,22,22,0
PA-1020-02,2026-07-04,22,21,1
PA-1020-02,2026-07-05,21,21,0
PA-1020-02,2026-07-06,21,21,0
PA-1020-02,2026-07-07,21,19,2
PA-1020-02,2026-07-08,19,18,1
PA-1020-02,2026-07-09,18,18,0
PA-1020-02,2026-07-10,18,18,0
PA-1020-02,2026-07-11,18,18,0
PA-1020-02,2026-07-12,18,18,0
PA-1020-02,2026-07-13,18,18,0
PA-1020-02,2026-07-14,18,16,2
PA-1020-02,2026-07-15,16,14,2
PA-1020-02,2026-07-16,14,14,0
PA-1020-02,2026-07-17,14,13,1
PA-1020-02,2026-07-18,13,12,1
PA-1020-02,2026-07-19,12,12,0
PA-1020-02,2026-07-20,12,8,4
PA-1020-02,2026-07-21,8,8,0
PA-1020-02,2026-07-22,8,8,0
PA-1020-02,2026-07-23,8,8,0
PA-1020-02,2026-07-24,8,2,6
PA-1020-02,2026-07-25,2,2,0
PA-1020-02,2026-07-26,2,2,0
PA-1020-02,2026-07-27,2,0,2
PA-1020-02,2026-07-28,0,0,0
PA-1020-02,2026-07-29,0,0,0
PA-1020-02,2026-07-30,0,0,0
PA-1020-02,2026-07-31,0,0,0
PA-1020-02,2026-08-01,0,0,0
PA-1020-02,2026-08-02,66,66,0
PA-1020-02,2026-08-03,66,66,0
PA-1020-02,2026-08-04,66,65,1
PA-1020-02,2026-08-05,65,63,2
PA-1020-02,2026-08-06,63,61,2
PA-1020-02,2026-08-07,61,60,1
PA-1020-02,2026-08-08,60,60,0
PA-1020-02,2026-08-09,60,60,0
PA-1020-02,2026-08-10,60,60,0
PA-1020-02,2026-08-11,60,60,0
PA-1020-02,2026-08-12,60,59,1
PA-1020-02,2026-08-13,59,58,1
PA-1020-02,2026-08-14,58,57,1
PA-1020-02,2026-08-15,57,57,0
PA-1020-02,2026-08-16,57,57,0
PA-1020-02,2026-08-17,57,57,0
PA-1020-02,2026-08-18,57,55,2
PA-1020-02,2026-08-19,55,52,3
PA-1020-02,2026-08-20,52,52,0
PA-1020-02,2026-08-21,52,52,0
PA-1020-02,2026-08-22,52,34,18
PA-1020-02,2026-08-23,34,34,0
PA-1020-02,2026-08-24,34,34,0
PA-1020-02,2026-08-25,34,33,1
PA-1020-02,2026-08-26,33,29,4
PA-1020-02,2026-08-27,29,28,1
PA-1020-02,2026-08-28,28,25,3
PA-1020-03,2026-05-01,55,55,0
PA-1020-03,2026-05-02,55,54,1
PA-1020-03,2026-05-03,54,54,0
PA-1020-03,2026-05-04,54,54,0
PA-1020-03,2026-05-05,54,54,0
PA-1020-03,2026-05-06,54,54,0
PA-1020-03,2026-05-07,54,53,1
PA-1020-03,2026-05-08,53,52,1
PA-1020-03,2026-05-09,52,52,0
PA-1020-03,2026-05-10,52,52,0
PA-1020-03,2026-05-11,52,52,0
PA-1020-03,2026-05-12,52,52,0
PA-1020-03,2026-05-13,52,50,2
PA-1020-03,2026-05-14,50,49,1
PA-1020-03,2026-05-15,49,46,3
PA-1020-03,2026-05-16,46,46,0
PA-1020-03,2026-05-17,46,46,0
PA-1020-03,2026-05-18,46,45,1
PA-1020-03,2026-05-19,45,45,0
PA-1020-03,2026-05-20,45,45,0
PA-1020-03,2026-05-21,45,39,6
PA-1020-03,2026-05-22,39,39,0
PA-1020-03,2026-05-23,39,39,0
PA-1020-03,2026-05-24,39,39,0
PA-1020-03,2026-05-25,39,39,0
PA-1020-03,2026-05-26,39,39,0
PA-1020-03,2026-05-27,39,38,1
PA-1020-03,2026-05-28,38,38,0
PA-1020-03,2026-05-29,38,37,1
PA-1020-03,2026-05-30,37,37,0
PA-1020-03,2026-05-31,37,37,0
PA-1020-03,2026-06-01,37,37,0
PA-1020-03,2026-06-02,37,33,4
PA-1020-03,2026-06-03,33,33,0
PA-1020-03,2026-06-04,33,33,0
PA-1020-03,2026-06-05,33,33,0
PA-1020-03,2026-06-06,33,33,0
PA-1020-03,2026-06-07,33,33,0
PA-1020-03,2026-06-08,33,33,0
PA-1020-03,2026-06-09,33,33,0
PA-1020-03,2026-06-10,33,33,0
PA-1020-03,2026-06-11,33,32,1
PA-1020-03,2026-06-12,32,32,0
PA-1020-03,2026-06-13,32,32,0
PA-1020-03,2026-06-14,32,32,0
PA-1020-03,2026-06-15,32,32,0
PA-1020-03,2026-06-16,32,32,0
PA-1020-03,2026-06-17,32,30,2
PA-1020-03,2026-06-18,30,30,0
PA-1020-03,2026-06-19,30,29,1
PA-1020-03,2026-06-20,29,29,0
PA-1020-03,2026-06-21,29,29,0
PA-1020-03,2026-06-22,29,29,0
PA-1020-03,2026-06-23,29,29,0
PA-1020-03,2026-06-24,29,29,0
PA-1020-03,2026-06-25,29,28,1
PA-1020-03,2026-06-26,28,27,1
PA-1020-03,2026-06-27,27,27,0
PA-1020-03,2026-06-28,27,27,0
PA-1020-03,2026-06-29,27,24,3
PA-1020-03,2026-06-30,24,24,0
PA-1020-03,2026-07-01,24,23,1
PA-1020-03,2026-07-02,23,23,0
PA-1020-03,2026-07-03,23,23,0
PA-1020-03,2026-07-04,23,23,0
PA-1020-03,2026-07-05,23,23,0
PA-1020-03,2026-07-06,23,21,2
PA-1020-03,2026-07-07,21,21,0
PA-1020-03,2026-07-08,21,21,0
PA-1020-03,2026-07-09,21,21,0
PA-1020-03,2026-07-10,21,21,0
PA-1020-03,2026-07-11,21,21,0
PA-1020-03,2026-07-12,21,21,0
PA-1020-03,2026-07-13,21,21,0
PA-1020-03,2026-07-14,21,21,0
PA-1020-03,2026-07-15,21,21,0
PA-1020-03,2026-07-16,21,21,0
PA-1020-03,2026-07-17,21,21,0
PA-1020-03,2026-07-18,21,21,0
PA-1020-03,2026-07-19,21,21,0
PA-1020-03,2026-07-20,21,19,2
PA-1020-03,2026-07-21,19,18,1
PA-1020-03,2026-07-22,18,17,1
PA-1020-03,2026-07-23,17,15,2
PA-1020-03,2026-07-24,15,15,0
PA-1020-03,2026-07-25,15,15,0
PA-1020-03,2026-07-26,15,15,0
PA-1020-03,2026-07-27,15,15,0
PA-1020-03,2026-07-28,15,13,2
PA-1020-03,2026-07-29,13,9,4
PA-1020-03,2026-07-30,9,8,1
PA-1020-03,2026-07-31,8,7,1
PA-1020-03,2026-08-01,7,7,0
PA-1020-03,2026-08-02,7,7,0
PA-1020-03,2026-08-03,7,7,0
PA-1020-03,2026-08-04,7,7,0
PA-1020-03,2026-08-05,52,49,3
PA-1020-03,2026-08-06,49,49,0
PA-1020-03,2026-08-07,49,37,12
PA-1020-03,2026-08-08,37,37,0
PA-1020-03,2026-08-09,37,37,0
PA-1020-03,2026-08-10,37,34,3
PA-1020-03,2026-08-11,34,34,0
PA-1020-03,2026-08-12,34,34,0
PA-1020-03,2026-08-13,34,34,0
PA-1020-03,2026-08-14,34,32,2
PA-1020-03,2026-08-15,32,32,0
PA-1020-03,2026-08-16,32,32,0
PA-1020-03,2026-08-17,32,32,0
PA-1020-03,2026-08-18,32,29,3
PA-1020-03,2026-08-19,29,28,1
PA-1020-03,2026-08-20,28,28,0
PA-1020-03,2026-08-21,28,28,0
PA-1020-03,2026-08-22,28,27,1
PA-1020-03,2026-08-23,27,27,0
PA-1020-03,2026-08-24,27,27,0
PA-1020-03,2026-08-25,27,27,0
PA-1020-03,2026-08-26,27,25,2
PA-1020-03,2026-08-27,25,23,2
PA-1020-03,2026-08-28,23,17,6
PA-1020-04,2026-05-01,68,68,0
PA-1020-04,2026-05-02,68,68,0
PA-1020-04,2026-05-03,68,68,0
PA-1020-04,2026-05-04,68,68,0
PA-1020-04,2026-05-05,68,68,0
PA-1020-04,2026-05-06,68,68,0
PA-1020-04,2026-05-07,68,68,0
PA-1020-04,2026-05-08,68,68,0
PA-1020-04,2026-05-09,68,68,0
PA-1020-04,2026-05-10,68,68,0
PA-1020-04,2026-05-11,68,68,0
PA-1020-04,2026-05-12,68,68,0
PA-1020-04,2026-05-13,68,68,0
PA-1020-04,2026-05-14,68,68,0
PA-1020-04,2026-05-15,68,68,0
PA-1020-04,2026-05-16,68,68,0
PA-1020-04,2026-05-17,68,68,0
PA-1020-04,2026-05-18,68,68,0
PA-1020-04,2026-05-19,68,68,0
PA-1020-04,2026-05-20,68,68,0
PA-1020-04,2026-05-21,68,68,0
PA-1020-04,2026-05-22,68,63,5
PA-1020-04,2026-05-23,63,63,0
PA-1020-04,2026-05-24,63,63,0
PA-1020-04,2026-05-25,63,63,0
PA-1020-04,2026-05-26,63,63,0
PA-1020-04,2026-05-27,63,63,0
PA-1020-04,2026-05-28,63,63,0
PA-1020-04,2026-05-29,63,63,0
PA-1020-04,2026-05-30,63,63,0
PA-1020-04,2026-05-31,63,63,0
PA-1020-04,2026-06-01,63,63,0
PA-1020-04,2026-06-02,63,62,1
PA-1020-04,2026-06-03,62,62,0
PA-1020-04,2026-06-04,62,62,0
PA-1020-04,2026-06-05,62,62,0
PA-1020-04,2026-06-06,62,62,0
PA-1020-04,2026-06-07,62,62,0
PA-1020-04,2026-06-08,62,61,1
PA-1020-04,2026-06-09,61,61,0
PA-1020-04,2026-06-10,61,61,0
PA-1020-04,2026-06-11,61,61,0
PA-1020-04,2026-06-12,61,38,23
PA-1020-04,2026-06-13,38,37,1
PA-1020-04,2026-06-14,37,37,0
PA-1020-04,2026-06-15,37,37,0
PA-1020-04,2026-06-16,37,36,1
PA-1020-04,2026-06-17,36,36,0
PA-1020-04,2026-06-18,36,36,0
PA-1020-04,2026-06-19,36,36,0
PA-1020-04,2026-06-20,36,36,0
PA-1020-04,2026-06-21,36,36,0
PA-1020-04,2026-06-22,36,34,2
PA-1020-04,2026-06-23,34,34,0
PA-1020-04,2026-06-24,34,34,0
PA-1020-04,2026-06-25,34,34,0
PA-1020-04,2026-06-26,34,31,3
PA-1020-04,2026-06-27,31,31,0
PA-1020-04,2026-06-28,31,31,0
PA-1020-04,2026-06-29,31,31,0
PA-1020-04,2026-06-30,31,31,0
PA-1020-04,2026-07-01,31,31,0
PA-1020-04,2026-07-02,31,31,0
PA-1020-04,2026-07-03,31,31,0
PA-1020-04,2026-07-04,31,31,0
PA-1020-04,2026-07-05,31,31,0
PA-1020-04,2026-07-06,31,30,1
PA-1020-04,2026-07-07,30,30,0
PA-1020-04,2026-07-08,30,30,0
PA-1020-04,2026-07-09,30,30,0
PA-1020-04,2026-07-10,30,30,0
PA-1020-04,2026-07-11,30,30,0
PA-1020-04,2026-07-12,30,30,0
PA-1020-04,2026-07-13,30,30,0
PA-1020-04,2026-07-14,30,30,0
PA-1020-04,2026-07-15,30,30,0
PA-1020-04,2026-07-16,30,30,0
PA-1020-04,2026-07-17,30,30,0
PA-1020-04,2026-07-18,30,30,0
PA-1020-04,2026-07-19,30,30,0
PA-1020-04,2026-07-20,30,30,0
PA-1020-04,2026-07-21,30,29,1
PA-1020-04,2026-07-22,29,29,0
PA-1020-04,2026-07-23,29,29,0
PA-1020-04,2026-07-24,29,27,2
PA-1020-04,2026-07-25,27,27,0
PA-1020-04,2026-07-26,27,27,0
PA-1020-04,2026-07-27,27,23,4
PA-1020-04,2026-07-28,23,23,0
PA-1020-04,2026-07-29,23,23,0
PA-1020-04,2026-07-30,23,23,0
PA-1020-04,2026-07-31,23,23,0
PA-1020-04,2026-08-01,23,22,1
PA-1020-04,2026-08-02,22,22,0
PA-1020-04,2026-08-03,22,22,0
PA-1020-04,2026-08-04,22,19,3
PA-1020-04,2026-08-05,19,18,1
PA-1020-04,2026-08-06,18,18,0
PA-1020-04,2026-08-07,18,18,0
PA-1020-04,2026-08-08,18,15,3
PA-1020-04,2026-08-09,15,15,0
PA-1020-04,2026-08-10,15,13,2
PA-1020-04,2026-08-11,13,13,0
PA-1020-04,2026-08-12,13,13,0
PA-1020-04,2026-08-13,13,13,0
PA-1020-04,2026-08-14,13,10,3
PA-1020-04,2026-08-15,10,10,0
PA-1020-04,2026-08-16,10,10,0
PA-1020-04,2026-08-17,10,10,0
PA-1020-04,2026-08-18,10,10,0
PA-1020-04,2026-08-19,10,10,0
PA-1020-04,2026-08-20,10,10,0
PA-1020-04,2026-08-21,10,10,0
PA-1020-04,2026-08-22,10,8,2
PA-1020-04,2026-08-23,8,8,0
PA-1020-04,2026-08-24,8,7,1
PA-1020-04,2026-08-25,7,7,0
PA-1020-04,2026-08-26,7,7,0
PA-1020-04,2026-08-27,7,7,0
PA-1020-04,2026-08-28,7,7,0
PA-1030-01,2026-05-01,311,310,1
PA-1030-01,2026-05-02,310,303,7
PA-1030-01,2026-05-03,303,303,0
PA-1030-01,2026-05-04,303,303,0
PA-1030-01,2026-05-05,303,303,0
PA-1030-01,2026-05-06,303,297,6
PA-1030-01,2026-05-07,297,290,7
PA-1030-01,2026-05-08,290,290,0
PA-1030-01,2026-05-09,290,290,0
PA-1030-01,2026-05-10,290,290,0
PA-1030-01,2026-05-11,290,272,18
PA-1030-01,2026-05-12,272,269,3
PA-1030-01,2026-05-13,269,234,35
PA-1030-01,2026-05-14,234,234,0
PA-1030-01,2026-05-15,234,233,1
PA-1030-01,2026-05-16,233,232,1
PA-1030-01,2026-05-17,232,232,0
PA-1030-01,2026-05-18,232,191,41
PA-1030-01,2026-05-19,191,165,26
PA-1030-01,2026-05-20,165,158,7
PA-1030-01,2026-05-21,158,114,44
PA-1030-01,2026-05-22,114,114,0
PA-1030-01,2026-05-23,114,114,0
PA-1030-01,2026-05-24,114,114,0
PA-1030-01,2026-05-25,114,47,67
PA-1030-01,2026-05-26,47,40,7
PA-1030-01,2026-05-27,40,36,4
PA-1030-01,2026-05-28,36,16,20
PA-1030-01,2026-05-29,16,4,12
PA-1030-01,2026-05-30,4,4,0
PA-1030-01,2026-05-31,4,4,0
PA-1030-01,2026-06-01,4,0,4
PA-1030-01,2026-06-02,0,0,0
PA-1030-01,2026-06-03,0,0,0
PA-1030-01,2026-06-04,0,0,0
PA-1030-01,2026-06-05,0,0,0
PA-1030-01,2026-06-06,360,358,2
PA-1030-01,2026-06-07,358,358,0
PA-1030-01,2026-06-08,358,358,0
PA-1030-01,2026-06-09,358,346,12
PA-1030-01,2026-06-10,346,323,23
PA-1030-01,2026-06-11,323,323,0
PA-1030-01,2026-06-12,323,323,0
PA-1030-01,2026-06-13,323,323,0
PA-1030-01,2026-06-14,323,323,0
PA-1030-01,2026-06-15,323,314,9
PA-1030-01,2026-06-16,314,263,51
PA-1030-01,2026-06-17,263,263,0
PA-1030-01,2026-06-18,263,226,37
PA-1030-01,2026-06-19,226,212,14
PA-1030-01,2026-06-20,212,212,0
PA-1030-01,2026-06-21,212,212,0
PA-1030-01,2026-06-22,212,208,4
PA-1030-01,2026-06-23,208,208,0
PA-1030-01,2026-06-24,208,127,81
PA-1030-01,2026-06-25,127,127,0
PA-1030-01,2026-06-26,127,119,8
PA-1030-01,2026-06-27,119,119,0
PA-1030-01,2026-06-28,119,119,0
PA-1030-01,2026-06-29,119,102,17
PA-1030-01,2026-06-30,102,100,2
PA-1030-01,2026-07-01,100,75,25
PA-1030-01,2026-07-02,75,68,7
PA-1030-01,2026-07-03,68,67,1
PA-1030-01,2026-07-04,67,64,3
PA-1030-01,2026-07-05,64,64,0
PA-1030-01,2026-07-06,64,52,12
PA-1030-01,2026-07-07,52,48,4
PA-1030-01,2026-07-08,48,47,1
PA-1030-01,2026-07-09,47,46,1
PA-1030-01,2026-07-10,46,0,46
PA-1030-01,2026-07-11,0,0,0
PA-1030-01,2026-07-12,0,0,0
PA-1030-01,2026-07-13,0,0,0
PA-1030-01,2026-07-14,360,355,5
PA-1030-01,2026-07-15,355,302,53
PA-1030-01,2026-07-16,302,279,23
PA-1030-01,2026-07-17,279,263,16
PA-1030-01,2026-07-18,263,263,0
PA-1030-01,2026-07-19,263,263,0
PA-1030-01,2026-07-20,263,250,13
PA-1030-01,2026-07-21,250,245,5
PA-1030-01,2026-07-22,245,242,3
PA-1030-01,2026-07-23,242,215,27
PA-1030-01,2026-07-24,215,180,35
PA-1030-01,2026-07-25,180,180,0
PA-1030-01,2026-07-26,180,180,0
PA-1030-01,2026-07-27,180,179,1
PA-1030-01,2026-07-28,179,179,0
PA-1030-01,2026-07-29,179,171,8
PA-1030-01,2026-07-30,171,156,15
PA-1030-01,2026-07-31,156,138,18
PA-1030-01,2026-08-01,138,135,3
PA-1030-01,2026-08-02,135,135,0
PA-1030-01,2026-08-03,135,117,18
PA-1030-01,2026-08-04,117,115,2
PA-1030-01,2026-08-05,115,77,38
PA-1030-01,2026-08-06,77,76,1
PA-1030-01,2026-08-07,76,75,1
PA-1030-01,2026-08-08,75,75,0
PA-1030-01,2026-08-09,75,75,0
PA-1030-01,2026-08-10,75,69,6
PA-1030-01,2026-08-11,69,46,23
PA-1030-01,2026-08-12,46,0,46
PA-1030-01,2026-08-13,0,0,0
PA-1030-01,2026-08-14,0,0,0
PA-1030-01,2026-08-15,0,0,0
PA-1030-01,2026-08-16,0,0,0
PA-1030-01,2026-08-17,0,0,0
PA-1030-01,2026-08-18,360,337,23
PA-1030-01,2026-08-19,337,320,17
PA-1030-01,2026-08-20,320,314,6
PA-1030-01,2026-08-21,314,288,26
PA-1030-01,2026-08-22,288,286,2
PA-1030-01,2026-08-23,286,286,0
PA-1030-01,2026-08-24,286,275,11
PA-1030-01,2026-08-25,275,265,10
PA-1030-01,2026-08-26,265,251,14
PA-1030-01,2026-08-27,251,245,6
PA-1030-01,2026-08-28,245,241,4
PA-1030-02,2026-05-01,68,68,0
PA-1030-02,2026-05-02,68,67,1
PA-1030-02,2026-05-03,67,67,0
PA-1030-02,2026-05-04,67,66,1
PA-1030-02,2026-05-05,66,62,4
PA-1030-02,2026-05-06,62,62,0
PA-1030-02,2026-05-07,62,61,1
PA-1030-02,2026-05-08,61,53,8
PA-1030-02,2026-05-09,53,53,0
PA-1030-02,2026-05-10,53,53,0
PA-1030-02,2026-05-11,53,53,0
PA-1030-02,2026-05-12,53,47,6
PA-1030-02,2026-05-13,47,46,1
PA-1030-02,2026-05-14,46,46,0
PA-1030-02,2026-05-15,46,32,14
PA-1030-02,2026-05-16,32,32,0
PA-1030-02,2026-05-17,32,32,0
PA-1030-02,2026-05-18,32,32,0
PA-1030-02,2026-05-19,32,29,3
PA-1030-02,2026-05-20,29,29,0
PA-1030-02,2026-05-21,133,133,0
PA-1030-02,2026-05-22,133,133,0
PA-1030-02,2026-05-23,133,133,0
PA-1030-02,2026-05-24,133,133,0
PA-1030-02,2026-05-25,133,130,3
PA-1030-02,2026-05-26,130,129,1
PA-1030-02,2026-05-27,129,124,5
PA-1030-02,2026-05-28,124,116,8
PA-1030-02,2026-05-29,116,82,34
PA-1030-02,2026-05-30,82,82,0
PA-1030-02,2026-05-31,82,82,0
PA-1030-02,2026-06-01,82,80,2
PA-1030-02,2026-06-02,80,80,0
PA-1030-02,2026-06-03,80,78,2
PA-1030-02,2026-06-04,78,78,0
PA-1030-02,2026-06-05,78,56,22
PA-1030-02,2026-06-06,56,56,0
PA-1030-02,2026-06-07,56,56,0
PA-1030-02,2026-06-08,56,51,5
PA-1030-02,2026-06-09,51,51,0
PA-1030-02,2026-06-10,51,0,51
PA-1030-02,2026-06-11,0,0,0
PA-1030-02,2026-06-12,0,0,0
PA-1030-02,2026-06-13,0,0,0
PA-1030-02,2026-06-14,0,0,0
PA-1030-02,2026-06-15,0,0,0
PA-1030-02,2026-06-16,0,0,0
PA-1030-02,2026-06-17,0,0,0
PA-1030-02,2026-06-18,0,0,0
PA-1030-02,2026-06-19,0,0,0
PA-1030-02,2026-06-20,104,104,0
PA-1030-02,2026-06-21,104,104,0
PA-1030-02,2026-06-22,104,103,1
PA-1030-02,2026-06-23,103,89,14
PA-1030-02,2026-06-24,89,89,0
PA-1030-02,2026-06-25,89,81,8
PA-1030-02,2026-06-26,81,73,8
PA-1030-02,2026-06-27,73,72,1
PA-1030-02,2026-06-28,72,72,0
PA-1030-02,2026-06-29,72,70,2
PA-1030-02,2026-06-30,70,70,0
PA-1030-02,2026-07-01,70,69,1
PA-1030-02,2026-07-02,69,0,69
PA-1030-02,2026-07-03,0,0,0
PA-1030-02,2026-07-04,0,0,0
PA-1030-02,2026-07-05,0,0,0
PA-1030-02,2026-07-06,0,0,0
PA-1030-02,2026-07-07,0,0,0
PA-1030-02,2026-07-08,0,0,0
PA-1030-02,2026-07-09,0,0,0
PA-1030-02,2026-07-10,0,0,0
PA-1030-02,2026-07-11,0,0,0
PA-1030-02,2026-07-12,0,0,0
PA-1030-02,2026-07-13,0,0,0
PA-1030-02,2026-07-14,0,0,0
PA-1030-02,2026-07-15,0,0,0
PA-1030-02,2026-07-16,0,0,0
PA-1030-02,2026-07-17,0,0,0
PA-1030-02,2026-07-18,0,0,0
PA-1030-02,2026-07-19,104,104,0
PA-1030-02,2026-07-20,104,101,3
PA-1030-02,2026-07-21,101,101,0
PA-1030-02,2026-07-22,101,90,11
PA-1030-02,2026-07-23,90,88,2
PA-1030-02,2026-07-24,88,88,0
PA-1030-02,2026-07-25,88,88,0
PA-1030-02,2026-07-26,88,88,0
PA-1030-02,2026-07-27,88,84,4
PA-1030-02,2026-07-28,84,80,4
PA-1030-02,2026-07-29,80,66,14
PA-1030-02,2026-07-30,66,58,8
PA-1030-02,2026-07-31,58,50,8
PA-1030-02,2026-08-01,50,49,1
PA-1030-02,2026-08-02,49,49,0
PA-1030-02,2026-08-03,49,43,6
PA-1030-02,2026-08-04,43,43,0
PA-1030-02,2026-08-05,43,41,2
PA-1030-02,2026-08-06,41,41,0
PA-1030-02,2026-08-07,41,39,2
PA-1030-02,2026-08-08,39,39,0
PA-1030-02,2026-08-09,39,39,0
PA-1030-02,2026-08-10,39,33,6
PA-1030-02,2026-08-11,33,33,0
PA-1030-02,2026-08-12,33,33,0
PA-1030-02,2026-08-13,33,33,0
PA-1030-02,2026-08-14,33,30,3
PA-1030-02,2026-08-15,134,130,4
PA-1030-02,2026-08-16,130,130,0
PA-1030-02,2026-08-17,130,117,13
PA-1030-02,2026-08-18,117,99,18
PA-1030-02,2026-08-19,99,98,1
PA-1030-02,2026-08-20,98,94,4
PA-1030-02,2026-08-21,94,93,1
PA-1030-02,2026-08-22,93,79,14
PA-1030-02,2026-08-23,79,79,0
PA-1030-02,2026-08-24,79,79,0
PA-1030-02,2026-08-25,79,61,18
PA-1030-02,2026-08-26,61,59,2
PA-1030-02,2026-08-27,59,59,0
PA-1030-02,2026-08-28,59,59,0
PA-1030-03,2026-05-01,31,31,0
PA-1030-03,2026-05-02,31,31,0
PA-1030-03,2026-05-03,31,31,0
PA-1030-03,2026-05-04,31,29,2
PA-1030-03,2026-05-05,29,29,0
PA-1030-03,2026-05-06,29,29,0
PA-1030-03,2026-05-07,29,29,0
PA-1030-03,2026-05-08,29,29,0
PA-1030-03,2026-05-09,29,29,0
PA-1030-03,2026-05-10,29,29,0
PA-1030-03,2026-05-11,29,29,0
PA-1030-03,2026-05-12,29,24,5
PA-1030-03,2026-05-13,24,24,0
PA-1030-03,2026-05-14,24,22,2
PA-1030-03,2026-05-15,22,22,0
PA-1030-03,2026-05-16,22,22,0
PA-1030-03,2026-05-17,22,22,0
PA-1030-03,2026-05-18,22,22,0
PA-1030-03,2026-05-19,22,22,0
PA-1030-03,2026-05-20,22,22,0
PA-1030-03,2026-05-21,22,20,2
PA-1030-03,2026-05-22,20,20,0
PA-1030-03,2026-05-23,20,19,1
PA-1030-03,2026-05-24,19,19,0
PA-1030-03,2026-05-25,86,86,0
PA-1030-03,2026-05-26,86,86,0
PA-1030-03,2026-05-27,86,77,9
PA-1030-03,2026-05-28,77,76,1
PA-1030-03,2026-05-29,76,76,0
PA-1030-03,2026-05-30,76,76,0
PA-1030-03,2026-05-31,76,76,0
PA-1030-03,2026-06-01,76,76,0
PA-1030-03,2026-06-02,76,76,0
PA-1030-03,2026-06-03,76,76,0
PA-1030-03,2026-06-04,76,76,0
PA-1030-03,2026-06-05,76,76,0
PA-1030-03,2026-06-06,76,76,0
PA-1030-03,2026-06-07,76,76,0
PA-1030-03,2026-06-08,76,76,0
PA-1030-03,2026-06-09,76,76,0
PA-1030-03,2026-06-10,76,76,0
PA-1030-03,2026-06-11,76,76,0
PA-1030-03,2026-06-12,76,75,1
PA-1030-03,2026-06-13,75,75,0
PA-1030-03,2026-06-14,75,75,0
PA-1030-03,2026-06-15,75,75,0
PA-1030-03,2026-06-16,75,75,0
PA-1030-03,2026-06-17,75,75,0
PA-1030-03,2026-06-18,75,73,2
PA-1030-03,2026-06-19,73,73,0
PA-1030-03,2026-06-20,73,73,0
PA-1030-03,2026-06-21,73,73,0
PA-1030-03,2026-06-22,73,73,0
PA-1030-03,2026-06-23,73,73,0
PA-1030-03,2026-06-24,73,72,1
PA-1030-03,2026-06-25,72,68,4
PA-1030-03,2026-06-26,68,68,0
PA-1030-03,2026-06-27,68,68,0
PA-1030-03,2026-06-28,68,68,0
PA-1030-03,2026-06-29,68,67,1
PA-1030-03,2026-06-30,67,67,0
PA-1030-03,2026-07-01,67,67,0
PA-1030-03,2026-07-02,67,67,0
PA-1030-03,2026-07-03,67,66,1
PA-1030-03,2026-07-04,66,66,0
PA-1030-03,2026-07-05,66,66,0
PA-1030-03,2026-07-06,66,63,3
PA-1030-03,2026-07-07,63,63,0
PA-1030-03,2026-07-08,63,63,0
PA-1030-03,2026-07-09,63,63,0
PA-1030-03,2026-07-10,63,63,0
PA-1030-03,2026-07-11,63,63,0
PA-1030-03,2026-07-12,63,63,0
PA-1030-03,2026-07-13,63,63,0
PA-1030-03,2026-07-14,63,59,4
PA-1030-03,2026-07-15,59,57,2
PA-1030-03,2026-07-16,57,57,0
PA-1030-03,2026-07-17,57,57,0
PA-1030-03,2026-07-18,57,57,0
PA-1030-03,2026-07-19,57,57,0
PA-1030-03,2026-07-20,57,54,3
PA-1030-03,2026-07-21,54,54,0
PA-1030-03,2026-07-22,54,54,0
PA-1030-03,2026-07-23,54,54,0
PA-1030-03,2026-07-24,54,54,0
PA-1030-03,2026-07-25,54,54,0
PA-1030-03,2026-07-26,54,54,0
PA-1030-03,2026-07-27,54,54,0
PA-1030-03,2026-07-28,54,54,0
PA-1030-03,2026-07-29,54,54,0
PA-1030-03,2026-07-30,54,51,3
PA-1030-03,2026-07-31,51,50,1
PA-1030-03,2026-08-01,50,50,0
PA-1030-03,2026-08-02,50,50,0
PA-1030-03,2026-08-03,50,44,6
PA-1030-03,2026-08-04,44,44,0
PA-1030-03,2026-08-05,44,33,11
PA-1030-03,2026-08-06,33,33,0
PA-1030-03,2026-08-07,33,32,1
PA-1030-03,2026-08-08,32,32,0
PA-1030-03,2026-08-09,32,32,0
PA-1030-03,2026-08-10,32,32,0
PA-1030-03,2026-08-11,32,31,1
PA-1030-03,2026-08-12,31,31,0
PA-1030-03,2026-08-13,31,24,7
PA-1030-03,2026-08-14,24,23,1
PA-1030-03,2026-08-15,23,17,6
PA-1030-03,2026-08-16,17,17,0
PA-1030-03,2026-08-17,17,12,5
PA-1030-03,2026-08-18,12,12,0
PA-1030-03,2026-08-19,12,11,1
PA-1030-03,2026-08-20,11,11,0
PA-1030-03,2026-08-21,11,11,0
PA-1030-03,2026-08-22,11,11,0
PA-1030-03,2026-08-23,11,11,0
PA-1030-03,2026-08-24,11,11,0
PA-1030-03,2026-08-25,11,10,1
PA-1030-03,2026-08-26,10,7,3
PA-1030-03,2026-08-27,7,7,0
PA-1030-03,2026-08-28,7,7,0
PA-1030-04,2026-05-01,82,82,0
PA-1030-04,2026-05-02,82,82,0
PA-1030-04,2026-05-03,82,82,0
PA-1030-04,2026-05-04,82,82,0
PA-1030-04,2026-05-05,82,82,0
PA-1030-04,2026-05-06,82,82,0
PA-1030-04,2026-05-07,82,82,0
PA-1030-04,2026-05-08,82,82,0
PA-1030-04,2026-05-09,82,82,0
PA-1030-04,2026-05-10,82,82,0
PA-1030-04,2026-05-11,82,82,0
PA-1030-04,2026-05-12,82,82,0
PA-1030-04,2026-05-13,82,82,0
PA-1030-04,2026-05-14,82,82,0
PA-1030-04,2026-05-15,82,78,4
PA-1030-04,2026-05-16,78,78,0
PA-1030-04,2026-05-17,78,78,0
PA-1030-04,2026-05-18,78,78,0
PA-1030-04,2026-05-19,78,78,0
PA-1030-04,2026-05-20,78,78,0
PA-1030-04,2026-05-21,78,78,0
PA-1030-04,2026-05-22,78,71,7
PA-1030-04,2026-05-23,71,71,0
PA-1030-04,2026-05-24,71,71,0
PA-1030-04,2026-05-25,71,71,0
PA-1030-04,2026-05-26,71,71,0
PA-1030-04,2026-05-27,71,69,2
PA-1030-04,2026-05-28,69,69,0
PA-1030-04,2026-05-29,69,69,0
PA-1030-04,2026-05-30,69,69,0
PA-1030-04,2026-05-31,69,69,0
PA-1030-04,2026-06-01,69,69,0
PA-1030-04,2026-06-02,69,69,0
PA-1030-04,2026-06-03,69,69,0
PA-1030-04,2026-06-04,69,69,0
PA-1030-04,2026-06-05,69,69,0
PA-1030-04,2026-06-06,69,69,0
PA-1030-04,2026-06-07,69,69,0
PA-1030-04,2026-06-08,69,69,0
PA-1030-04,2026-06-09,69,69,0
PA-1030-04,2026-06-10,69,69,0
PA-1030-04,2026-06-11,69,69,0
PA-1030-04,2026-06-12,69,68,1
PA-1030-04,2026-06-13,68,68,0
PA-1030-04,2026-06-14,68,68,0
PA-1030-04,2026-06-15,68,68,0
PA-1030-04,2026-06-16,68,68,0
PA-1030-04,2026-06-17,68,68,0
PA-1030-04,2026-06-18,68,68,0
PA-1030-04,2026-06-19,68,68,0
PA-1030-04,2026-06-20,68,68,0
PA-1030-04,2026-06-21,68,68,0
PA-1030-04,2026-06-22,68,66,2
PA-1030-04,2026-06-23,66,66,0
PA-1030-04,2026-06-24,66,66,0
PA-1030-04,2026-06-25,66,66,0
PA-1030-04,2026-06-26,66,66,0
PA-1030-04,2026-06-27,66,66,0
PA-1030-04,2026-06-28,66,66,0
PA-1030-04,2026-06-29,66,66,0
PA-1030-04,2026-06-30,66,66,0
PA-1030-04,2026-07-01,66,66,0
PA-1030-04,2026-07-02,66,66,0
PA-1030-04,2026-07-03,66,61,5
PA-1030-04,2026-07-04,61,61,0
PA-1030-04,2026-07-05,61,61,0
PA-1030-04,2026-07-06,61,61,0
PA-1030-04,2026-07-07,61,61,0
PA-1030-04,2026-07-08,61,61,0
PA-1030-04,2026-07-09,61,61,0
PA-1030-04,2026-07-10,61,61,0
PA-1030-04,2026-07-11,61,61,0
PA-1030-04,2026-07-12,61,61,0
PA-1030-04,2026-07-13,61,61,0
PA-1030-04,2026-07-14,61,61,0
PA-1030-04,2026-07-15,61,61,0
PA-1030-04,2026-07-16,61,61,0
PA-1030-04,2026-07-17,61,61,0
PA-1030-04,2026-07-18,61,61,0
PA-1030-04,2026-07-19,61,61,0
PA-1030-04,2026-07-20,61,61,0
PA-1030-04,2026-07-21,61,55,6
PA-1030-04,2026-07-22,55,52,3
PA-1030-04,2026-07-23,52,52,0
PA-1030-04,2026-07-24,52,49,3
PA-1030-04,2026-07-25,49,49,0
PA-1030-04,2026-07-26,49,49,0
PA-1030-04,2026-07-27,49,49,0
PA-1030-04,2026-07-28,49,49,0
PA-1030-04,2026-07-29,49,49,0
PA-1030-04,2026-07-30,49,49,0
PA-1030-04,2026-07-31,49,49,0
PA-1030-04,2026-08-01,49,49,0
PA-1030-04,2026-08-02,49,49,0
PA-1030-04,2026-08-03,49,49,0
PA-1030-04,2026-08-04,49,49,0
PA-1030-04,2026-08-05,49,49,0
PA-1030-04,2026-08-06,49,49,0
PA-1030-04,2026-08-07,49,49,0
PA-1030-04,2026-08-08,49,49,0
PA-1030-04,2026-08-09,49,49,0
PA-1030-04,2026-08-10,49,49,0
PA-1030-04,2026-08-11,49,47,2
PA-1030-04,2026-08-12,47,47,0
PA-1030-04,2026-08-13,47,47,0
PA-1030-04,2026-08-14,47,47,0
PA-1030-04,2026-08-15,47,47,0
PA-1030-04,2026-08-16,47,47,0
PA-1030-04,2026-08-17,47,47,0
PA-1030-04,2026-08-18,47,47,0
PA-1030-04,2026-08-19,47,47,0
PA-1030-04,2026-08-20,47,47,0
PA-1030-04,2026-08-21,47,47,0
PA-1030-04,2026-08-22,47,47,0
PA-1030-04,2026-08-23,47,47,0
PA-1030-04,2026-08-24,47,47,0
PA-1030-04,2026-08-25,47,47,0
PA-1030-04,2026-08-26,47,47,0
PA-1030-04,2026-08-27,47,47,0
PA-1030-04,2026-08-28,47,47,0
PA-1040-01,2026-05-01,187,187,0
PA-1040-01,2026-05-02,187,182,5
PA-1040-01,2026-05-03,182,182,0
PA-1040-01,2026-05-04,182,147,35
PA-1040-01,2026-05-05,147,134,13
PA-1040-01,2026-05-06,134,125,9
PA-1040-01,2026-05-07,125,125,0
PA-1040-01,2026-05-08,125,125,0
PA-1040-01,2026-05-09,125,121,4
PA-1040-01,2026-05-10,121,121,0
PA-1040-01,2026-05-11,121,111,10
PA-1040-01,2026-05-12,111,81,30
PA-1040-01,2026-05-13,81,81,0
PA-1040-01,2026-05-14,81,69,12
PA-1040-01,2026-05-15,69,69,0
PA-1040-01,2026-05-16,69,68,1
PA-1040-01,2026-05-17,68,68,0
PA-1040-01,2026-05-18,68,67,1
PA-1040-01,2026-05-19,67,55,12
PA-1040-01,2026-05-20,55,46,9
PA-1040-01,2026-05-21,46,38,8
PA-1040-01,2026-05-22,38,15,23
PA-1040-01,2026-05-23,15,15,0
PA-1040-01,2026-05-24,15,15,0
PA-1040-01,2026-05-25,15,7,8
PA-1040-01,2026-05-26,7,6,1
PA-1040-01,2026-05-27,6,0,6
PA-1040-01,2026-05-28,0,0,0
PA-1040-01,2026-05-29,0,0,0
PA-1040-01,2026-05-30,0,0,0
PA-1040-01,2026-05-31,0,0,0
PA-1040-01,2026-06-01,0,0,0
PA-1040-01,2026-06-02,0,0,0
PA-1040-01,2026-06-03,0,0,0
PA-1040-01,2026-06-04,0,0,0
PA-1040-01,2026-06-05,0,0,0
PA-1040-01,2026-06-06,0,0,0
PA-1040-01,2026-06-07,0,0,0
PA-1040-01,2026-06-08,235,234,1
PA-1040-01,2026-06-09,234,223,11
PA-1040-01,2026-06-10,223,223,0
PA-1040-01,2026-06-11,223,223,0
PA-1040-01,2026-06-12,223,223,0
PA-1040-01,2026-06-13,223,223,0
PA-1040-01,2026-06-14,223,223,0
PA-1040-01,2026-06-15,223,220,3
PA-1040-01,2026-06-16,220,217,3
PA-1040-01,2026-06-17,217,208,9
PA-1040-01,2026-06-18,208,205,3
PA-1040-01,2026-06-19,205,145,60
PA-1040-01,2026-06-20,145,143,2
PA-1040-01,2026-06-21,143,143,0
PA-1040-01,2026-06-22,143,126,17
PA-1040-01,2026-06-23,126,122,4
PA-1040-01,2026-06-24,122,120,2
PA-1040-01,2026-06-25,120,113,7
PA-1040-01,2026-06-26,113,70,43
PA-1040-01,2026-06-27,70,69,1
PA-1040-01,2026-06-28,69,69,0
PA-1040-01,2026-06-29,69,63,6
PA-1040-01,2026-06-30,63,60,3
PA-1040-01,2026-07-01,60,60,0
PA-1040-01,2026-07-02,60,60,0
PA-1040-01,2026-07-03,60,34,26
PA-1040-01,2026-07-04,34,33,1
PA-1040-01,2026-07-05,33,33,0
PA-1040-01,2026-07-06,33,33,0
PA-1040-01,2026-07-07,33,31,2
PA-1040-01,2026-07-08,31,31,0
PA-1040-01,2026-07-09,31,31,0
PA-1040-01,2026-07-10,31,18,13
PA-1040-01,2026-07-11,18,16,2
PA-1040-01,2026-07-12,16,16,0
PA-1040-01,2026-07-13,16,12,4
PA-1040-01,2026-07-14,12,0,12
PA-1040-01,2026-07-15,0,0,0
PA-1040-01,2026-07-16,0,0,0
PA-1040-01,2026-07-17,0,0,0
PA-1040-01,2026-07-18,235,233,2
PA-1040-01,2026-07-19,233,233,0
PA-1040-01,2026-07-20,233,226,7
PA-1040-01,2026-07-21,226,173,53
PA-1040-01,2026-07-22,173,172,1
PA-1040-01,2026-07-23,172,166,6
PA-1040-01,2026-07-24,166,166,0
PA-1040-01,2026-07-25,166,164,2
PA-1040-01,2026-07-26,164,164,0
PA-1040-01,2026-07-27,164,154,10
PA-1040-01,2026-07-28,154,148,6
PA-1040-01,2026-07-29,148,133,15
PA-1040-01,2026-07-30,133,130,3
PA-1040-01,2026-07-31,130,124,6
PA-1040-01,2026-08-01,124,124,0
PA-1040-01,2026-08-02,124,124,0
PA-1040-01,2026-08-03,124,123,1
PA-1040-01,2026-08-04,123,120,3
PA-1040-01,2026-08-05,120,120,0
PA-1040-01,2026-08-06,120,118,2
PA-1040-01,2026-08-07,118,113,5
PA-1040-01,2026-08-08,113,113,0
PA-1040-01,2026-08-09,113,113,0
PA-1040-01,2026-08-10,113,111,2
PA-1040-01,2026-08-11,111,104,7
PA-1040-01,2026-08-12,104,99,5
PA-1040-01,2026-08-13,99,96,3
PA-1040-01,2026-08-14,96,91,5
PA-1040-01,2026-08-15,91,91,0
PA-1040-01,2026-08-16,91,91,0
PA-1040-01,2026-08-17,91,86,5
PA-1040-01,2026-08-18,86,86,0
PA-1040-01,2026-08-19,86,86,0
PA-1040-01,2026-08-20,86,73,13
PA-1040-01,2026-08-21,73,66,7
PA-1040-01,2026-08-22,66,65,1
PA-1040-01,2026-08-23,65,65,0
PA-1040-01,2026-08-24,65,65,0
PA-1040-01,2026-08-25,65,61,4
PA-1040-01,2026-08-26,61,26,35
PA-1040-01,2026-08-27,26,20,6
PA-1040-01,2026-08-28,20,20,0
PA-1040-02,2026-05-01,50,50,0
PA-1040-02,2026-05-02,50,50,0
PA-1040-02,2026-05-03,50,50,0
PA-1040-02,2026-05-04,50,49,1
PA-1040-02,2026-05-05,49,49,0
PA-1040-02,2026-05-06,49,47,2
PA-1040-02,2026-05-07,47,44,3
PA-1040-02,2026-05-08,44,44,0
PA-1040-02,2026-05-09,44,44,0
PA-1040-02,2026-05-10,44,44,0
PA-1040-02,2026-05-11,44,39,5
PA-1040-02,2026-05-12,39,36,3
PA-1040-02,2026-05-13,36,36,0
PA-1040-02,2026-05-14,36,36,0
PA-1040-02,2026-05-15,36,33,3
PA-1040-02,2026-05-16,33,32,1
PA-1040-02,2026-05-17,32,32,0
PA-1040-02,2026-05-18,32,24,8
PA-1040-02,2026-05-19,24,23,1
PA-1040-02,2026-05-20,23,23,0
PA-1040-02,2026-05-21,23,23,0
PA-1040-02,2026-05-22,23,23,0
PA-1040-02,2026-05-23,23,23,0
PA-1040-02,2026-05-24,23,23,0
PA-1040-02,2026-05-25,23,19,4
PA-1040-02,2026-05-26,19,19,0
PA-1040-02,2026-05-27,19,15,4
PA-1040-02,2026-05-28,15,15,0
PA-1040-02,2026-05-29,15,14,1
PA-1040-02,2026-05-30,14,14,0
PA-1040-02,2026-05-31,14,14,0
PA-1040-02,2026-06-01,14,11,3
PA-1040-02,2026-06-02,11,3,8
PA-1040-02,2026-06-03,3,3,0
PA-1040-02,2026-06-04,3,3,0
PA-1040-02,2026-06-05,88,86,2
PA-1040-02,2026-06-06,86,85,1
PA-1040-02,2026-06-07,85,85,0
PA-1040-02,2026-06-08,85,85,0
PA-1040-02,2026-06-09,85,85,0
PA-1040-02,2026-06-10,85,85,0
PA-1040-02,2026-06-11,85,85,0
PA-1040-02,2026-06-12,85,85,0
PA-1040-02,2026-06-13,85,84,1
PA-1040-02,2026-06-14,84,84,0
PA-1040-02,2026-06-15,84,84,0
PA-1040-02,2026-06-16,84,83,1
PA-1040-02,2026-06-17,83,83,0
PA-1040-02,2026-06-18,83,71,12
PA-1040-02,2026-06-19,71,58,13
PA-1040-02,2026-06-20,58,58,0
PA-1040-02,2026-06-21,58,58,0
PA-1040-02,2026-06-22,58,58,0
PA-1040-02,2026-06-23,58,56,2
PA-1040-02,2026-06-24,56,39,17
PA-1040-02,2026-06-25,39,38,1
PA-1040-02,2026-06-26,38,38,0
PA-1040-02,2026-06-27,38,38,0
PA-1040-02,2026-06-28,38,38,0
PA-1040-02,2026-06-29,38,38,0
PA-1040-02,2026-06-30,38,38,0
PA-1040-02,2026-07-01,38,38,0
PA-1040-02,2026-07-02,38,38,0
PA-1040-02,2026-07-03,38,17,21
PA-1040-02,2026-07-04,17,16,1
PA-1040-02,2026-07-05,16,16,0
PA-1040-02,2026-07-06,16,15,1
PA-1040-02,2026-07-07,15,2,13
PA-1040-02,2026-07-08,2,1,1
PA-1040-02,2026-07-09,1,1,0
PA-1040-02,2026-07-10,1,0,1
PA-1040-02,2026-07-11,0,0,0
PA-1040-02,2026-07-12,0,0,0
PA-1040-02,2026-07-13,0,0,0
PA-1040-02,2026-07-14,0,0,0
PA-1040-02,2026-07-15,0,0,0
PA-1040-02,2026-07-16,0,0,0
PA-1040-02,2026-07-17,85,80,5
PA-1040-02,2026-07-18,80,80,0
PA-1040-02,2026-07-19,80,80,0
PA-1040-02,2026-07-20,80,76,4
PA-1040-02,2026-07-21,76,76,0
PA-1040-02,2026-07-22,76,59,17
PA-1040-02,2026-07-23,59,58,1
PA-1040-02,2026-07-24,58,52,6
PA-1040-02,2026-07-25,52,51,1
PA-1040-02,2026-07-26,51,51,0
PA-1040-02,2026-07-27,51,51,0
PA-1040-02,2026-07-28,51,51,0
PA-1040-02,2026-07-29,51,51,0
PA-1040-02,2026-07-30,51,50,1
PA-1040-02,2026-07-31,50,49,1
PA-1040-02,2026-08-01,49,49,0
PA-1040-02,2026-08-02,49,49,0
PA-1040-02,2026-08-03,49,49,0
PA-1040-02,2026-08-04,49,49,0
PA-1040-02,2026-08-05,49,49,0
PA-1040-02,2026-08-06,49,49,0
PA-1040-02,2026-08-07,49,49,0
PA-1040-02,2026-08-08,49,49,0
PA-1040-02,2026-08-09,49,49,0
PA-1040-02,2026-08-10,49,49,0
PA-1040-02,2026-08-11,49,49,0
PA-1040-02,2026-08-12,49,47,2
PA-1040-02,2026-08-13,47,46,1
PA-1040-02,2026-08-14,46,41,5
PA-1040-02,2026-08-15,41,41,0
PA-1040-02,2026-08-16,41,41,0
PA-1040-02,2026-08-17,41,38,3
PA-1040-02,2026-08-18,122,100,22
PA-1040-02,2026-08-19,100,99,1
PA-1040-02,2026-08-20,99,99,0
PA-1040-02,2026-08-21,99,93,6
PA-1040-02,2026-08-22,93,93,0
PA-1040-02,2026-08-23,93,93,0
PA-1040-02,2026-08-24,93,90,3
PA-1040-02,2026-08-25,90,88,2
PA-1040-02,2026-08-26,88,87,1
PA-1040-02,2026-08-27,87,44,43
PA-1040-02,2026-08-28,44,43,1
PA-1040-03,2026-05-01,31,31,0
PA-1040-03,2026-05-02,31,31,0
PA-1040-03,2026-05-03,31,31,0
PA-1040-03,2026-05-04,31,30,1
PA-1040-03,2026-05-05,30,30,0
PA-1040-03,2026-05-06,30,29,1
PA-1040-03,2026-05-07,29,29,0
PA-1040-03,2026-05-08,29,29,0
PA-1040-03,2026-05-09,29,29,0
PA-1040-03,2026-05-10,29,29,0
PA-1040-03,2026-05-11,29,29,0
PA-1040-03,2026-05-12,29,29,0
PA-1040-03,2026-05-13,29,29,0
PA-1040-03,2026-05-14,29,27,2
PA-1040-03,2026-05-15,27,27,0
PA-1040-03,2026-05-16,27,27,0
PA-1040-03,2026-05-17,27,27,0
PA-1040-03,2026-05-18,27,27,0
PA-1040-03,2026-05-19,27,27,0
PA-1040-03,2026-05-20,27,27,0
PA-1040-03,2026-05-21,27,27,0
PA-1040-03,2026-05-22,27,27,0
PA-1040-03,2026-05-23,27,27,0
PA-1040-03,2026-05-24,27,27,0
PA-1040-03,2026-05-25,27,27,0
PA-1040-03,2026-05-26,27,27,0
PA-1040-03,2026-05-27,27,26,1
PA-1040-03,2026-05-28,26,26,0
PA-1040-03,2026-05-29,26,25,1
PA-1040-03,2026-05-30,25,25,0
PA-1040-03,2026-05-31,25,25,0
PA-1040-03,2026-06-01,25,25,0
PA-1040-03,2026-06-02,25,25,0
PA-1040-03,2026-06-03,25,25,0
PA-1040-03,2026-06-04,25,25,0
PA-1040-03,2026-06-05,25,25,0
PA-1040-03,2026-06-06,25,25,0
PA-1040-03,2026-06-07,25,25,0
PA-1040-03,2026-06-08,25,22,3
PA-1040-03,2026-06-09,22,22,0
PA-1040-03,2026-06-10,22,22,0
PA-1040-03,2026-06-11,22,22,0
PA-1040-03,2026-06-12,22,22,0
PA-1040-03,2026-06-13,22,22,0
PA-1040-03,2026-06-14,22,22,0
PA-1040-03,2026-06-15,22,22,0
PA-1040-03,2026-06-16,22,22,0
PA-1040-03,2026-06-17,22,20,2
PA-1040-03,2026-06-18,20,20,0
PA-1040-03,2026-06-19,20,19,1
PA-1040-03,2026-06-20,19,19,0
PA-1040-03,2026-06-21,19,19,0
PA-1040-03,2026-06-22,19,18,1
PA-1040-03,2026-06-23,18,18,0
PA-1040-03,2026-06-24,18,18,0
PA-1040-03,2026-06-25,18,17,1
PA-1040-03,2026-06-26,17,17,0
PA-1040-03,2026-06-27,17,17,0
PA-1040-03,2026-06-28,17,17,0
PA-1040-03,2026-06-29,17,17,0
PA-1040-03,2026-06-30,17,17,0
PA-1040-03,2026-07-01,17,15,2
PA-1040-03,2026-07-02,15,15,0
PA-1040-03,2026-07-03,15,15,0
PA-1040-03,2026-07-04,15,15,0
PA-1040-03,2026-07-05,15,15,0
PA-1040-03,2026-07-06,15,14,1
PA-1040-03,2026-07-07,14,14,0
PA-1040-03,2026-07-08,14,12,2
PA-1040-03,2026-07-09,12,12,0
PA-1040-03,2026-07-10,12,12,0
PA-1040-03,2026-07-11,12,12,0
PA-1040-03,2026-07-12,12,12,0
PA-1040-03,2026-07-13,12,12,0
PA-1040-03,2026-07-14,12,9,3
PA-1040-03,2026-07-15,9,9,0
PA-1040-03,2026-07-16,9,6,3
PA-1040-03,2026-07-17,6,6,0
PA-1040-03,2026-07-18,6,6,0
PA-1040-03,2026-07-19,6,6,0
PA-1040-03,2026-07-20,42,42,0
PA-1040-03,2026-07-21,42,42,0
PA-1040-03,2026-07-22,42,37,5
PA-1040-03,2026-07-23,37,36,1
PA-1040-03,2026-07-24,36,35,1
PA-1040-03,2026-07-25,35,35,0
PA-1040-03,2026-07-26,35,35,0
PA-1040-03,2026-07-27,35,34,1
PA-1040-03,2026-07-28,34,28,6
PA-1040-03,2026-07-29,28,28,0
PA-1040-03,2026-07-30,28,28,0
PA-1040-03,2026-07-31,28,28,0
PA-1040-03,2026-08-01,28,26,2
PA-1040-03,2026-08-02,26,26,0
PA-1040-03,2026-08-03,26,25,1
PA-1040-03,2026-08-04,25,25,0
PA-1040-03,2026-08-05,25,25,0
PA-1040-03,2026-08-06,25,24,1
PA-1040-03,2026-08-07,24,23,1
PA-1040-03,2026-08-08,23,23,0
PA-1040-03,2026-08-09,23,23,0
PA-1040-03,2026-08-10,23,23,0
PA-1040-03,2026-08-11,23,23,0
PA-1040-03,2026-08-12,23,23,0
PA-1040-03,2026-08-13,23,23,0
PA-1040-03,2026-08-14,23,23,0
PA-1040-03,2026-08-15,23,23,0
PA-1040-03,2026-08-16,23,23,0
PA-1040-03,2026-08-17,23,23,0
PA-1040-03,2026-08-18,23,22,1
PA-1040-03,2026-08-19,22,22,0
PA-1040-03,2026-08-20,22,19,3
PA-1040-03,2026-08-21,19,18,1
PA-1040-03,2026-08-22,18,18,0
PA-1040-03,2026-08-23,18,18,0
PA-1040-03,2026-08-24,18,18,0
PA-1040-03,2026-08-25,18,18,0
PA-1040-03,2026-08-26,18,18,0
PA-1040-03,2026-08-27,18,18,0
PA-1040-03,2026-08-28,18,16,2
PA-1040-04,2026-05-01,36,36,0
PA-1040-04,2026-05-02,36,36,0
PA-1040-04,2026-05-03,36,36,0
PA-1040-04,2026-05-04,36,36,0
PA-1040-04,2026-05-05,36,36,0
PA-1040-04,2026-05-06,36,36,0
PA-1040-04,2026-05-07,36,36,0
PA-1040-04,2026-05-08,36,36,0
PA-1040-04,2026-05-09,36,36,0
PA-1040-04,2026-05-10,36,36,0
PA-1040-04,2026-05-11,36,35,1
PA-1040-04,2026-05-12,35,35,0
PA-1040-04,2026-05-13,35,35,0
PA-1040-04,2026-05-14,35,35,0
PA-1040-04,2026-05-15,35,33,2
PA-1040-04,2026-05-16,33,33,0
PA-1040-04,2026-05-17,33,33,0
PA-1040-04,2026-05-18,33,33,0
PA-1040-04,2026-05-19,33,33,0
PA-1040-04,2026-05-20,33,33,0
PA-1040-04,2026-05-21,33,33,0
PA-1040-04,2026-05-22,33,33,0
PA-1040-04,2026-05-23,33,33,0
PA-1040-04,2026-05-24,33,33,0
PA-1040-04,2026-05-25,33,32,1
PA-1040-04,2026-05-26,32,32,0
PA-1040-04,2026-05-27,32,32,0
PA-1040-04,2026-05-28,32,32,0
PA-1040-04,2026-05-29,32,32,0
PA-1040-04,2026-05-30,32,32,0
PA-1040-04,2026-05-31,32,32,0
PA-1040-04,2026-06-01,32,32,0
PA-1040-04,2026-06-02,32,32,0
PA-1040-04,2026-06-03,32,32,0
PA-1040-04,2026-06-04,32,32,0
PA-1040-04,2026-06-05,32,32,0
PA-1040-04,2026-06-06,32,32,0
PA-1040-04,2026-06-07,32,32,0
PA-1040-04,2026-06-08,32,32,0
PA-1040-04,2026-06-09,32,32,0
PA-1040-04,2026-06-10,32,32,0
PA-1040-04,2026-06-11,32,32,0
PA-1040-04,2026-06-12,32,32,0
PA-1040-04,2026-06-13,32,31,1
PA-1040-04,2026-06-14,31,31,0
PA-1040-04,2026-06-15,31,31,0
PA-1040-04,2026-06-16,31,31,0
PA-1040-04,2026-06-17,31,31,0
PA-1040-04,2026-06-18,31,31,0
PA-1040-04,2026-06-19,31,31,0
PA-1040-04,2026-06-20,31,30,1
PA-1040-04,2026-06-21,30,30,0
PA-1040-04,2026-06-22,30,30,0
PA-1040-04,2026-06-23,30,30,0
PA-1040-04,2026-06-24,30,30,0
PA-1040-04,2026-06-25,30,28,2
PA-1040-04,2026-06-26,28,28,0
PA-1040-04,2026-06-27,28,28,0
PA-1040-04,2026-06-28,28,28,0
PA-1040-04,2026-06-29,28,28,0
PA-1040-04,2026-06-30,28,28,0
PA-1040-04,2026-07-01,28,27,1
PA-1040-04,2026-07-02,27,27,0
PA-1040-04,2026-07-03,27,27,0
PA-1040-04,2026-07-04,27,27,0
PA-1040-04,2026-07-05,27,27,0
PA-1040-04,2026-07-06,27,27,0
PA-1040-04,2026-07-07,27,25,2
PA-1040-04,2026-07-08,25,25,0
PA-1040-04,2026-07-09,25,25,0
PA-1040-04,2026-07-10,25,25,0
PA-1040-04,2026-07-11,25,25,0
PA-1040-04,2026-07-12,25,25,0
PA-1040-04,2026-07-13,25,25,0
PA-1040-04,2026-07-14,25,25,0
PA-1040-04,2026-07-15,25,24,1
PA-1040-04,2026-07-16,24,24,0
PA-1040-04,2026-07-17,24,24,0
PA-1040-04,2026-07-18,24,24,0
PA-1040-04,2026-07-19,24,24,0
PA-1040-04,2026-07-20,24,24,0
PA-1040-04,2026-07-21,24,23,1
PA-1040-04,2026-07-22,23,23,0
PA-1040-04,2026-07-23,23,19,4
PA-1040-04,2026-07-24,19,19,0
PA-1040-04,2026-07-25,19,19,0
PA-1040-04,2026-07-26,19,19,0
PA-1040-04,2026-07-27,19,19,0
PA-1040-04,2026-07-28,19,19,0
PA-1040-04,2026-07-29,19,17,2
PA-1040-04,2026-07-30,17,17,0
PA-1040-04,2026-07-31,17,17,0
PA-1040-04,2026-08-01,17,17,0
PA-1040-04,2026-08-02,17,17,0
PA-1040-04,2026-08-03,17,17,0
PA-1040-04,2026-08-04,17,17,0
PA-1040-04,2026-08-05,17,14,3
PA-1040-04,2026-08-06,14,13,1
PA-1040-04,2026-08-07,13,13,0
PA-1040-04,2026-08-08,13,13,0
PA-1040-04,2026-08-09,13,13,0
PA-1040-04,2026-08-10,13,13,0
PA-1040-04,2026-08-11,13,13,0
PA-1040-04,2026-08-12,13,13,0
PA-1040-04,2026-08-13,13,13,0
PA-1040-04,2026-08-14,13,13,0
PA-1040-04,2026-08-15,13,13,0
PA-1040-04,2026-08-16,13,13,0
PA-1040-04,2026-08-17,13,13,0
PA-1040-04,2026-08-18,13,13,0
PA-1040-04,2026-08-19,13,13,0
PA-1040-04,2026-08-20,13,13,0
PA-1040-04,2026-08-21,13,13,0
PA-1040-04,2026-08-22,13,13,0
PA-1040-04,2026-08-23,13,13,0
PA-1040-04,2026-08-24,13,13,0
PA-1040-04,2026-08-25,13,6,7
PA-1040-04,2026-08-26,6,6,0
PA-1040-04,2026-08-27,6,6,0
PA-1040-04,2026-08-28,6,2,4
PA-1050-01,2026-05-01,115,115,0
PA-1050-01,2026-05-02,115,115,0
PA-1050-01,2026-05-03,115,115,0
PA-1050-01,2026-05-04,115,114,1
PA-1050-01,2026-05-05,114,114,0
PA-1050-01,2026-05-06,114,114,0
PA-1050-01,2026-05-07,114,112,2
PA-1050-01,2026-05-08,112,111,1
PA-1050-01,2026-05-09,111,87,24
PA-1050-01,2026-05-10,87,87,0
PA-1050-01,2026-05-11,87,87,0
PA-1050-01,2026-05-12,87,87,0
PA-1050-01,2026-05-13,87,86,1
PA-1050-01,2026-05-14,86,77,9
PA-1050-01,2026-05-15,77,77,0
PA-1050-01,2026-05-16,77,77,0
PA-1050-01,2026-05-17,77,77,0
PA-1050-01,2026-05-18,77,76,1
PA-1050-01,2026-05-19,76,76,0
PA-1050-01,2026-05-20,76,68,8
PA-1050-01,2026-05-21,68,68,0
PA-1050-01,2026-05-22,68,68,0
PA-1050-01,2026-05-23,68,68,0
PA-1050-01,2026-05-24,68,68,0
PA-1050-01,2026-05-25,68,68,0
PA-1050-01,2026-05-26,68,68,0
PA-1050-01,2026-05-27,68,16,52
PA-1050-01,2026-05-28,16,13,3
PA-1050-01,2026-05-29,13,10,3
PA-1050-01,2026-05-30,10,10,0
PA-1050-01,2026-05-31,10,10,0
PA-1050-01,2026-06-01,10,10,0
PA-1050-01,2026-06-02,10,2,8
PA-1050-01,2026-06-03,2,2,0
PA-1050-01,2026-06-04,2,2,0
PA-1050-01,2026-06-05,2,2,0
PA-1050-01,2026-06-06,2,2,0
PA-1050-01,2026-06-07,2,2,0
PA-1050-01,2026-06-08,2,2,0
PA-1050-01,2026-06-09,2,2,0
PA-1050-01,2026-06-10,2,1,1
PA-1050-01,2026-06-11,106,102,4
PA-1050-01,2026-06-12,102,102,0
PA-1050-01,2026-06-13,102,99,3
PA-1050-01,2026-06-14,99,99,0
PA-1050-01,2026-06-15,99,99,0
PA-1050-01,2026-06-16,99,95,4
PA-1050-01,2026-06-17,95,79,16
PA-1050-01,2026-06-18,79,78,1
PA-1050-01,2026-06-19,78,77,1
PA-1050-01,2026-06-20,77,76,1
PA-1050-01,2026-06-21,76,76,0
PA-1050-01,2026-06-22,76,76,0
PA-1050-01,2026-06-23,76,76,0
PA-1050-01,2026-06-24,76,72,4
PA-1050-01,2026-06-25,72,66,6
PA-1050-01,2026-06-26,66,65,1
PA-1050-01,2026-06-27,65,64,1
PA-1050-01,2026-06-28,64,64,0
PA-1050-01,2026-06-29,64,62,2
PA-1050-01,2026-06-30,62,17,45
PA-1050-01,2026-07-01,17,17,0
PA-1050-01,2026-07-02,17,4,13
PA-1050-01,2026-07-03,4,3,1
PA-1050-01,2026-07-04,3,2,1
PA-1050-01,2026-07-05,2,2,0
PA-1050-01,2026-07-06,2,0,2
PA-1050-01,2026-07-07,0,0,0
PA-1050-01,2026-07-08,0,0,0
PA-1050-01,2026-07-09,0,0,0
PA-1050-01,2026-07-10,0,0,0
PA-1050-01,2026-07-11,0,0,0
PA-1050-01,2026-07-12,0,0,0
PA-1050-01,2026-07-13,0,0,0
PA-1050-01,2026-07-14,0,0,0
PA-1050-01,2026-07-15,0,0,0
PA-1050-01,2026-07-16,0,0,0
PA-1050-01,2026-07-17,0,0,0
PA-1050-01,2026-07-18,0,0,0
PA-1050-01,2026-07-19,0,0,0
PA-1050-01,2026-07-20,0,0,0
PA-1050-01,2026-07-21,0,0,0
PA-1050-01,2026-07-22,0,0,0
PA-1050-01,2026-07-23,0,0,0
PA-1050-01,2026-07-24,105,103,2
PA-1050-01,2026-07-25,103,101,2
PA-1050-01,2026-07-26,101,101,0
PA-1050-01,2026-07-27,101,99,2
PA-1050-01,2026-07-28,99,89,10
PA-1050-01,2026-07-29,89,87,2
PA-1050-01,2026-07-30,87,87,0
PA-1050-01,2026-07-31,87,87,0
PA-1050-01,2026-08-01,87,87,0
PA-1050-01,2026-08-02,87,87,0
PA-1050-01,2026-08-03,87,78,9
PA-1050-01,2026-08-04,78,43,35
PA-1050-01,2026-08-05,43,42,1
PA-1050-01,2026-08-06,42,42,0
PA-1050-01,2026-08-07,42,38,4
PA-1050-01,2026-08-08,38,38,0
PA-1050-01,2026-08-09,38,38,0
PA-1050-01,2026-08-10,38,37,1
PA-1050-01,2026-08-11,37,37,0
PA-1050-01,2026-08-12,37,14,23
PA-1050-01,2026-08-13,14,13,1
PA-1050-01,2026-08-14,13,9,4
PA-1050-01,2026-08-15,9,9,0
PA-1050-01,2026-08-16,9,9,0
PA-1050-01,2026-08-17,9,8,1
PA-1050-01,2026-08-18,8,3,5
PA-1050-01,2026-08-19,3,2,1
PA-1050-01,2026-08-20,2,2,0
PA-1050-01,2026-08-21,2,2,0
PA-1050-01,2026-08-22,2,2,0
PA-1050-01,2026-08-23,2,2,0
PA-1050-01,2026-08-24,2,1,1
PA-1050-01,2026-08-25,1,0,1
PA-1050-01,2026-08-26,0,0,0
PA-1050-01,2026-08-27,0,0,0
PA-1050-01,2026-08-28,0,0,0
PA-1050-02,2026-05-01,46,46,0
PA-1050-02,2026-05-02,46,43,3
PA-1050-02,2026-05-03,43,43,0
PA-1050-02,2026-05-04,43,43,0
PA-1050-02,2026-05-05,43,43,0
PA-1050-02,2026-05-06,43,38,5
PA-1050-02,2026-05-07,38,33,5
PA-1050-02,2026-05-08,33,33,0
PA-1050-02,2026-05-09,33,33,0
PA-1050-02,2026-05-10,33,33,0
PA-1050-02,2026-05-11,33,33,0
PA-1050-02,2026-05-12,33,32,1
PA-1050-02,2026-05-13,32,32,0
PA-1050-02,2026-05-14,32,32,0
PA-1050-02,2026-05-15,32,31,1
PA-1050-02,2026-05-16,31,31,0
PA-1050-02,2026-05-17,31,31,0
PA-1050-02,2026-05-18,31,27,4
PA-1050-02,2026-05-19,27,25,2
PA-1050-02,2026-05-20,25,24,1
PA-1050-02,2026-05-21,24,24,0
PA-1050-02,2026-05-22,24,24,0
PA-1050-02,2026-05-23,24,22,2
PA-1050-02,2026-05-24,22,22,0
PA-1050-02,2026-05-25,22,21,1
PA-1050-02,2026-05-26,21,17,4
PA-1050-02,2026-05-27,17,16,1
PA-1050-02,2026-05-28,16,16,0
PA-1050-02,2026-05-29,16,16,0
PA-1050-02,2026-05-30,16,16,0
PA-1050-02,2026-05-31,16,16,0
PA-1050-02,2026-06-01,16,15,1
PA-1050-02,2026-06-02,15,14,1
PA-1050-02,2026-06-03,14,14,0
PA-1050-02,2026-06-04,14,14,0
PA-1050-02,2026-06-05,14,14,0
PA-1050-02,2026-06-06,14,14,0
PA-1050-02,2026-06-07,14,14,0
PA-1050-02,2026-06-08,14,13,1
PA-1050-02,2026-06-09,13,13,0
PA-1050-02,2026-06-10,13,12,1
PA-1050-02,2026-06-11,12,12,0
PA-1050-02,2026-06-12,12,12,0
PA-1050-02,2026-06-13,12,12,0
PA-1050-02,2026-06-14,12,12,0
PA-1050-02,2026-06-15,12,12,0
PA-1050-02,2026-06-16,12,12,0
PA-1050-02,2026-06-17,12,12,0
PA-1050-02,2026-06-18,12,12,0
PA-1050-02,2026-06-19,12,12,0
PA-1050-02,2026-06-20,12,12,0
PA-1050-02,2026-06-21,12,12,0
PA-1050-02,2026-06-22,12,11,1
PA-1050-02,2026-06-23,11,11,0
PA-1050-02,2026-06-24,11,11,0
PA-1050-02,2026-06-25,11,11,0
PA-1050-02,2026-06-26,11,11,0
PA-1050-02,2026-06-27,11,10,1
PA-1050-02,2026-06-28,10,10,0
PA-1050-02,2026-06-29,10,8,2
PA-1050-02,2026-06-30,8,8,0
PA-1050-02,2026-07-01,8,8,0
PA-1050-02,2026-07-02,8,8,0
PA-1050-02,2026-07-03,8,8,0
PA-1050-02,2026-07-04,8,8,0
PA-1050-02,2026-07-05,8,8,0
PA-1050-02,2026-07-06,8,8,0
PA-1050-02,2026-07-07,8,8,0
PA-1050-02,2026-07-08,8,7,1
PA-1050-02,2026-07-09,7,7,0
PA-1050-02,2026-07-10,7,4,3
PA-1050-02,2026-07-11,4,4,0
PA-1050-02,2026-07-12,4,4,0
PA-1050-02,2026-07-13,4,4,0
PA-1050-02,2026-07-14,4,4,0
PA-1050-02,2026-07-15,4,4,0
PA-1050-02,2026-07-16,4,2,2
PA-1050-02,2026-07-17,2,2,0
PA-1050-02,2026-07-18,29,29,0
PA-1050-02,2026-07-19,29,29,0
PA-1050-02,2026-07-20,29,29,0
PA-1050-02,2026-07-21,29,29,0
PA-1050-02,2026-07-22,29,27,2
PA-1050-02,2026-07-23,27,26,1
PA-1050-02,2026-07-24,26,22,4
PA-1050-02,2026-07-25,22,22,0
PA-1050-02,2026-07-26,22,22,0
PA-1050-02,2026-07-27,22,22,0
PA-1050-02,2026-07-28,22,22,0
PA-1050-02,2026-07-29,22,22,0
PA-1050-02,2026-07-30,22,22,0
PA-1050-02,2026-07-31,22,22,0
PA-1050-02,2026-08-01,22,22,0
PA-1050-02,2026-08-02,22,22,0
PA-1050-02,2026-08-03,22,21,1
PA-1050-02,2026-08-04,21,19,2
PA-1050-02,2026-08-05,19,19,0
PA-1050-02,2026-08-06,19,18,1
PA-1050-02,2026-08-07,18,18,0
PA-1050-02,2026-08-08,18,17,1
PA-1050-02,2026-08-09,17,17,0
PA-1050-02,2026-08-10,17,16,1
PA-1050-02,2026-08-11,16,16,0
PA-1050-02,2026-08-12,16,16,0
PA-1050-02,2026-08-13,16,16,0
PA-1050-02,2026-08-14,16,16,0
PA-1050-02,2026-08-15,16,16,0
PA-1050-02,2026-08-16,16,16,0
PA-1050-02,2026-08-17,16,15,1
PA-1050-02,2026-08-18,15,14,1
PA-1050-02,2026-08-19,14,14,0
PA-1050-02,2026-08-20,14,10,4
PA-1050-02,2026-08-21,10,10,0
PA-1050-02,2026-08-22,10,10,0
PA-1050-02,2026-08-23,10,10,0
PA-1050-02,2026-08-24,10,10,0
PA-1050-02,2026-08-25,10,10,0
PA-1050-02,2026-08-26,10,10,0
PA-1050-02,2026-08-27,10,10,0
PA-1050-02,2026-08-28,10,9,1
PA-1050-03,2026-05-01,29,29,0
PA-1050-03,2026-05-02,29,29,0
PA-1050-03,2026-05-03,29,29,0
PA-1050-03,2026-05-04,29,29,0
PA-1050-03,2026-05-05,29,29,0
PA-1050-03,2026-05-06,29,29,0
PA-1050-03,2026-05-07,29,29,0
PA-1050-03,2026-05-08,29,29,0
PA-1050-03,2026-05-09,29,29,0
PA-1050-03,2026-05-10,29,29,0
PA-1050-03,2026-05-11,29,29,0
PA-1050-03,2026-05-12,29,11,18
PA-1050-03,2026-05-13,11,11,0
PA-1050-03,2026-05-14,11,11,0
PA-1050-03,2026-05-15,11,11,0
PA-1050-03,2026-05-16,11,11,0
PA-1050-03,2026-05-17,11,11,0
PA-1050-03,2026-05-18,11,11,0
PA-1050-03,2026-05-19,11,11,0
PA-1050-03,2026-05-20,11,11,0
PA-1050-03,2026-05-21,11,11,0
PA-1050-03,2026-05-22,11,11,0
PA-1050-03,2026-05-23,11,11,0
PA-1050-03,2026-05-24,11,11,0
PA-1050-03,2026-05-25,11,11,0
PA-1050-03,2026-05-26,11,11,0
PA-1050-03,2026-05-27,11,11,0
PA-1050-03,2026-05-28,11,10,1
PA-1050-03,2026-05-29,10,10,0
PA-1050-03,2026-05-30,10,10,0
PA-1050-03,2026-05-31,10,10,0
PA-1050-03,2026-06-01,10,10,0
PA-1050-03,2026-06-02,10,10,0
PA-1050-03,2026-06-03,10,9,1
PA-1050-03,2026-06-04,9,9,0
PA-1050-03,2026-06-05,9,9,0
PA-1050-03,2026-06-06,9,9,0
PA-1050-03,2026-06-07,9,9,0
PA-1050-03,2026-06-08,9,9,0
PA-1050-03,2026-06-09,9,9,0
PA-1050-03,2026-06-10,9,7,2
PA-1050-03,2026-06-11,7,7,0
PA-1050-03,2026-06-12,7,7,0
PA-1050-03,2026-06-13,7,7,0
PA-1050-03,2026-06-14,7,7,0
PA-1050-03,2026-06-15,7,7,0
PA-1050-03,2026-06-16,7,6,1
PA-1050-03,2026-06-17,6,6,0
PA-1050-03,2026-06-18,6,6,0
PA-1050-03,2026-06-19,6,6,0
PA-1050-03,2026-06-20,6,6,0
PA-1050-03,2026-06-21,6,6,0
PA-1050-03,2026-06-22,6,6,0
PA-1050-03,2026-06-23,6,4,2
PA-1050-03,2026-06-24,4,4,0
PA-1050-03,2026-06-25,4,4,0
PA-1050-03,2026-06-26,4,4,0
PA-1050-03,2026-06-27,4,4,0
PA-1050-03,2026-06-28,4,4,0
PA-1050-03,2026-06-29,4,4,0
PA-1050-03,2026-06-30,4,4,0
PA-1050-03,2026-07-01,4,4,0
PA-1050-03,2026-07-02,4,1,3
PA-1050-03,2026-07-03,1,1,0
PA-1050-03,2026-07-04,28,28,0
PA-1050-03,2026-07-05,28,28,0
PA-1050-03,2026-07-06,28,28,0
PA-1050-03,2026-07-07,28,25,3
PA-1050-03,2026-07-08,25,24,1
PA-1050-03,2026-07-09,24,24,0
PA-1050-03,2026-07-10,24,24,0
PA-1050-03,2026-07-11,24,24,0
PA-1050-03,2026-07-12,24,24,0
PA-1050-03,2026-07-13,24,24,0
PA-1050-03,2026-07-14,24,23,1
PA-1050-03,2026-07-15,23,22,1
PA-1050-03,2026-07-16,22,22,0
PA-1050-03,2026-07-17,22,22,0
PA-1050-03,2026-07-18,22,22,0
PA-1050-03,2026-07-19,22,22,0
PA-1050-03,2026-07-20,22,22,0
PA-1050-03,2026-07-21,22,22,0
PA-1050-03,2026-07-22,22,22,0
PA-1050-03,2026-07-23,22,21,1
PA-1050-03,2026-07-24,21,21,0
PA-1050-03,2026-07-25,21,20,1
PA-1050-03,2026-07-26,20,20,0
PA-1050-03,2026-07-27,20,20,0
PA-1050-03,2026-07-28,20,20,0
PA-1050-03,2026-07-29,20,19,1
PA-1050-03,2026-07-30,19,19,0
PA-1050-03,2026-07-31,19,19,0
PA-1050-03,2026-08-01,19,19,0
PA-1050-03,2026-08-02,19,19,0
PA-1050-03,2026-08-03,19,16,3
PA-1050-03,2026-08-04,16,16,0
PA-1050-03,2026-08-05,16,16,0
PA-1050-03,2026-08-06,16,13,3
PA-1050-03,2026-08-07,13,13,0
PA-1050-03,2026-08-08,13,13,0
PA-1050-03,2026-08-09,13,13,0
PA-1050-03,2026-08-10,13,13,0
PA-1050-03,2026-08-11,13,13,0
PA-1050-03,2026-08-12,13,13,0
PA-1050-03,2026-08-13,13,13,0
PA-1050-03,2026-08-14,13,13,0
PA-1050-03,2026-08-15,13,13,0
PA-1050-03,2026-08-16,13,13,0
PA-1050-03,2026-08-17,13,10,3
PA-1050-03,2026-08-18,10,10,0
PA-1050-03,2026-08-19,10,10,0
PA-1050-03,2026-08-20,10,9,1
PA-1050-03,2026-08-21,9,9,0
PA-1050-03,2026-08-22,9,9,0
PA-1050-03,2026-08-23,9,9,0
PA-1050-03,2026-08-24,36,36,0
PA-1050-03,2026-08-25,36,36,0
PA-1050-03,2026-08-26,36,35,1
PA-1050-03,2026-08-27,35,34,1
PA-1050-03,2026-08-28,34,30,4
PA-1050-04,2026-05-01,39,39,0
PA-1050-04,2026-05-02,39,39,0
PA-1050-04,2026-05-03,39,39,0
PA-1050-04,2026-05-04,39,39,0
PA-1050-04,2026-05-05,39,39,0
PA-1050-04,2026-05-06,39,39,0
PA-1050-04,2026-05-07,39,39,0
PA-1050-04,2026-05-08,39,39,0
PA-1050-04,2026-05-09,39,39,0
PA-1050-04,2026-05-10,39,39,0
PA-1050-04,2026-05-11,39,39,0
PA-1050-04,2026-05-12,39,38,1
PA-1050-04,2026-05-13,38,38,0
PA-1050-04,2026-05-14,38,38,0
PA-1050-04,2026-05-15,38,38,0
PA-1050-04,2026-05-16,38,38,0
PA-1050-04,2026-05-17,38,38,0
PA-1050-04,2026-05-18,38,38,0
PA-1050-04,2026-05-19,38,38,0
PA-1050-04,2026-05-20,38,38,0
PA-1050-04,2026-05-21,38,38,0
PA-1050-04,2026-05-22,38,38,0
PA-1050-04,2026-05-23,38,37,1
PA-1050-04,2026-05-24,37,37,0
PA-1050-04,2026-05-25,37,37,0
PA-1050-04,2026-05-26,37,37,0
PA-1050-04,2026-05-27,37,37,0
PA-1050-04,2026-05-28,37,37,0
PA-1050-04,2026-05-29,37,37,0
PA-1050-04,2026-05-30,37,37,0
PA-1050-04,2026-05-31,37,37,0
PA-1050-04,2026-06-01,37,37,0
PA-1050-04,2026-06-02,37,34,3
PA-1050-04,2026-06-03,34,34,0
PA-1050-04,2026-06-04,34,34,0
PA-1050-04,2026-06-05,34,34,0
PA-1050-04,2026-06-06,34,34,0
PA-1050-04,2026-06-07,34,34,0
PA-1050-04,2026-06-08,34,34,0
PA-1050-04,2026-06-09,34,34,0
PA-1050-04,2026-06-10,34,34,0
PA-1050-04,2026-06-11,34,34,0
PA-1050-04,2026-06-12,34,34,0
PA-1050-04,2026-06-13,34,34,0
PA-1050-04,2026-06-14,34,34,0
PA-1050-04,2026-06-15,34,34,0
PA-1050-04,2026-06-16,34,34,0
PA-1050-04,2026-06-17,34,34,0
PA-1050-04,2026-06-18,34,34,0
PA-1050-04,2026-06-19,34,34,0
PA-1050-04,2026-06-20,34,34,0
PA-1050-04,2026-06-21,34,34,0
PA-1050-04,2026-06-22,34,33,1
PA-1050-04,2026-06-23,33,33,0
PA-1050-04,2026-06-24,33,33,0
PA-1050-04,2026-06-25,33,33,0
PA-1050-04,2026-06-26,33,33,0
PA-1050-04,2026-06-27,33,33,0
PA-1050-04,2026-06-28,33,33,0
PA-1050-04,2026-06-29,33,33,0
PA-1050-04,2026-06-30,33,33,0
PA-1050-04,2026-07-01,33,33,0
PA-1050-04,2026-07-02,33,33,0
PA-1050-04,2026-07-03,33,33,0
PA-1050-04,2026-07-04,33,33,0
PA-1050-04,2026-07-05,33,33,0
PA-1050-04,2026-07-06,33,33,0
PA-1050-04,2026-07-07,33,33,0
PA-1050-04,2026-07-08,33,33,0
PA-1050-04,2026-07-09,33,33,0
PA-1050-04,2026-07-10,33,32,1
PA-1050-04,2026-07-11,32,32,0
PA-1050-04,2026-07-12,32,32,0
PA-1050-04,2026-07-13,32,32,0
PA-1050-04,2026-07-14,32,32,0
PA-1050-04,2026-07-15,32,32,0
PA-1050-04,2026-07-16,32,32,0
PA-1050-04,2026-07-17,32,32,0
PA-1050-04,2026-07-18,32,32,0
PA-1050-04,2026-07-19,32,32,0
PA-1050-04,2026-07-20,32,32,0
PA-1050-04,2026-07-21,32,32,0
PA-1050-04,2026-07-22,32,32,0
PA-1050-04,2026-07-23,32,32,0
PA-1050-04,2026-07-24,32,32,0
PA-1050-04,2026-07-25,32,32,0
PA-1050-04,2026-07-26,32,32,0
PA-1050-04,2026-07-27,32,29,3
PA-1050-04,2026-07-28,29,29,0
PA-1050-04,2026-07-29,29,29,0
PA-1050-04,2026-07-30,29,29,0
PA-1050-04,2026-07-31,29,29,0
PA-1050-04,2026-08-01,29,29,0
PA-1050-04,2026-08-02,29,29,0
PA-1050-04,2026-08-03,29,29,0
PA-1050-04,2026-08-04,29,29,0
PA-1050-04,2026-08-05,29,29,0
PA-1050-04,2026-08-06,29,29,0
PA-1050-04,2026-08-07,29,29,0
PA-1050-04,2026-08-08,29,29,0
PA-1050-04,2026-08-09,29,29,0
PA-1050-04,2026-08-10,29,28,1
PA-1050-04,2026-08-11,28,28,0
PA-1050-04,2026-08-12,28,28,0
PA-1050-04,2026-08-13,28,27,1
PA-1050-04,2026-08-14,27,27,0
PA-1050-04,2026-08-15,27,27,0
PA-1050-04,2026-08-16,27,27,0
PA-1050-04,2026-08-17,27,27,0
PA-1050-04,2026-08-18,27,27,0
PA-1050-04,2026-08-19,27,26,1
PA-1050-04,2026-08-20,26,26,0
PA-1050-04,2026-08-21,26,26,0
PA-1050-04,2026-08-22,26,26,0
PA-1050-04,2026-08-23,26,26,0
PA-1050-04,2026-08-24,26,26,0
PA-1050-04,2026-08-25,26,26,0
PA-1050-04,2026-08-26,26,26,0
PA-1050-04,2026-08-27,26,26,0
PA-1050-04,2026-08-28,26,26,0
RD-2001-01,2026-05-01,747,747,0
RD-2001-01,2026-05-02,747,744,3
RD-2001-01,2026-05-03,744,744,0
RD-2001-01,2026-05-04,744,736,8
RD-2001-01,2026-05-05,736,725,11
RD-2001-01,2026-05-06,725,688,37
RD-2001-01,2026-05-07,688,612,76
RD-2001-01,2026-05-08,612,612,0
RD-2001-01,2026-05-09,612,597,15
RD-2001-01,2026-05-10,597,597,0
RD-2001-01,2026-05-11,597,588,9
RD-2001-01,2026-05-12,588,587,1
RD-2001-01,2026-05-13,587,583,4
RD-2001-01,2026-05-14,583,575,8
RD-2001-01,2026-05-15,575,504,71
RD-2001-01,2026-05-16,504,497,7
RD-2001-01,2026-05-17,497,497,0
RD-2001-01,2026-05-18,497,494,3
RD-2001-01,2026-05-19,494,475,19
RD-2001-01,2026-05-20,475,463,12
RD-2001-01,2026-05-21,463,457,6
RD-2001-01,2026-05-22,457,393,64
RD-2001-01,2026-05-23,393,393,0
RD-2001-01,2026-05-24,393,393,0
RD-2001-01,2026-05-25,393,373,20
RD-2001-01,2026-05-26,373,248,125
RD-2001-01,2026-05-27,248,207,41
RD-2001-01,2026-05-28,207,204,3
RD-2001-01,2026-05-29,204,196,8
RD-2001-01,2026-05-30,196,196,0
RD-2001-01,2026-05-31,196,196,0
RD-2001-01,2026-06-01,196,181,15
RD-2001-01,2026-06-02,181,134,47
RD-2001-01,2026-06-03,134,122,12
RD-2001-01,2026-06-04,122,122,0
RD-2001-01,2026-06-05,122,113,9
RD-2001-01,2026-06-06,113,98,15
RD-2001-01,2026-06-07,98,98,0
RD-2001-01,2026-06-08,98,98,0
RD-2001-01,2026-06-09,98,77,21
RD-2001-01,2026-06-10,77,76,1
RD-2001-01,2026-06-11,76,68,8
RD-2001-01,2026-06-12,750,742,8
RD-2001-01,2026-06-13,742,742,0
RD-2001-01,2026-06-14,742,742,0
RD-2001-01,2026-06-15,742,742,0
RD-2001-01,2026-06-16,742,734,8
RD-2001-01,2026-06-17,734,714,20
RD-2001-01,2026-06-18,714,689,25
RD-2001-01,2026-06-19,689,685,4
RD-2001-01,2026-06-20,685,685,0
RD-2001-01,2026-06-21,685,685,0
RD-2001-01,2026-06-22,685,658,27
RD-2001-01,2026-06-23,658,428,230
RD-2001-01,2026-06-24,428,412,16
RD-2001-01,2026-06-25,412,392,20
RD-2001-01,2026-06-26,392,324,68
RD-2001-01,2026-06-27,324,318,6
RD-2001-01,2026-06-28,318,318,0
RD-2001-01,2026-06-29,318,279,39
RD-2001-01,2026-06-30,279,273,6
RD-2001-01,2026-07-01,273,267,6
RD-2001-01,2026-07-02,267,249,18
RD-2001-01,2026-07-03,249,222,27
RD-2001-01,2026-07-04,222,222,0
RD-2001-01,2026-07-05,222,222,0
RD-2001-01,2026-07-06,222,14,208
RD-2001-01,2026-07-07,14,0,14
RD-2001-01,2026-07-08,0,0,0
RD-2001-01,2026-07-09,0,0,0
RD-2001-01,2026-07-10,0,0,0
RD-2001-01,2026-07-11,0,0,0
RD-2001-01,2026-07-12,0,0,0
RD-2001-01,2026-07-13,0,0,0
RD-2001-01,2026-07-14,682,682,0
RD-2001-01,2026-07-15,682,652,30
RD-2001-01,2026-07-16,652,649,3
RD-2001-01,2026-07-17,649,649,0
RD-2001-01,2026-07-18,649,637,12
RD-2001-01,2026-07-19,637,637,0
RD-2001-01,2026-07-20,637,545,92
RD-2001-01,2026-07-21,545,493,52
RD-2001-01,2026-07-22,493,467,26
RD-2001-01,2026-07-23,467,459,8
RD-2001-01,2026-07-24,459,375,84
RD-2001-01,2026-07-25,375,364,11
RD-2001-01,2026-07-26,364,364,0
RD-2001-01,2026-07-27,364,303,61
RD-2001-01,2026-07-28,303,303,0
RD-2001-01,2026-07-29,303,292,11
RD-2001-01,2026-07-30,292,285,7
RD-2001-01,2026-07-31,285,277,8
RD-2001-01,2026-08-01,277,277,0
RD-2001-01,2026-08-02,277,277,0
RD-2001-01,2026-08-03,277,265,12
RD-2001-01,2026-08-04,265,262,3
RD-2001-01,2026-08-05,262,257,5
RD-2001-01,2026-08-06,257,216,41
RD-2001-01,2026-08-07,216,190,26
RD-2001-01,2026-08-08,190,190,0
RD-2001-01,2026-08-09,190,190,0
RD-2001-01,2026-08-10,190,169,21
RD-2001-01,2026-08-11,169,159,10
RD-2001-01,2026-08-12,159,130,29
RD-2001-01,2026-08-13,130,130,0
RD-2001-01,2026-08-14,130,120,10
RD-2001-01,2026-08-15,120,120,0
RD-2001-01,2026-08-16,120,120,0
RD-2001-01,2026-08-17,120,115,5
RD-2001-01,2026-08-18,115,106,9
RD-2001-01,2026-08-19,789,760,29
RD-2001-01,2026-08-20,760,752,8
RD-2001-01,2026-08-21,752,752,0
RD-2001-01,2026-08-22,752,749,3
RD-2001-01,2026-08-23,749,749,0
RD-2001-01,2026-08-24,749,729,20
RD-2001-01,2026-08-25,729,706,23
RD-2001-01,2026-08-26,706,676,30
RD-2001-01,2026-08-27,676,663,13
RD-2001-01,2026-08-28,663,618,45
RD-2001-02,2026-05-01,175,174,1
RD-2001-02,2026-05-02,174,174,0
RD-2001-02,2026-05-03,174,174,0
RD-2001-02,2026-05-04,174,170,4
RD-2001-02,2026-05-05,170,168,2
RD-2001-02,2026-05-06,168,168,0
RD-2001-02,2026-05-07,168,168,0
RD-2001-02,2026-05-08,168,168,0
RD-2001-02,2026-05-09,168,168,0
RD-2001-02,2026-05-10,168,168,0
RD-2001-02,2026-05-11,168,163,5
RD-2001-02,2026-05-12,163,163,0
RD-2001-02,2026-05-13,163,161,2
RD-2001-02,2026-05-14,161,142,19
RD-2001-02,2026-05-15,142,142,0
RD-2001-02,2026-05-16,142,142,0
RD-2001-02,2026-05-17,142,142,0
RD-2001-02,2026-05-18,142,142,0
RD-2001-02,2026-05-19,142,142,0
RD-2001-02,2026-05-20,142,142,0
RD-2001-02,2026-05-21,142,140,2
RD-2001-02,2026-05-22,140,140,0
RD-2001-02,2026-05-23,140,140,0
RD-2001-02,2026-05-24,140,140,0
RD-2001-02,2026-05-25,140,135,5
RD-2001-02,2026-05-26,135,134,1
RD-2001-02,2026-05-27,134,126,8
RD-2001-02,2026-05-28,126,122,4
RD-2001-02,2026-05-29,122,116,6
RD-2001-02,2026-05-30,116,116,0
RD-2001-02,2026-05-31,116,116,0
RD-2001-02,2026-06-01,116,109,7
RD-2001-02,2026-06-02,109,109,0
RD-2001-02,2026-06-03,109,109,0
RD-2001-02,2026-06-04,109,109,0
RD-2001-02,2026-06-05,109,90,19
RD-2001-02,2026-06-06,90,90,0
RD-2001-02,2026-06-07,90,90,0
RD-2001-02,2026-06-08,90,90,0
RD-2001-02,2026-06-09,90,82,8
RD-2001-02,2026-06-10,82,78,4
RD-2001-02,2026-06-11,78,78,0
RD-2001-02,2026-06-12,78,78,0
RD-2001-02,2026-06-13,78,78,0
RD-2001-02,2026-06-14,78,78,0
RD-2001-02,2026-06-15,78,78,0
RD-2001-02,2026-06-16,78,78,0
RD-2001-02,2026-06-17,78,69,9
RD-2001-02,2026-06-18,69,65,4
RD-2001-02,2026-06-19,65,65,0
RD-2001-02,2026-06-20,65,65,0
RD-2001-02,2026-06-21,65,65,0
RD-2001-02,2026-06-22,65,65,0
RD-2001-02,2026-06-23,65,61,4
RD-2001-02,2026-06-24,61,61,0
RD-2001-02,2026-06-25,61,61,0
RD-2001-02,2026-06-26,61,57,4
RD-2001-02,2026-06-27,244,244,0
RD-2001-02,2026-06-28,244,244,0
RD-2001-02,2026-06-29,244,242,2
RD-2001-02,2026-06-30,242,242,0
RD-2001-02,2026-07-01,242,241,1
RD-2001-02,2026-07-02,241,136,105
RD-2001-02,2026-07-03,136,123,13
RD-2001-02,2026-07-04,123,122,1
RD-2001-02,2026-07-05,122,122,0
RD-2001-02,2026-07-06,122,122,0
RD-2001-02,2026-07-07,122,121,1
RD-2001-02,2026-07-08,121,120,1
RD-2001-02,2026-07-09,120,120,0
RD-2001-02,2026-07-10,120,120,0
RD-2001-02,2026-07-11,120,111,9
RD-2001-02,2026-07-12,111,111,0
RD-2001-02,2026-07-13,111,97,14
RD-2001-02,2026-07-14,97,97,0
RD-2001-02,2026-07-15,97,84,13
RD-2001-02,2026-07-16,84,81,3
RD-2001-02,2026-07-17,81,17,64
RD-2001-02,2026-07-18,17,17,0
RD-2001-02,2026-07-19,17,17,0
RD-2001-02,2026-07-20,17,16,1
RD-2001-02,2026-07-21,16,14,2
RD-2001-02,2026-07-22,14,11,3
RD-2001-02,2026-07-23,11,0,11
RD-2001-02,2026-07-24,0,0,0
RD-2001-02,2026-07-25,0,0,0
RD-2001-02,2026-07-26,0,0,0
RD-2001-02,2026-07-27,0,0,0
RD-2001-02,2026-07-28,0,0,0
RD-2001-02,2026-07-29,0,0,0
RD-2001-02,2026-07-30,0,0,0
RD-2001-02,2026-07-31,0,0,0
RD-2001-02,2026-08-01,0,0,0
RD-2001-02,2026-08-02,0,0,0
RD-2001-02,2026-08-03,186,186,0
RD-2001-02,2026-08-04,186,186,0
RD-2001-02,2026-08-05,186,97,89
RD-2001-02,2026-08-06,97,96,1
RD-2001-02,2026-08-07,96,94,2
RD-2001-02,2026-08-08,94,93,1
RD-2001-02,2026-08-09,93,93,0
RD-2001-02,2026-08-10,93,88,5
RD-2001-02,2026-08-11,88,88,0
RD-2001-02,2026-08-12,88,83,5
RD-2001-02,2026-08-13,83,69,14
RD-2001-02,2026-08-14,69,0,69
RD-2001-02,2026-08-15,0,0,0
RD-2001-02,2026-08-16,0,0,0
RD-2001-02,2026-08-17,0,0,0
RD-2001-02,2026-08-18,0,0,0
RD-2001-02,2026-08-19,0,0,0
RD-2001-02,2026-08-20,0,0,0
RD-2001-02,2026-08-21,0,0,0
RD-2001-02,2026-08-22,0,0,0
RD-2001-02,2026-08-23,0,0,0
RD-2001-02,2026-08-24,0,0,0
RD-2001-02,2026-08-25,0,0,0
RD-2001-02,2026-08-26,186,179,7
RD-2001-02,2026-08-27,179,179,0
RD-2001-02,2026-08-28,179,153,26
RD-2001-03,2026-05-01,98,98,0
RD-2001-03,2026-05-02,98,98,0
RD-2001-03,2026-05-03,98,98,0
RD-2001-03,2026-05-04,98,98,0
RD-2001-03,2026-05-05,98,98,0
RD-2001-03,2026-05-06,98,98,0
RD-2001-03,2026-05-07,98,98,0
RD-2001-03,2026-05-08,98,97,1
RD-2001-03,2026-05-09,97,97,0
RD-2001-03,2026-05-10,97,97,0
RD-2001-03,2026-05-11,97,97,0
RD-2001-03,2026-05-12,97,97,0
RD-2001-03,2026-05-13,97,97,0
RD-2001-03,2026-05-14,97,97,0
RD-2001-03,2026-05-15,97,26,71
RD-2001-03,2026-05-16,26,26,0
RD-2001-03,2026-05-17,26,26,0
RD-2001-03,2026-05-18,26,18,8
RD-2001-03,2026-05-19,18,6,12
RD-2001-03,2026-05-20,6,6,0
RD-2001-03,2026-05-21,6,6,0
RD-2001-03,2026-05-22,6,6,0
RD-2001-03,2026-05-23,6,6,0
RD-2001-03,2026-05-24,6,6,0
RD-2001-03,2026-05-25,6,6,0
RD-2001-03,2026-05-26,6,6,0
RD-2001-03,2026-05-27,6,6,0
RD-2001-03,2026-05-28,6,6,0
RD-2001-03,2026-05-29,6,6,0
RD-2001-03,2026-05-30,6,6,0
RD-2001-03,2026-05-31,6,6,0
RD-2001-03,2026-06-01,6,0,6
RD-2001-03,2026-06-02,0,0,0
RD-2001-03,2026-06-03,0,0,0
RD-2001-03,2026-06-04,0,0,0
RD-2001-03,2026-06-05,0,0,0
RD-2001-03,2026-06-06,0,0,0
RD-2001-03,2026-06-07,0,0,0
RD-2001-03,2026-06-08,0,0,0
RD-2001-03,2026-06-09,0,0,0
RD-2001-03,2026-06-10,74,74,0
RD-2001-03,2026-06-11,74,57,17
RD-2001-03,2026-06-12,57,57,0
RD-2001-03,2026-06-13,57,57,0
RD-2001-03,2026-06-14,57,57,0
RD-2001-03,2026-06-15,57,57,0
RD-2001-03,2026-06-16,57,56,1
RD-2001-03,2026-06-17,56,56,0
RD-2001-03,2026-06-18,56,39,17
RD-2001-03,2026-06-19,39,38,1
RD-2001-03,2026-06-20,38,38,0
RD-2001-03,2026-06-21,38,38,0
RD-2001-03,2026-06-22,38,29,9
RD-2001-03,2026-06-23,29,29,0
RD-2001-03,2026-06-24,29,29,0
RD-2001-03,2026-06-25,29,27,2
RD-2001-03,2026-06-26,27,26,1
RD-2001-03,2026-06-27,26,26,0
RD-2001-03,2026-06-28,26,26,0
RD-2001-03,2026-06-29,26,26,0
RD-2001-03,2026-06-30,26,26,0
RD-2001-03,2026-07-01,26,25,1
RD-2001-03,2026-07-02,25,25,0
RD-2001-03,2026-07-03,25,25,0
RD-2001-03,2026-07-04,25,25,0
RD-2001-03,2026-07-05,25,25,0
RD-2001-03,2026-07-06,25,25,0
RD-2001-03,2026-07-07,25,17,8
RD-2001-03,2026-07-08,17,13,4
RD-2001-03,2026-07-09,13,13,0
RD-2001-03,2026-07-10,13,13,0
RD-2001-03,2026-07-11,13,13,0
RD-2001-03,2026-07-12,13,13,0
RD-2001-03,2026-07-13,13,13,0
RD-2001-03,2026-07-14,88,81,7
RD-2001-03,2026-07-15,81,81,0
RD-2001-03,2026-07-16,81,81,0
RD-2001-03,2026-07-17,81,81,0
RD-2001-03,2026-07-18,81,81,0
RD-2001-03,2026-07-19,81,81,0
RD-2001-03,2026-07-20,81,81,0
RD-2001-03,2026-07-21,81,78,3
RD-2001-03,2026-07-22,78,78,0
RD-2001-03,2026-07-23,78,78,0
RD-2001-03,2026-07-24,78,78,0
RD-2001-03,2026-07-25,78,77,1
RD-2001-03,2026-07-26,77,77,0
RD-2001-03,2026-07-27,77,71,6
RD-2001-03,2026-07-28,71,71,0
RD-2001-03,2026-07-29,71,70,1
RD-2001-03,2026-07-30,70,67,3
RD-2001-03,2026-07-31,67,67,0
RD-2001-03,2026-08-01,67,67,0
RD-2001-03,2026-08-02,67,67,0
RD-2001-03,2026-08-03,67,65,2
RD-2001-03,2026-08-04,65,61,4
RD-2001-03,2026-08-05,61,60,1
RD-2001-03,2026-08-06,60,60,0
RD-2001-03,2026-08-07,60,60,0
RD-2001-03,2026-08-08,60,60,0
RD-2001-03,2026-08-09,60,60,0
RD-2001-03,2026-08-10,60,59,1
RD-2001-03,2026-08-11,59,57,2
RD-2001-03,2026-08-12,57,57,0
RD-2001-03,2026-08-13,57,57,0
RD-2001-03,2026-08-14,57,57,0
RD-2001-03,2026-08-15,57,57,0
RD-2001-03,2026-08-16,57,57,0
RD-2001-03,2026-08-17,57,56,1
RD-2001-03,2026-08-18,56,56,0
RD-2001-03,2026-08-19,56,56,0
RD-2001-03,2026-08-20,56,56,0
RD-2001-03,2026-08-21,56,56,0
RD-2001-03,2026-08-22,56,56,0
RD-2001-03,2026-08-23,56,56,0
RD-2001-03,2026-08-24,56,56,0
RD-2001-03,2026-08-25,56,56,0
RD-2001-03,2026-08-26,56,56,0
RD-2001-03,2026-08-27,56,56,0
RD-2001-03,2026-08-28,56,18,38
RD-2002-01,2026-05-01,423,423,0
RD-2002-01,2026-05-02,423,420,3
RD-2002-01,2026-05-03,420,420,0
RD-2002-01,2026-05-04,420,390,30
RD-2002-01,2026-05-05,390,366,24
RD-2002-01,2026-05-06,366,366,0
RD-2002-01,2026-05-07,366,364,2
RD-2002-01,2026-05-08,364,364,0
RD-2002-01,2026-05-09,364,364,0
RD-2002-01,2026-05-10,364,364,0
RD-2002-01,2026-05-11,364,359,5
RD-2002-01,2026-05-12,359,359,0
RD-2002-01,2026-05-13,359,351,8
RD-2002-01,2026-05-14,351,338,13
RD-2002-01,2026-05-15,338,336,2
RD-2002-01,2026-05-16,336,326,10
RD-2002-01,2026-05-17,326,326,0
RD-2002-01,2026-05-18,326,326,0
RD-2002-01,2026-05-19,326,323,3
RD-2002-01,2026-05-20,323,312,11
RD-2002-01,2026-05-21,312,289,23
RD-2002-01,2026-05-22,289,289,0
RD-2002-01,2026-05-23,289,289,0
RD-2002-01,2026-05-24,289,289,0
RD-2002-01,2026-05-25,289,284,5
RD-2002-01,2026-05-26,284,272,12
RD-2002-01,2026-05-27,272,259,13
RD-2002-01,2026-05-28,259,247,12
RD-2002-01,2026-05-29,247,244,3
RD-2002-01,2026-05-30,244,234,10
RD-2002-01,2026-05-31,234,234,0
RD-2002-01,2026-06-01,234,225,9
RD-2002-01,2026-06-02,225,214,11
RD-2002-01,2026-06-03,214,180,34
RD-2002-01,2026-06-04,180,180,0
RD-2002-01,2026-06-05,180,169,11
RD-2002-01,2026-06-06,169,165,4
RD-2002-01,2026-06-07,165,165,0
RD-2002-01,2026-06-08,165,162,3
RD-2002-01,2026-06-09,162,161,1
RD-2002-01,2026-06-10,161,154,7
RD-2002-01,2026-06-11,154,139,15
RD-2002-01,2026-06-12,139,127,12
RD-2002-01,2026-06-13,127,114,13
RD-2002-01,2026-06-14,114,114,0
RD-2002-01,2026-06-15,114,62,52
RD-2002-01,2026-06-16,62,57,5
RD-2002-01,2026-06-17,57,17,40
RD-2002-01,2026-06-18,17,15,2
RD-2002-01,2026-06-19,15,15,0
RD-2002-01,2026-06-20,15,0,15
RD-2002-01,2026-06-21,0,0,0
RD-2002-01,2026-06-22,0,0,0
RD-2002-01,2026-06-23,0,0,0
RD-2002-01,2026-06-24,0,0,0
RD-2002-01,2026-06-25,0,0,0
RD-2002-01,2026-06-26,0,0,0
RD-2002-01,2026-06-27,0,0,0
RD-2002-01,2026-06-28,0,0,0
RD-2002-01,2026-06-29,303,282,21
RD-2002-01,2026-06-30,282,278,4
RD-2002-01,2026-07-01,278,278,0
RD-2002-01,2026-07-02,278,275,3
RD-2002-01,2026-07-03,275,271,4
RD-2002-01,2026-07-04,271,271,0
RD-2002-01,2026-07-05,271,271,0
RD-2002-01,2026-07-06,271,255,16
RD-2002-01,2026-07-07,255,253,2
RD-2002-01,2026-07-08,253,227,26
RD-2002-01,2026-07-09,227,227,0
RD-2002-01,2026-07-10,227,210,17
RD-2002-01,2026-07-11,210,207,3
RD-2002-01,2026-07-12,207,207,0
RD-2002-01,2026-07-13,207,207,0
RD-2002-01,2026-07-14,207,207,0
RD-2002-01,2026-07-15,207,144,63
RD-2002-01,2026-07-16,144,120,24
RD-2002-01,2026-07-17,120,82,38
RD-2002-01,2026-07-18,82,82,0
RD-2002-01,2026-07-19,82,82,0
RD-2002-01,2026-07-20,82,82,0
RD-2002-01,2026-07-21,82,78,4
RD-2002-01,2026-07-22,78,69,9
RD-2002-01,2026-07-23,69,63,6
RD-2002-01,2026-07-24,63,14,49
RD-2002-01,2026-07-25,14,8,6
RD-2002-01,2026-07-26,8,8,0
RD-2002-01,2026-07-27,8,2,6
RD-2002-01,2026-07-28,2,0,2
RD-2002-01,2026-07-29,0,0,0
RD-2002-01,2026-07-30,303,298,5
RD-2002-01,2026-07-31,298,298,0
RD-2002-01,2026-08-01,298,295,3
RD-2002-01,2026-08-02,295,295,0
RD-2002-01,2026-08-03,295,294,1
RD-2002-01,2026-08-04,294,292,2
RD-2002-01,2026-08-05,292,277,15
RD-2002-01,2026-08-06,277,270,7
RD-2002-01,2026-08-07,270,261,9
RD-2002-01,2026-08-08,261,261,0
RD-2002-01,2026-08-09,261,261,0
RD-2002-01,2026-08-10,261,238,23
RD-2002-01,2026-08-11,238,234,4
RD-2002-01,2026-08-12,234,220,14
RD-2002-01,2026-08-13,220,218,2
RD-2002-01,2026-08-14,218,218,0
RD-2002-01,2026-08-15,218,208,10
RD-2002-01,2026-08-16,208,208,0
RD-2002-01,2026-08-17,208,190,18
RD-2002-01,2026-08-18,190,149,41
RD-2002-01,2026-08-19,149,149,0
RD-2002-01,2026-08-20,149,99,50
RD-2002-01,2026-08-21,99,97,2
RD-2002-01,2026-08-22,97,97,0
RD-2002-01,2026-08-23,97,97,0
RD-2002-01,2026-08-24,97,89,8
RD-2002-01,2026-08-25,89,89,0
RD-2002-01,2026-08-26,89,89,0
RD-2002-01,2026-08-27,89,62,27
RD-2002-01,2026-08-28,62,23,39
RD-2002-02,2026-05-01,157,157,0
RD-2002-02,2026-05-02,157,157,0
RD-2002-02,2026-05-03,157,157,0
RD-2002-02,2026-05-04,157,155,2
RD-2002-02,2026-05-05,155,153,2
RD-2002-02,2026-05-06,153,152,1
RD-2002-02,2026-05-07,152,77,75
RD-2002-02,2026-05-08,77,73,4
RD-2002-02,2026-05-09,73,73,0
RD-2002-02,2026-05-10,73,73,0
RD-2002-02,2026-05-11,73,73,0
RD-2002-02,2026-05-12,73,73,0
RD-2002-02,2026-05-13,73,73,0
RD-2002-02,2026-05-14,73,69,4
RD-2002-02,2026-05-15,69,62,7
RD-2002-02,2026-05-16,62,62,0
RD-2002-02,2026-05-17,62,62,0
RD-2002-02,2026-05-18,62,62,0
RD-2002-02,2026-05-19,62,56,6
RD-2002-02,2026-05-20,56,40,16
RD-2002-02,2026-05-21,40,40,0
RD-2002-02,2026-05-22,40,40,0
RD-2002-02,2026-05-23,40,40,0
RD-2002-02,2026-05-24,40,40,0
RD-2002-02,2026-05-25,40,39,1
RD-2002-02,2026-05-26,39,39,0
RD-2002-02,2026-05-27,39,30,9
RD-2002-02,2026-05-28,30,29,1
RD-2002-02,2026-05-29,160,159,1
RD-2002-02,2026-05-30,159,159,0
RD-2002-02,2026-05-31,159,159,0
RD-2002-02,2026-06-01,159,130,29
RD-2002-02,2026-06-02,130,117,13
RD-2002-02,2026-06-03,117,113,4
RD-2002-02,2026-06-04,113,113,0
RD-2002-02,2026-06-05,113,113,0
RD-2002-02,2026-06-06,113,105,8
RD-2002-02,2026-06-07,105,105,0
RD-2002-02,2026-06-08,105,43,62
RD-2002-02,2026-06-09,43,39,4
RD-2002-02,2026-06-10,39,38,1
RD-2002-02,2026-06-11,38,35,3
RD-2002-02,2026-06-12,35,0,35
RD-2002-02,2026-06-13,0,0,0
RD-2002-02,2026-06-14,0,0,0
RD-2002-02,2026-06-15,0,0,0
RD-2002-02,2026-06-16,0,0,0
RD-2002-02,2026-06-17,0,0,0
RD-2002-02,2026-06-18,0,0,0
RD-2002-02,2026-06-19,0,0,0
RD-2002-02,2026-06-20,0,0,0
RD-2002-02,2026-06-21,0,0,0
RD-2002-02,2026-06-22,0,0,0
RD-2002-02,2026-06-23,0,0,0
RD-2002-02,2026-06-24,0,0,0
RD-2002-02,2026-06-25,0,0,0
RD-2002-02,2026-06-26,131,131,0
RD-2002-02,2026-06-27,131,122,9
RD-2002-02,2026-06-28,122,122,0
RD-2002-02,2026-06-29,122,121,1
RD-2002-02,2026-06-30,121,121,0
RD-2002-02,2026-07-01,121,106,15
RD-2002-02,2026-07-02,106,106,0
RD-2002-02,2026-07-03,106,86,20
RD-2002-02,2026-07-04,86,86,0
RD-2002-02,2026-07-05,86,86,0
RD-2002-02,2026-07-06,86,81,5
RD-2002-02,2026-07-07,81,81,0
RD-2002-02,2026-07-08,81,80,1
RD-2002-02,2026-07-09,80,80,0
RD-2002-02,2026-07-10,80,78,2
RD-2002-02,2026-07-11,78,78,0
RD-2002-02,2026-07-12,78,78,0
RD-2002-02,2026-07-13,78,78,0
RD-2002-02,2026-07-14,78,76,2
RD-2002-02,2026-07-15,76,76,0
RD-2002-02,2026-07-16,76,57,19
RD-2002-02,2026-07-17,57,57,0
RD-2002-02,2026-07-18,57,57,0
RD-2002-02,2026-07-19,57,57,0
RD-2002-02,2026-07-20,57,57,0
RD-2002-02,2026-07-21,188,184,4
RD-2002-02,2026-07-22,184,184,0
RD-2002-02,2026-07-23,184,182,2
RD-2002-02,2026-07-24,182,182,0
RD-2002-02,2026-07-25,182,178,4
RD-2002-02,2026-07-26,178,178,0
RD-2002-02,2026-07-27,178,177,1
RD-2002-02,2026-07-28,177,174,3
RD-2002-02,2026-07-29,174,171,3
RD-2002-02,2026-07-30,171,155,16
RD-2002-02,2026-07-31,155,153,2
RD-2002-02,2026-08-01,153,153,0
RD-2002-02,2026-08-02,153,153,0
RD-2002-02,2026-08-03,153,153,0
RD-2002-02,2026-08-04,153,148,5
RD-2002-02,2026-08-05,148,143,5
RD-2002-02,2026-08-06,143,131,12
RD-2002-02,2026-08-07,131,131,0
RD-2002-02,2026-08-08,131,131,0
RD-2002-02,2026-08-09,131,131,0
RD-2002-02,2026-08-10,131,131,0
RD-2002-02,2026-08-11,131,129,2
RD-2002-02,2026-08-12,129,127,2
RD-2002-02,2026-08-13,127,125,2
RD-2002-02,2026-08-14,125,125,0
RD-2002-02,2026-08-15,125,125,0
RD-2002-02,2026-08-16,125,125,0
RD-2002-02,2026-08-17,125,124,1
RD-2002-02,2026-08-18,124,115,9
RD-2002-02,2026-08-19,115,108,7
RD-2002-02,2026-08-20,108,104,4
RD-2002-02,2026-08-21,104,104,0
RD-2002-02,2026-08-22,104,104,0
RD-2002-02,2026-08-23,104,104,0
RD-2002-02,2026-08-24,104,104,0
RD-2002-02,2026-08-25,104,102,2
RD-2002-02,2026-08-26,102,93,9
RD-2002-02,2026-08-27,93,92,1
RD-2002-02,2026-08-28,92,92,0
RD-2002-03,2026-05-01,85,85,0
RD-2002-03,2026-05-02,85,85,0
RD-2002-03,2026-05-03,85,85,0
RD-2002-03,2026-05-04,85,85,0
RD-2002-03,2026-05-05,85,85,0
RD-2002-03,2026-05-06,85,82,3
RD-2002-03,2026-05-07,82,82,0
RD-2002-03,2026-05-08,82,80,2
RD-2002-03,2026-05-09,80,80,0
RD-2002-03,2026-05-10,80,80,0
RD-2002-03,2026-05-11,80,80,0
RD-2002-03,2026-05-12,80,80,0
RD-2002-03,2026-05-13,80,76,4
RD-2002-03,2026-05-14,76,76,0
RD-2002-03,2026-05-15,76,76,0
RD-2002-03,2026-05-16,76,76,0
RD-2002-03,2026-05-17,76,76,0
RD-2002-03,2026-05-18,76,76,0
RD-2002-03,2026-05-19,76,76,0
RD-2002-03,2026-05-20,76,76,0
RD-2002-03,2026-05-21,76,75,1
RD-2002-03,2026-05-22,75,75,0
RD-2002-03,2026-05-23,75,75,0
RD-2002-03,2026-05-24,75,75,0
RD-2002-03,2026-05-25,75,75,0
RD-2002-03,2026-05-26,75,25,50
RD-2002-03,2026-05-27,25,23,2
RD-2002-03,2026-05-28,23,23,0
RD-2002-03,2026-05-29,23,21,2
RD-2002-03,2026-05-30,21,21,0
RD-2002-03,2026-05-31,21,21,0
RD-2002-03,2026-06-01,21,18,3
RD-2002-03,2026-06-02,18,18,0
RD-2002-03,2026-06-03,18,18,0
RD-2002-03,2026-06-04,18,18,0
RD-2002-03,2026-06-05,18,18,0
RD-2002-03,2026-06-06,18,18,0
RD-2002-03,2026-06-07,18,18,0
RD-2002-03,2026-06-08,18,18,0
RD-2002-03,2026-06-09,18,17,1
RD-2002-03,2026-06-10,17,17,0
RD-2002-03,2026-06-11,17,16,1
RD-2002-03,2026-06-12,16,14,2
RD-2002-03,2026-06-13,14,12,2
RD-2002-03,2026-06-14,12,12,0
RD-2002-03,2026-06-15,12,12,0
RD-2002-03,2026-06-16,12,12,0
RD-2002-03,2026-06-17,12,12,0
RD-2002-03,2026-06-18,12,12,0
RD-2002-03,2026-06-19,12,12,0
RD-2002-03,2026-06-20,12,12,0
RD-2002-03,2026-06-21,12,12,0
RD-2002-03,2026-06-22,12,10,2
RD-2002-03,2026-06-23,10,10,0
RD-2002-03,2026-06-24,10,10,0
RD-2002-03,2026-06-25,64,64,0
RD-2002-03,2026-06-26,64,64,0
RD-2002-03,2026-06-27,64,60,4
RD-2002-03,2026-06-28,60,60,0
RD-2002-03,2026-06-29,60,57,3
RD-2002-03,2026-06-30,57,54,3
RD-2002-03,2026-07-01,54,54,0
RD-2002-03,2026-07-02,54,54,0
RD-2002-03,2026-07-03,54,54,0
RD-2002-03,2026-07-04,54,54,0
RD-2002-03,2026-07-05,54,54,0
RD-2002-03,2026-07-06,54,54,0
RD-2002-03,2026-07-07,54,51,3
RD-2002-03,2026-07-08,51,51,0
RD-2002-03,2026-07-09,51,51,0
RD-2002-03,2026-07-10,51,51,0
RD-2002-03,2026-07-11,51,49,2
RD-2002-03,2026-07-12,49,49,0
RD-2002-03,2026-07-13,49,49,0
RD-2002-03,2026-07-14,49,49,0
RD-2002-03,2026-07-15,49,49,0
RD-2002-03,2026-07-16,49,49,0
RD-2002-03,2026-07-17,49,49,0
RD-2002-03,2026-07-18,49,48,1
RD-2002-03,2026-07-19,48,48,0
RD-2002-03,2026-07-20,48,48,0
RD-2002-03,2026-07-21,48,47,1
RD-2002-03,2026-07-22,47,46,1
RD-2002-03,2026-07-23,46,46,0
RD-2002-03,2026-07-24,46,46,0
RD-2002-03,2026-07-25,46,45,1
RD-2002-03,2026-07-26,45,45,0
RD-2002-03,2026-07-27,45,45,0
RD-2002-03,2026-07-28,45,41,4
RD-2002-03,2026-07-29,41,41,0
RD-2002-03,2026-07-30,41,39,2
RD-2002-03,2026-07-31,39,39,0
RD-2002-03,2026-08-01,39,39,0
RD-2002-03,2026-08-02,39,39,0
RD-2002-03,2026-08-03,39,37,2
RD-2002-03,2026-08-04,37,0,37
RD-2002-03,2026-08-05,0,0,0
RD-2002-03,2026-08-06,0,0,0
RD-2002-03,2026-08-07,0,0,0
RD-2002-03,2026-08-08,0,0,0
RD-2002-03,2026-08-09,0,0,0
RD-2002-03,2026-08-10,0,0,0
RD-2002-03,2026-08-11,0,0,0
RD-2002-03,2026-08-12,0,0,0
RD-2002-03,2026-08-13,0,0,0
RD-2002-03,2026-08-14,0,0,0
RD-2002-03,2026-08-15,0,0,0
RD-2002-03,2026-08-16,0,0,0
RD-2002-03,2026-08-17,0,0,0
RD-2002-03,2026-08-18,0,0,0
RD-2002-03,2026-08-19,0,0,0
RD-2002-03,2026-08-20,0,0,0
RD-2002-03,2026-08-21,0,0,0
RD-2002-03,2026-08-22,0,0,0
RD-2002-03,2026-08-23,0,0,0
RD-2002-03,2026-08-24,0,0,0
RD-2002-03,2026-08-25,0,0,0
RD-2002-03,2026-08-26,0,0,0
RD-2002-03,2026-08-27,0,0,0
RD-2002-03,2026-08-28,0,0,0
RD-2010-01,2026-05-01,139,139,0
RD-2010-01,2026-05-02,139,138,1
RD-2010-01,2026-05-03,138,138,0
RD-2010-01,2026-05-04,138,138,0
RD-2010-01,2026-05-05,138,136,2
RD-2010-01,2026-05-06,136,134,2
RD-2010-01,2026-05-07,134,131,3
RD-2010-01,2026-05-08,131,131,0
RD-2010-01,2026-05-09,131,131,0
RD-2010-01,2026-05-10,131,131,0
RD-2010-01,2026-05-11,131,130,1
RD-2010-01,2026-05-12,130,130,0
RD-2010-01,2026-05-13,130,128,2
RD-2010-01,2026-05-14,128,124,4
RD-2010-01,2026-05-15,124,123,1
RD-2010-01,2026-05-16,123,120,3
RD-2010-01,2026-05-17,120,120,0
RD-2010-01,2026-05-18,120,119,1
RD-2010-01,2026-05-19,119,116,3
RD-2010-01,2026-05-20,116,111,5
RD-2010-01,2026-05-21,111,98,13
RD-2010-01,2026-05-22,98,98,0
RD-2010-01,2026-05-23,98,98,0
RD-2010-01,2026-05-24,98,98,0
RD-2010-01,2026-05-25,98,98,0
RD-2010-01,2026-05-26,98,98,0
RD-2010-01,2026-05-27,98,97,1
RD-2010-01,2026-05-28,97,94,3
RD-2010-01,2026-05-29,94,82,12
RD-2010-01,2026-05-30,82,82,0
RD-2010-01,2026-05-31,82,82,0
RD-2010-01,2026-06-01,82,78,4
RD-2010-01,2026-06-02,78,67,11
RD-2010-01,2026-06-03,67,65,2
RD-2010-01,2026-06-04,65,65,0
RD-2010-01,2026-06-05,65,64,1
RD-2010-01,2026-06-06,64,58,6
RD-2010-01,2026-06-07,58,58,0
RD-2010-01,2026-06-08,58,58,0
RD-2010-01,2026-06-09,58,57,1
RD-2010-01,2026-06-10,57,56,1
RD-2010-01,2026-06-11,56,56,0
RD-2010-01,2026-06-12,56,53,3
RD-2010-01,2026-06-13,53,51,2
RD-2010-01,2026-06-14,51,51,0
RD-2010-01,2026-06-15,51,48,3
RD-2010-01,2026-06-16,48,48,0
RD-2010-01,2026-06-17,48,46,2
RD-2010-01,2026-06-18,46,37,9
RD-2010-01,2026-06-19,37,23,14
RD-2010-01,2026-06-20,23,23,0
RD-2010-01,2026-06-21,23,23,0
RD-2010-01,2026-06-22,23,23,0
RD-2010-01,2026-06-23,23,19,4
RD-2010-01,2026-06-24,19,19,0
RD-2010-01,2026-06-25,19,19,0
RD-2010-01,2026-06-26,19,18,1
RD-2010-01,2026-06-27,18,0,18
RD-2010-01,2026-06-28,0,0,0
RD-2010-01,2026-06-29,0,0,0
RD-2010-01,2026-06-30,105,100,5
RD-2010-01,2026-07-01,100,82,18
RD-2010-01,2026-07-02,82,75,7
RD-2010-01,2026-07-03,75,63,12
RD-2010-01,2026-07-04,63,63,0
RD-2010-01,2026-07-05,63,63,0
RD-2010-01,2026-07-06,63,62,1
RD-2010-01,2026-07-07,62,56,6
RD-2010-01,2026-07-08,56,52,4
RD-2010-01,2026-07-09,52,52,0
RD-2010-01,2026-07-10,52,50,2
RD-2010-01,2026-07-11,50,43,7
RD-2010-01,2026-07-12,43,43,0
RD-2010-01,2026-07-13,43,41,2
RD-2010-01,2026-07-14,41,35,6
RD-2010-01,2026-07-15,35,33,2
RD-2010-01,2026-07-16,33,32,1
RD-2010-01,2026-07-17,32,27,5
RD-2010-01,2026-07-18,27,27,0
RD-2010-01,2026-07-19,27,27,0
RD-2010-01,2026-07-20,27,23,4
RD-2010-01,2026-07-21,23,18,5
RD-2010-01,2026-07-22,18,18,0
RD-2010-01,2026-07-23,18,17,1
RD-2010-01,2026-07-24,17,16,1
RD-2010-01,2026-07-25,16,13,3
RD-2010-01,2026-07-26,13,13,0
RD-2010-01,2026-07-27,13,12,1
RD-2010-01,2026-07-28,12,12,0
RD-2010-01,2026-07-29,12,8,4
RD-2010-01,2026-07-30,8,7,1
RD-2010-01,2026-07-31,113,112,1
RD-2010-01,2026-08-01,112,112,0
RD-2010-01,2026-08-02,112,112,0
RD-2010-01,2026-08-03,112,103,9
RD-2010-01,2026-08-04,103,101,2
RD-2010-01,2026-08-05,101,101,0
RD-2010-01,2026-08-06,101,101,0
RD-2010-01,2026-08-07,101,101,0
RD-2010-01,2026-08-08,101,91,10
RD-2010-01,2026-08-09,91,91,0
RD-2010-01,2026-08-10,91,91,0
RD-2010-01,2026-08-11,91,91,0
RD-2010-01,2026-08-12,91,88,3
RD-2010-01,2026-08-13,88,82,6
RD-2010-01,2026-08-14,82,79,3
RD-2010-01,2026-08-15,79,79,0
RD-2010-01,2026-08-16,79,79,0
RD-2010-01,2026-08-17,79,75,4
RD-2010-01,2026-08-18,75,72,3
RD-2010-01,2026-08-19,72,69,3
RD-2010-01,2026-08-20,69,44,25
RD-2010-01,2026-08-21,44,42,2
RD-2010-01,2026-08-22,42,42,0
RD-2010-01,2026-08-23,42,42,0
RD-2010-01,2026-08-24,42,41,1
RD-2010-01,2026-08-25,41,0,41
RD-2010-01,2026-08-26,0,0,0
RD-2010-01,2026-08-27,0,0,0
RD-2010-01,2026-08-28,0,0,0
RD-2010-02,2026-05-01,32,32,0
RD-2010-02,2026-05-02,32,32,0
RD-2010-02,2026-05-03,32,32,0
RD-2010-02,2026-05-04,32,32,0
RD-2010-02,2026-05-05,32,32,0
RD-2010-02,2026-05-06,32,32,0
RD-2010-02,2026-05-07,32,32,0
RD-2010-02,2026-05-08,32,32,0
RD-2010-02,2026-05-09,32,32,0
RD-2010-02,2026-05-10,32,32,0
RD-2010-02,2026-05-11,32,32,0
RD-2010-02,2026-05-12,32,32,0
RD-2010-02,2026-05-13,32,32,0
RD-2010-02,2026-05-14,32,32,0
RD-2010-02,2026-05-15,32,32,0
RD-2010-02,2026-05-16,32,32,0
RD-2010-02,2026-05-17,32,32,0
RD-2010-02,2026-05-18,32,32,0
RD-2010-02,2026-05-19,32,31,1
RD-2010-02,2026-05-20,31,30,1
RD-2010-02,2026-05-21,30,27,3
RD-2010-02,2026-05-22,27,26,1
RD-2010-02,2026-05-23,26,26,0
RD-2010-02,2026-05-24,26,26,0
RD-2010-02,2026-05-25,26,24,2
RD-2010-02,2026-05-26,24,21,3
RD-2010-02,2026-05-27,21,20,1
RD-2010-02,2026-05-28,20,20,0
RD-2010-02,2026-05-29,20,20,0
RD-2010-02,2026-05-30,20,20,0
RD-2010-02,2026-05-31,20,20,0
RD-2010-02,2026-06-01,20,19,1
RD-2010-02,2026-06-02,19,19,0
RD-2010-02,2026-06-03,19,19,0
RD-2010-02,2026-06-04,19,19,0
RD-2010-02,2026-06-05,19,12,7
RD-2010-02,2026-06-06,12,11,1
RD-2010-02,2026-06-07,11,11,0
RD-2010-02,2026-06-08,11,6,5
RD-2010-02,2026-06-09,6,6,0
RD-2010-02,2026-06-10,6,6,0
RD-2010-02,2026-06-11,6,6,0
RD-2010-02,2026-06-12,6,5,1
RD-2010-02,2026-06-13,5,4,1
RD-2010-02,2026-06-14,4,4,0
RD-2010-02,2026-06-15,4,4,0
RD-2010-02,2026-06-16,4,4,0
RD-2010-02,2026-06-17,4,4,0
RD-2010-02,2026-06-18,4,4,0
RD-2010-02,2026-06-19,4,4,0
RD-2010-02,2026-06-20,4,4,0
RD-2010-02,2026-06-21,4,4,0
RD-2010-02,2026-06-22,4,4,0
RD-2010-02,2026-06-23,4,3,1
RD-2010-02,2026-06-24,43,43,0
RD-2010-02,2026-06-25,43,43,0
RD-2010-02,2026-06-26,43,43,0
RD-2010-02,2026-06-27,43,43,0
RD-2010-02,2026-06-28,43,43,0
RD-2010-02,2026-06-29,43,31,12
RD-2010-02,2026-06-30,31,29,2
RD-2010-02,2026-07-01,29,29,0
RD-2010-02,2026-07-02,29,27,2
RD-2010-02,2026-07-03,27,27,0
RD-2010-02,2026-07-04,27,26,1
RD-2010-02,2026-07-05,26,26,0
RD-2010-02,2026-07-06,26,26,0
RD-2010-02,2026-07-07,26,22,4
RD-2010-02,2026-07-08,22,22,0
RD-2010-02,2026-07-09,22,22,0
RD-2010-02,2026-07-10,22,22,0
RD-2010-02,2026-07-11,22,22,0
RD-2010-02,2026-07-12,22,22,0
RD-2010-02,2026-07-13,22,22,0
RD-2010-02,2026-07-14,22,22,0
RD-2010-02,2026-07-15,22,21,1
RD-2010-02,2026-07-16,21,19,2
RD-2010-02,2026-07-17,19,19,0
RD-2010-02,2026-07-18,19,19,0
RD-2010-02,2026-07-19,19,19,0
RD-2010-02,2026-07-20,19,19,0
RD-2010-02,2026-07-21,19,18,1
RD-2010-02,2026-07-22,18,18,0
RD-2010-02,2026-07-23,18,18,0
RD-2010-02,2026-07-24,18,17,1
RD-2010-02,2026-07-25,17,17,0
RD-2010-02,2026-07-26,17,17,0
RD-2010-02,2026-07-27,17,12,5
RD-2010-02,2026-07-28,12,12,0
RD-2010-02,2026-07-29,12,12,0
RD-2010-02,2026-07-30,12,7,5
RD-2010-02,2026-07-31,7,4,3
RD-2010-02,2026-08-01,4,4,0
RD-2010-02,2026-08-02,4,4,0
RD-2010-02,2026-08-03,4,3,1
RD-2010-02,2026-08-04,3,3,0
RD-2010-02,2026-08-05,3,2,1
RD-2010-02,2026-08-06,2,2,0
RD-2010-02,2026-08-07,2,0,2
RD-2010-02,2026-08-08,0,0,0
RD-2010-02,2026-08-09,0,0,0
RD-2010-02,2026-08-10,0,0,0
RD-2010-02,2026-08-11,0,0,0
RD-2010-02,2026-08-12,0,0,0
RD-2010-02,2026-08-13,0,0,0
RD-2010-02,2026-08-14,0,0,0
RD-2010-02,2026-08-15,40,40,0
RD-2010-02,2026-08-16,40,40,0
RD-2010-02,2026-08-17,40,34,6
RD-2010-02,2026-08-18,34,34,0
RD-2010-02,2026-08-19,34,32,2
RD-2010-02,2026-08-20,32,28,4
RD-2010-02,2026-08-21,28,27,1
RD-2010-02,2026-08-22,27,27,0
RD-2010-02,2026-08-23,27,27,0
RD-2010-02,2026-08-24,27,24,3
RD-2010-02,2026-08-25,24,24,0
RD-2010-02,2026-08-26,24,23,1
RD-2010-02,2026-08-27,23,21,2
RD-2010-02,2026-08-28,21,18,3
RD-2010-03,2026-05-01,29,29,0
RD-2010-03,2026-05-02,29,29,0
RD-2010-03,2026-05-03,29,29,0
RD-2010-03,2026-05-04,29,26,3
RD-2010-03,2026-05-05,26,26,0
RD-2010-03,2026-05-06,26,26,0
RD-2010-03,2026-05-07,26,26,0
RD-2010-03,2026-05-08,26,26,0
RD-2010-03,2026-05-09,26,26,0
RD-2010-03,2026-05-10,26,26,0
RD-2010-03,2026-05-11,26,26,0
RD-2010-03,2026-05-12,26,26,0
RD-2010-03,2026-05-13,26,26,0
RD-2010-03,2026-05-14,26,26,0
RD-2010-03,2026-05-15,26,25,1
RD-2010-03,2026-05-16,25,25,0
RD-2010-03,2026-05-17,25,25,0
RD-2010-03,2026-05-18,25,24,1
RD-2010-03,2026-05-19,24,24,0
RD-2010-03,2026-05-20,24,24,0
RD-2010-03,2026-05-21,24,24,0
RD-2010-03,2026-05-22,24,24,0
RD-2010-03,2026-05-23,24,24,0
RD-2010-03,2026-05-24,24,24,0
RD-2010-03,2026-05-25,24,24,0
RD-2010-03,2026-05-26,24,24,0
RD-2010-03,2026-05-27,24,24,0
RD-2010-03,2026-05-28,24,23,1
RD-2010-03,2026-05-29,23,23,0
RD-2010-03,2026-05-30,23,23,0
RD-2010-03,2026-05-31,23,23,0
RD-2010-03,2026-06-01,23,23,0
RD-2010-03,2026-06-02,23,22,1
RD-2010-03,2026-06-03,22,22,0
RD-2010-03,2026-06-04,22,22,0
RD-2010-03,2026-06-05,22,22,0
RD-2010-03,2026-06-06,22,22,0
RD-2010-03,2026-06-07,22,22,0
RD-2010-03,2026-06-08,22,22,0
RD-2010-03,2026-06-09,22,22,0
RD-2010-03,2026-06-10,22,22,0
RD-2010-03,2026-06-11,22,22,0
RD-2010-03,2026-06-12,22,22,0
RD-2010-03,2026-06-13,22,22,0
RD-2010-03,2026-06-14,22,22,0
RD-2010-03,2026-06-15,22,22,0
RD-2010-03,2026-06-16,22,21,1
RD-2010-03,2026-06-17,21,21,0
RD-2010-03,2026-06-18,21,21,0
RD-2010-03,2026-06-19,21,20,1
RD-2010-03,2026-06-20,20,20,0
RD-2010-03,2026-06-21,20,20,0
RD-2010-03,2026-06-22,20,20,0
RD-2010-03,2026-06-23,20,20,0
RD-2010-03,2026-06-24,20,20,0
RD-2010-03,2026-06-25,20,20,0
RD-2010-03,2026-06-26,20,18,2
RD-2010-03,2026-06-27,18,18,0
RD-2010-03,2026-06-28,18,18,0
RD-2010-03,2026-06-29,18,18,0
RD-2010-03,2026-06-30,18,18,0
RD-2010-03,2026-07-01,18,18,0
RD-2010-03,2026-07-02,18,18,0
RD-2010-03,2026-07-03,18,18,0
RD-2010-03,2026-07-04,18,18,0
RD-2010-03,2026-07-05,18,18,0
RD-2010-03,2026-07-06,18,18,0
RD-2010-03,2026-07-07,18,18,0
RD-2010-03,2026-07-08,18,16,2
RD-2010-03,2026-07-09,16,16,0
RD-2010-03,2026-07-10,16,16,0
RD-2010-03,2026-07-11,16,16,0
RD-2010-03,2026-07-12,16,16,0
RD-2010-03,2026-07-13,16,11,5
RD-2010-03,2026-07-14,11,11,0
RD-2010-03,2026-07-15,11,11,0
RD-2010-03,2026-07-16,11,11,0
RD-2010-03,2026-07-17,11,11,0
RD-2010-03,2026-07-18,11,11,0
RD-2010-03,2026-07-19,11,11,0
RD-2010-03,2026-07-20,11,11,0
RD-2010-03,2026-07-21,11,11,0
RD-2010-03,2026-07-22,11,11,0
RD-2010-03,2026-07-23,11,11,0
RD-2010-03,2026-07-24,11,11,0
RD-2010-03,2026-07-25,11,11,0
RD-2010-03,2026-07-26,11,11,0
RD-2010-03,2026-07-27,11,8,3
RD-2010-03,2026-07-28,8,8,0
RD-2010-03,2026-07-29,8,8,0
RD-2010-03,2026-07-30,8,4,4
RD-2010-03,2026-07-31,4,4,0
RD-2010-03,2026-08-01,4,4,0
RD-2010-03,2026-08-02,4,4,0
RD-2010-03,2026-08-03,4,4,0
RD-2010-03,2026-08-04,4,4,0
RD-2010-03,2026-08-05,4,4,0
RD-2010-03,2026-08-06,4,4,0
RD-2010-03,2026-08-07,4,4,0
RD-2010-03,2026-08-08,4,4,0
RD-2010-03,2026-08-09,4,4,0
RD-2010-03,2026-08-10,4,4,0
RD-2010-03,2026-08-11,4,4,0
RD-2010-03,2026-08-12,4,4,0
RD-2010-03,2026-08-13,4,4,0
RD-2010-03,2026-08-14,4,4,0
RD-2010-03,2026-08-15,4,4,0
RD-2010-03,2026-08-16,4,4,0
RD-2010-03,2026-08-17,4,4,0
RD-2010-03,2026-08-18,4,0,4
RD-2010-03,2026-08-19,0,0,0
RD-2010-03,2026-08-20,0,0,0
RD-2010-03,2026-08-21,0,0,0
RD-2010-03,2026-08-22,0,0,0
RD-2010-03,2026-08-23,27,27,0
RD-2010-03,2026-08-24,27,27,0
RD-2010-03,2026-08-25,27,27,0
RD-2010-03,2026-08-26,27,27,0
RD-2010-03,2026-08-27,27,27,0
RD-2010-03,2026-08-28,27,27,0
RD-2011-01,2026-05-01,206,206,0
RD-2011-01,2026-05-02,206,202,4
RD-2011-01,2026-05-03,202,202,0
RD-2011-01,2026-05-04,202,201,1
RD-2011-01,2026-05-05,201,201,0
RD-2011-01,2026-05-06,201,200,1
RD-2011-01,2026-05-07,200,196,4
RD-2011-01,2026-05-08,196,194,2
RD-2011-01,2026-05-09,194,194,0
RD-2011-01,2026-05-10,194,194,0
RD-2011-01,2026-05-11,194,193,1
RD-2011-01,2026-05-12,193,188,5
RD-2011-01,2026-05-13,188,180,8
RD-2011-01,2026-05-14,180,180,0
RD-2011-01,2026-05-15,180,156,24
RD-2011-01,2026-05-16,156,156,0
RD-2011-01,2026-05-17,156,156,0
RD-2011-01,2026-05-18,156,156,0
RD-2011-01,2026-05-19,156,155,1
RD-2011-01,2026-05-20,155,109,46
RD-2011-01,2026-05-21,109,108,1
RD-2011-01,2026-05-22,108,101,7
RD-2011-01,2026-05-23,101,101,0
RD-2011-01,2026-05-24,101,101,0
RD-2011-01,2026-05-25,101,97,4
RD-2011-01,2026-05-26,97,94,3
RD-2011-01,2026-05-27,94,94,0
RD-2011-01,2026-05-28,94,94,0
RD-2011-01,2026-05-29,94,85,9
RD-2011-01,2026-05-30,85,85,0
RD-2011-01,2026-05-31,85,85,0
RD-2011-01,2026-06-01,85,85,0
RD-2011-01,2026-06-02,85,77,8
RD-2011-01,2026-06-03,77,75,2
RD-2011-01,2026-06-04,75,75,0
RD-2011-01,2026-06-05,75,63,12
RD-2011-01,2026-06-06,63,63,0
RD-2011-01,2026-06-07,63,63,0
RD-2011-01,2026-06-08,63,63,0
RD-2011-01,2026-06-09,63,60,3
RD-2011-01,2026-06-10,60,59,1
RD-2011-01,2026-06-11,59,47,12
RD-2011-01,2026-06-12,47,45,2
RD-2011-01,2026-06-13,45,23,22
RD-2011-01,2026-06-14,23,23,0
RD-2011-01,2026-06-15,140,140,0
RD-2011-01,2026-06-16,140,140,0
RD-2011-01,2026-06-17,140,138,2
RD-2011-01,2026-06-18,138,134,4
RD-2011-01,2026-06-19,134,134,0
RD-2011-01,2026-06-20,134,134,0
RD-2011-01,2026-06-21,134,134,0
RD-2011-01,2026-06-22,134,125,9
RD-2011-01,2026-06-23,125,123,2
RD-2011-01,2026-06-24,123,117,6
RD-2011-01,2026-06-25,117,116,1
RD-2011-01,2026-06-26,116,111,5
RD-2011-01,2026-06-27,111,105,6
RD-2011-01,2026-06-28,105,105,0
RD-2011-01,2026-06-29,105,103,2
RD-2011-01,2026-06-30,103,102,1
RD-2011-01,2026-07-01,102,102,0
RD-2011-01,2026-07-02,102,100,2
RD-2011-01,2026-07-03,100,96,4
RD-2011-01,2026-07-04,96,96,0
RD-2011-01,2026-07-05,96,96,0
RD-2011-01,2026-07-06,96,89,7
RD-2011-01,2026-07-07,89,86,3
RD-2011-01,2026-07-08,86,78,8
RD-2011-01,2026-07-09,78,78,0
RD-2011-01,2026-07-10,78,78,0
RD-2011-01,2026-07-11,78,74,4
RD-2011-01,2026-07-12,74,74,0
RD-2011-01,2026-07-13,74,74,0
RD-2011-01,2026-07-14,74,69,5
RD-2011-01,2026-07-15,69,69,0
RD-2011-01,2026-07-16,69,60,9
RD-2011-01,2026-07-17,60,55,5
RD-2011-01,2026-07-18,55,53,2
RD-2011-01,2026-07-19,53,53,0
RD-2011-01,2026-07-20,53,48,5
RD-2011-01,2026-07-21,48,48,0
RD-2011-01,2026-07-22,48,0,48
RD-2011-01,2026-07-23,0,0,0
RD-2011-01,2026-07-24,0,0,0
RD-2011-01,2026-07-25,0,0,0
RD-2011-01,2026-07-26,0,0,0
RD-2011-01,2026-07-27,0,0,0
RD-2011-01,2026-07-28,0,0,0
RD-2011-01,2026-07-29,118,110,8
RD-2011-01,2026-07-30,110,107,3
RD-2011-01,2026-07-31,107,107,0
RD-2011-01,2026-08-01,107,107,0
RD-2011-01,2026-08-02,107,107,0
RD-2011-01,2026-08-03,107,101,6
RD-2011-01,2026-08-04,101,98,3
RD-2011-01,2026-08-05,98,98,0
RD-2011-01,2026-08-06,98,98,0
RD-2011-01,2026-08-07,98,98,0
RD-2011-01,2026-08-08,98,98,0
RD-2011-01,2026-08-09,98,98,0
RD-2011-01,2026-08-10,98,96,2
RD-2011-01,2026-08-11,96,96,0
RD-2011-01,2026-08-12,96,96,0
RD-2011-01,2026-08-13,96,96,0
RD-2011-01,2026-08-14,96,96,0
RD-2011-01,2026-08-15,96,95,1
RD-2011-01,2026-08-16,95,95,0
RD-2011-01,2026-08-17,95,91,4
RD-2011-01,2026-08-18,91,90,1
RD-2011-01,2026-08-19,90,90,0
RD-2011-01,2026-08-20,90,88,2
RD-2011-01,2026-08-21,88,67,21
RD-2011-01,2026-08-22,67,67,0
RD-2011-01,2026-08-23,67,67,0
RD-2011-01,2026-08-24,67,0,67
RD-2011-01,2026-08-25,118,113,5
RD-2011-01,2026-08-26,113,113,0
RD-2011-01,2026-08-27,113,68,45
RD-2011-01,2026-08-28,68,67,1
RD-2011-02,2026-05-01,18,18,0
RD-2011-02,2026-05-02,18,18,0
RD-2011-02,2026-05-03,18,18,0
RD-2011-02,2026-05-04,18,18,0
RD-2011-02,2026-05-05,18,17,1
RD-2011-02,2026-05-06,17,17,0
RD-2011-02,2026-05-07,17,17,0
RD-2011-02,2026-05-08,17,15,2
RD-2011-02,2026-05-09,15,15,0
RD-2011-02,2026-05-10,15,15,0
RD-2011-02,2026-05-11,15,15,0
RD-2011-02,2026-05-12,15,11,4
RD-2011-02,2026-05-13,11,11,0
RD-2011-02,2026-05-14,11,10,1
RD-2011-02,2026-05-15,10,10,0
RD-2011-02,2026-05-16,10,9,1
RD-2011-02,2026-05-17,9,9,0
RD-2011-02,2026-05-18,9,9,0
RD-2011-02,2026-05-19,9,9,0
RD-2011-02,2026-05-20,9,8,1
RD-2011-02,2026-05-21,8,8,0
RD-2011-02,2026-05-22,8,8,0
RD-2011-02,2026-05-23,8,8,0
RD-2011-02,2026-05-24,8,8,0
RD-2011-02,2026-05-25,8,8,0
RD-2011-02,2026-05-26,8,8,0
RD-2011-02,2026-05-27,8,8,0
RD-2011-02,2026-05-28,8,8,0
RD-2011-02,2026-05-29,8,7,1
RD-2011-02,2026-05-30,7,3,4
RD-2011-02,2026-05-31,3,3,0
RD-2011-02,2026-06-01,3,3,0
RD-2011-02,2026-06-02,3,3,0
RD-2011-02,2026-06-03,3,3,0
RD-2011-02,2026-06-04,3,3,0
RD-2011-02,2026-06-05,3,2,1
RD-2011-02,2026-06-06,2,2,0
RD-2011-02,2026-06-07,2,2,0
RD-2011-02,2026-06-08,2,2,0
RD-2011-02,2026-06-09,2,2,0
RD-2011-02,2026-06-10,2,2,0
RD-2011-02,2026-06-11,2,2,0
RD-2011-02,2026-06-12,2,1,1
RD-2011-02,2026-06-13,1,1,0
RD-2011-02,2026-06-14,1,1,0
RD-2011-02,2026-06-15,28,28,0
RD-2011-02,2026-06-16,28,27,1
RD-2011-02,2026-06-17,27,27,0
RD-2011-02,2026-06-18,27,27,0
RD-2011-02,2026-06-19,27,27,0
RD-2011-02,2026-06-20,27,27,0
RD-2011-02,2026-06-21,27,27,0
RD-2011-02,2026-06-22,27,27,0
RD-2011-02,2026-06-23,27,26,1
RD-2011-02,2026-06-24,26,26,0
RD-2011-02,2026-06-25,26,24,2
RD-2011-02,2026-06-26,24,23,1
RD-2011-02,2026-06-27,23,23,0
RD-2011-02,2026-06-28,23,23,0
RD-2011-02,2026-06-29,23,23,0
RD-2011-02,2026-06-30,23,23,0
RD-2011-02,2026-07-01,23,21,2
RD-2011-02,2026-07-02,21,21,0
RD-2011-02,2026-07-03,21,21,0
RD-2011-02,2026-07-04,21,20,1
RD-2011-02,2026-07-05,20,20,0
RD-2011-02,2026-07-06,20,20,0
RD-2011-02,2026-07-07,20,20,0
RD-2011-02,2026-07-08,20,20,0
RD-2011-02,2026-07-09,20,20,0
RD-2011-02,2026-07-10,20,20,0
RD-2011-02,2026-07-11,20,20,0
RD-2011-02,2026-07-12,20,20,0
RD-2011-02,2026-07-13,20,19,1
RD-2011-02,2026-07-14,19,19,0
RD-2011-02,2026-07-15,19,18,1
RD-2011-02,2026-07-16,18,17,1
RD-2011-02,2026-07-17,17,14,3
RD-2011-02,2026-07-18,14,14,0
RD-2011-02,2026-07-19,14,14,0
RD-2011-02,2026-07-20,14,14,0
RD-2011-02,2026-07-21,14,12,2
RD-2011-02,2026-07-22,12,12,0
RD-2011-02,2026-07-23,12,12,0
RD-2011-02,2026-07-24,12,12,0
RD-2011-02,2026-07-25,12,12,0
RD-2011-02,2026-07-26,12,12,0
RD-2011-02,2026-07-27,12,12,0
RD-2011-02,2026-07-28,12,12,0
RD-2011-02,2026-07-29,12,8,4
RD-2011-02,2026-07-30,8,8,0
RD-2011-02,2026-07-31,8,3,5
RD-2011-02,2026-08-01,3,3,0
RD-2011-02,2026-08-02,3,3,0
RD-2011-02,2026-08-03,3,3,0
RD-2011-02,2026-08-04,3,3,0
RD-2011-02,2026-08-05,3,3,0
RD-2011-02,2026-08-06,3,3,0
RD-2011-02,2026-08-07,3,3,0
RD-2011-02,2026-08-08,3,3,0
RD-2011-02,2026-08-09,3,3,0
RD-2011-02,2026-08-10,3,2,1
RD-2011-02,2026-08-11,2,2,0
RD-2011-02,2026-08-12,2,0,2
RD-2011-02,2026-08-13,0,0,0
RD-2011-02,2026-08-14,0,0,0
RD-2011-02,2026-08-15,0,0,0
RD-2011-02,2026-08-16,0,0,0
RD-2011-02,2026-08-17,0,0,0
RD-2011-02,2026-08-18,0,0,0
RD-2011-02,2026-08-19,0,0,0
RD-2011-02,2026-08-20,0,0,0
RD-2011-02,2026-08-21,27,26,1
RD-2011-02,2026-08-22,26,26,0
RD-2011-02,2026-08-23,26,26,0
RD-2011-02,2026-08-24,26,26,0
RD-2011-02,2026-08-25,26,26,0
RD-2011-02,2026-08-26,26,21,5
RD-2011-02,2026-08-27,21,21,0
RD-2011-02,2026-08-28,21,21,0
RD-2011-03,2026-05-01,24,24,0
RD-2011-03,2026-05-02,24,24,0
RD-2011-03,2026-05-03,24,24,0
RD-2011-03,2026-05-04,24,24,0
RD-2011-03,2026-05-05,24,24,0
RD-2011-03,2026-05-06,24,24,0
RD-2011-03,2026-05-07,24,24,0
RD-2011-03,2026-05-08,24,23,1
RD-2011-03,2026-05-09,23,23,0
RD-2011-03,2026-05-10,23,23,0
RD-2011-03,2026-05-11,23,23,0
RD-2011-03,2026-05-12,23,23,0
RD-2011-03,2026-05-13,23,23,0
RD-2011-03,2026-05-14,23,22,1
RD-2011-03,2026-05-15,22,22,0
RD-2011-03,2026-05-16,22,22,0
RD-2011-03,2026-05-17,22,22,0
RD-2011-03,2026-05-18,22,22,0
RD-2011-03,2026-05-19,22,21,1
RD-2011-03,2026-05-20,21,21,0
RD-2011-03,2026-05-21,21,21,0
RD-2011-03,2026-05-22,21,21,0
RD-2011-03,2026-05-23,21,21,0
RD-2011-03,2026-05-24,21,21,0
RD-2011-03,2026-05-25,21,21,0
RD-2011-03,2026-05-26,21,21,0
RD-2011-03,2026-05-27,21,21,0
RD-2011-03,2026-05-28,21,21,0
RD-2011-03,2026-05-29,21,21,0
RD-2011-03,2026-05-30,21,21,0
RD-2011-03,2026-05-31,21,21,0
RD-2011-03,2026-06-01,21,16,5
RD-2011-03,2026-06-02,16,16,0
RD-2011-03,2026-06-03,16,16,0
RD-2011-03,2026-06-04,16,16,0
RD-2011-03,2026-06-05,16,8,8
RD-2011-03,2026-06-06,8,8,0
RD-2011-03,2026-06-07,8,8,0
RD-2011-03,2026-06-08,8,8,0
RD-2011-03,2026-06-09,8,7,1
RD-2011-03,2026-06-10,7,7,0
RD-2011-03,2026-06-11,7,7,0
RD-2011-03,2026-06-12,7,7,0
RD-2011-03,2026-06-13,7,7,0
RD-2011-03,2026-06-14,7,7,0
RD-2011-03,2026-06-15,7,7,0
RD-2011-03,2026-06-16,7,7,0
RD-2011-03,2026-06-17,7,7,0
RD-2011-03,2026-06-18,7,7,0
RD-2011-03,2026-06-19,7,5,2
RD-2011-03,2026-06-20,5,5,0
RD-2011-03,2026-06-21,5,5,0
RD-2011-03,2026-06-22,5,5,0
RD-2011-03,2026-06-23,5,4,1
RD-2011-03,2026-06-24,4,4,0
RD-2011-03,2026-06-25,4,4,0
RD-2011-03,2026-06-26,4,4,0
RD-2011-03,2026-06-27,4,4,0
RD-2011-03,2026-06-28,4,4,0
RD-2011-03,2026-06-29,4,4,0
RD-2011-03,2026-06-30,4,4,0
RD-2011-03,2026-07-01,4,4,0
RD-2011-03,2026-07-02,4,4,0
RD-2011-03,2026-07-03,4,4,0
RD-2011-03,2026-07-04,4,4,0
RD-2011-03,2026-07-05,4,4,0
RD-2011-03,2026-07-06,4,4,0
RD-2011-03,2026-07-07,4,4,0
RD-2011-03,2026-07-08,4,4,0
RD-2011-03,2026-07-09,4,4,0
RD-2011-03,2026-07-10,4,4,0
RD-2011-03,2026-07-11,4,4,0
RD-2011-03,2026-07-12,4,4,0
RD-2011-03,2026-07-13,4,4,0
RD-2011-03,2026-07-14,4,4,0
RD-2011-03,2026-07-15,4,4,0
RD-2011-03,2026-07-16,4,4,0
RD-2011-03,2026-07-17,4,4,0
RD-2011-03,2026-07-18,4,4,0
RD-2011-03,2026-07-19,4,4,0
RD-2011-03,2026-07-20,4,4,0
RD-2011-03,2026-07-21,4,4,0
RD-2011-03,2026-07-22,4,4,0
RD-2011-03,2026-07-23,4,3,1
RD-2011-03,2026-07-24,3,3,0
RD-2011-03,2026-07-25,3,3,0
RD-2011-03,2026-07-26,3,3,0
RD-2011-03,2026-07-27,30,29,1
RD-2011-03,2026-07-28,29,29,0
RD-2011-03,2026-07-29,29,29,0
RD-2011-03,2026-07-30,29,29,0
RD-2011-03,2026-07-31,29,29,0
RD-2011-03,2026-08-01,29,29,0
RD-2011-03,2026-08-02,29,29,0
RD-2011-03,2026-08-03,29,28,1
RD-2011-03,2026-08-04,28,27,1
RD-2011-03,2026-08-05,27,27,0
RD-2011-03,2026-08-06,27,25,2
RD-2011-03,2026-08-07,25,25,0
RD-2011-03,2026-08-08,25,25,0
RD-2011-03,2026-08-09,25,25,0
RD-2011-03,2026-08-10,25,24,1
RD-2011-03,2026-08-11,24,24,0
RD-2011-03,2026-08-12,24,24,0
RD-2011-03,2026-08-13,24,21,3
RD-2011-03,2026-08-14,21,21,0
RD-2011-03,2026-08-15,21,21,0
RD-2011-03,2026-08-16,21,21,0
RD-2011-03,2026-08-17,21,21,0
RD-2011-03,2026-08-18,21,21,0
RD-2011-03,2026-08-19,21,21,0
RD-2011-03,2026-08-20,21,21,0
RD-2011-03,2026-08-21,21,21,0
RD-2011-03,2026-08-22,21,21,0
RD-2011-03,2026-08-23,21,21,0
RD-2011-03,2026-08-24,21,21,0
RD-2011-03,2026-08-25,21,20,1
RD-2011-03,2026-08-26,20,20,0
RD-2011-03,2026-08-27,20,20,0
RD-2011-03,2026-08-28,20,20,0
RD-2020-01,2026-05-01,378,378,0
RD-2020-01,2026-05-02,378,363,15
RD-2020-01,2026-05-03,363,363,0
RD-2020-01,2026-05-04,363,363,0
RD-2020-01,2026-05-05,363,363,0
RD-2020-01,2026-05-06,363,363,0
RD-2020-01,2026-05-07,363,363,0
RD-2020-01,2026-05-08,363,332,31
RD-2020-01,2026-05-09,332,332,0
RD-2020-01,2026-05-10,332,332,0
RD-2020-01,2026-05-11,332,332,0
RD-2020-01,2026-05-12,332,326,6
RD-2020-01,2026-05-13,326,290,36
RD-2020-01,2026-05-14,290,289,1
RD-2020-01,2026-05-15,289,278,11
RD-2020-01,2026-05-16,278,278,0
RD-2020-01,2026-05-17,278,278,0
RD-2020-01,2026-05-18,278,276,2
RD-2020-01,2026-05-19,276,191,85
RD-2020-01,2026-05-20,191,190,1
RD-2020-01,2026-05-21,190,189,1
RD-2020-01,2026-05-22,189,177,12
RD-2020-01,2026-05-23,177,174,3
RD-2020-01,2026-05-24,174,174,0
RD-2020-01,2026-05-25,174,173,1
RD-2020-01,2026-05-26,173,172,1
RD-2020-01,2026-05-27,172,168,4
RD-2020-01,2026-05-28,168,156,12
RD-2020-01,2026-05-29,156,153,3
RD-2020-01,2026-05-30,153,98,55
RD-2020-01,2026-05-31,98,98,0
RD-2020-01,2026-06-01,98,97,1
RD-2020-01,2026-06-02,97,74,23
RD-2020-01,2026-06-03,74,67,7
RD-2020-01,2026-06-04,67,67,0
RD-2020-01,2026-06-05,67,54,13
RD-2020-01,2026-06-06,54,29,25
RD-2020-01,2026-06-07,29,29,0
RD-2020-01,2026-06-08,402,384,18
RD-2020-01,2026-06-09,384,335,49
RD-2020-01,2026-06-10,335,333,2
RD-2020-01,2026-06-11,333,333,0
RD-2020-01,2026-06-12,333,324,9
RD-2020-01,2026-06-13,324,323,1
RD-2020-01,2026-06-14,323,323,0
RD-2020-01,2026-06-15,323,322,1
RD-2020-01,2026-06-16,322,322,0
RD-2020-01,2026-06-17,322,278,44
RD-2020-01,2026-06-18,278,276,2
RD-2020-01,2026-06-19,276,268,8
RD-2020-01,2026-06-20,268,268,0
RD-2020-01,2026-06-21,268,268,0
RD-2020-01,2026-06-22,268,255,13
RD-2020-01,2026-06-23,255,239,16
RD-2020-01,2026-06-24,239,234,5
RD-2020-01,2026-06-25,234,234,0
RD-2020-01,2026-06-26,234,189,45
RD-2020-01,2026-06-27,189,186,3
RD-2020-01,2026-06-28,186,186,0
RD-2020-01,2026-06-29,186,186,0
RD-2020-01,2026-06-30,186,176,10
RD-2020-01,2026-07-01,176,174,2
RD-2020-01,2026-07-02,174,154,20
RD-2020-01,2026-07-03,154,142,12
RD-2020-01,2026-07-04,142,142,0
RD-2020-01,2026-07-05,142,142,0
RD-2020-01,2026-07-06,142,141,1
RD-2020-01,2026-07-07,141,141,0
RD-2020-01,2026-07-08,141,126,15
RD-2020-01,2026-07-09,126,126,0
RD-2020-01,2026-07-10,126,106,20
RD-2020-01,2026-07-11,106,103,3
RD-2020-01,2026-07-12,103,103,0
RD-2020-01,2026-07-13,475,402,73
RD-2020-01,2026-07-14,402,391,11
RD-2020-01,2026-07-15,391,391,0
RD-2020-01,2026-07-16,391,355,36
RD-2020-01,2026-07-17,355,354,1
RD-2020-01,2026-07-18,354,332,22
RD-2020-01,2026-07-19,332,332,0
RD-2020-01,2026-07-20,332,322,10
RD-2020-01,2026-07-21,322,321,1
RD-2020-01,2026-07-22,321,314,7
RD-2020-01,2026-07-23,314,306,8
RD-2020-01,2026-07-24,306,304,2
RD-2020-01,2026-07-25,304,296,8
RD-2020-01,2026-07-26,296,296,0
RD-2020-01,2026-07-27,296,293,3
RD-2020-01,2026-07-28,293,220,73
RD-2020-01,2026-07-29,220,217,3
RD-2020-01,2026-07-30,217,185,32
RD-2020-01,2026-07-31,185,131,54
RD-2020-01,2026-08-01,131,127,4
RD-2020-01,2026-08-02,127,127,0
RD-2020-01,2026-08-03,127,115,12
RD-2020-01,2026-08-04,115,96,19
RD-2020-01,2026-08-05,96,96,0
RD-2020-01,2026-08-06,96,96,0
RD-2020-01,2026-08-07,96,96,0
RD-2020-01,2026-08-08,96,96,0
RD-2020-01,2026-08-09,96,96,0
RD-2020-01,2026-08-10,96,74,22
RD-2020-01,2026-08-11,74,69,5
RD-2020-01,2026-08-12,69,0,69
RD-2020-01,2026-08-13,0,0,0
RD-2020-01,2026-08-14,0,0,0
RD-2020-01,2026-08-15,0,0,0
RD-2020-01,2026-08-16,0,0,0
RD-2020-01,2026-08-17,0,0,0
RD-2020-01,2026-08-18,373,373,0
RD-2020-01,2026-08-19,373,348,25
RD-2020-01,2026-08-20,348,348,0
RD-2020-01,2026-08-21,348,348,0
RD-2020-01,2026-08-22,348,333,15
RD-2020-01,2026-08-23,333,333,0
RD-2020-01,2026-08-24,333,319,14
RD-2020-01,2026-08-25,319,305,14
RD-2020-01,2026-08-26,305,291,14
RD-2020-01,2026-08-27,291,290,1
RD-2020-01,2026-08-28,290,265,25
RD-2020-02,2026-05-01,51,51,0
RD-2020-02,2026-05-02,51,51,0
RD-2020-02,2026-05-03,51,51,0
RD-2020-02,2026-05-04,51,51,0
RD-2020-02,2026-05-05,51,47,4
RD-2020-02,2026-05-06,47,45,2
RD-2020-02,2026-05-07,45,44,1
RD-2020-02,2026-05-08,44,43,1
RD-2020-02,2026-05-09,43,42,1
RD-2020-02,2026-05-10,42,42,0
RD-2020-02,2026-05-11,42,42,0
RD-2020-02,2026-05-12,42,42,0
RD-2020-02,2026-05-13,42,41,1
RD-2020-02,2026-05-14,41,35,6
RD-2020-02,2026-05-15,35,35,0
RD-2020-02,2026-05-16,35,35,0
RD-2020-02,2026-05-17,35,35,0
RD-2020-02,2026-05-18,35,35,0
RD-2020-02,2026-05-19,35,34,1
RD-2020-02,2026-05-20,34,33,1
RD-2020-02,2026-05-21,33,33,0
RD-2020-02,2026-05-22,33,32,1
RD-2020-02,2026-05-23,32,32,0
RD-2020-02,2026-05-24,32,32,0
RD-2020-02,2026-05-25,32,25,7
RD-2020-02,2026-05-26,25,25,0
RD-2020-02,2026-05-27,25,22,3
RD-2020-02,2026-05-28,22,17,5
RD-2020-02,2026-05-29,17,13,4
RD-2020-02,2026-05-30,13,12,1
RD-2020-02,2026-05-31,12,12,0
RD-2020-02,2026-06-01,12,12,0
RD-2020-02,2026-06-02,12,12,0
RD-2020-02,2026-06-03,12,3,9
RD-2020-02,2026-06-04,3,3,0
RD-2020-02,2026-06-05,70,66,4
RD-2020-02,2026-06-06,66,66,0
RD-2020-02,2026-06-07,66,66,0
RD-2020-02,2026-06-08,66,66,0
RD-2020-02,2026-06-09,66,66,0
RD-2020-02,2026-06-10,66,65,1
RD-2020-02,2026-06-11,65,65,0
RD-2020-02,2026-06-12,65,65,0
RD-2020-02,2026-06-13,65,61,4
RD-2020-02,2026-06-14,61,61,0
RD-2020-02,2026-06-15,61,61,0
RD-2020-02,2026-06-16,61,61,0
RD-2020-02,2026-06-17,61,59,2
RD-2020-02,2026-06-18,59,55,4
RD-2020-02,2026-06-19,55,55,0
RD-2020-02,2026-06-20,55,55,0
RD-2020-02,2026-06-21,55,55,0
RD-2020-02,2026-06-22,55,55,0
RD-2020-02,2026-06-23,55,54,1
RD-2020-02,2026-06-24,54,54,0
RD-2020-02,2026-06-25,54,53,1
RD-2020-02,2026-06-26,53,40,13
RD-2020-02,2026-06-27,40,40,0
RD-2020-02,2026-06-28,40,40,0
RD-2020-02,2026-06-29,40,40,0
RD-2020-02,2026-06-30,40,40,0
RD-2020-02,2026-07-01,40,40,0
RD-2020-02,2026-07-02,40,37,3
RD-2020-02,2026-07-03,37,37,0
RD-2020-02,2026-07-04,37,37,0
RD-2020-02,2026-07-05,37,37,0
RD-2020-02,2026-07-06,37,37,0
RD-2020-02,2026-07-07,37,37,0
RD-2020-02,2026-07-08,37,37,0
RD-2020-02,2026-07-09,37,37,0
RD-2020-02,2026-07-10,37,24,13
RD-2020-02,2026-07-11,24,24,0
RD-2020-02,2026-07-12,24,24,0
RD-2020-02,2026-07-13,24,24,0
RD-2020-02,2026-07-14,24,23,1
RD-2020-02,2026-07-15,23,23,0
RD-2020-02,2026-07-16,23,23,0
RD-2020-02,2026-07-17,23,22,1
RD-2020-02,2026-07-18,22,22,0
RD-2020-02,2026-07-19,22,22,0
RD-2020-02,2026-07-20,22,20,2
RD-2020-02,2026-07-21,20,20,0
RD-2020-02,2026-07-22,20,19,1
RD-2020-02,2026-07-23,19,3,16
RD-2020-02,2026-07-24,3,1,2
RD-2020-02,2026-07-25,1,1,0
RD-2020-02,2026-07-26,68,68,0
RD-2020-02,2026-07-27,68,67,1
RD-2020-02,2026-07-28,67,60,7
RD-2020-02,2026-07-29,60,54,6
RD-2020-02,2026-07-30,54,51,3
RD-2020-02,2026-07-31,51,45,6
RD-2020-02,2026-08-01,45,44,1
RD-2020-02,2026-08-02,44,44,0
RD-2020-02,2026-08-03,44,28,16
RD-2020-02,2026-08-04,28,26,2
RD-2020-02,2026-08-05,26,26,0
RD-2020-02,2026-08-06,26,26,0
RD-2020-02,2026-08-07,26,26,0
RD-2020-02,2026-08-08,26,26,0
RD-2020-02,2026-08-09,26,26,0
RD-2020-02,2026-08-10,26,21,5
RD-2020-02,2026-08-11,21,21,0
RD-2020-02,2026-08-12,21,20,1
RD-2020-02,2026-08-13,20,18,2
RD-2020-02,2026-08-14,18,18,0
RD-2020-02,2026-08-15,18,18,0
RD-2020-02,2026-08-16,18,18,0
RD-2020-02,2026-08-17,18,11,7
RD-2020-02,2026-08-18,11,6,5
RD-2020-02,2026-08-19,6,2,4
RD-2020-02,2026-08-20,2,2,0
RD-2020-02,2026-08-21,2,2,0
RD-2020-02,2026-08-22,2,2,0
RD-2020-02,2026-08-23,2,2,0
RD-2020-02,2026-08-24,2,2,0
RD-2020-02,2026-08-25,2,0,2
RD-2020-02,2026-08-26,67,67,0
RD-2020-02,2026-08-27,67,67,0
RD-2020-02,2026-08-28,67,67,0
RD-2020-03,2026-05-01,70,70,0
RD-2020-03,2026-05-02,70,70,0
RD-2020-03,2026-05-03,70,70,0
RD-2020-03,2026-05-04,70,68,2
RD-2020-03,2026-05-05,68,68,0
RD-2020-03,2026-05-06,68,68,0
RD-2020-03,2026-05-07,68,68,0
RD-2020-03,2026-05-08,68,67,1
RD-2020-03,2026-05-09,67,67,0
RD-2020-03,2026-05-10,67,67,0
RD-2020-03,2026-05-11,67,67,0
RD-2020-03,2026-05-12,67,67,0
RD-2020-03,2026-05-13,67,67,0
RD-2020-03,2026-05-14,67,67,0
RD-2020-03,2026-05-15,67,67,0
RD-2020-03,2026-05-16,67,67,0
RD-2020-03,2026-05-17,67,67,0
RD-2020-03,2026-05-18,67,19,48
RD-2020-03,2026-05-19,19,19,0
RD-2020-03,2026-05-20,19,19,0
RD-2020-03,2026-05-21,19,19,0
RD-2020-03,2026-05-22,19,19,0
RD-2020-03,2026-05-23,19,19,0
RD-2020-03,2026-05-24,19,19,0
RD-2020-03,2026-05-25,19,19,0
RD-2020-03,2026-05-26,19,19,0
RD-2020-03,2026-05-27,19,19,0
RD-2020-03,2026-05-28,19,19,0
RD-2020-03,2026-05-29,19,19,0
RD-2020-03,2026-05-30,19,19,0
RD-2020-03,2026-05-31,19,19,0
RD-2020-03,2026-06-01,19,19,0
RD-2020-03,2026-06-02,19,15,4
RD-2020-03,2026-06-03,15,8,7
RD-2020-03,2026-06-04,8,8,0
RD-2020-03,2026-06-05,8,8,0
RD-2020-03,2026-06-06,8,8,0
RD-2020-03,2026-06-07,8,8,0
RD-2020-03,2026-06-08,8,8,0
RD-2020-03,2026-06-09,75,75,0
RD-2020-03,2026-06-10,75,69,6
RD-2020-03,2026-06-11,69,69,0
RD-2020-03,2026-06-12,69,69,0
RD-2020-03,2026-06-13,69,69,0
RD-2020-03,2026-06-14,69,69,0
RD-2020-03,2026-06-15,69,67,2
RD-2020-03,2026-06-16,67,67,0
RD-2020-03,2026-06-17,67,67,0
RD-2020-03,2026-06-18,67,61,6
RD-2020-03,2026-06-19,61,61,0
RD-2020-03,2026-06-20,61,61,0
RD-2020-03,2026-06-21,61,61,0
RD-2020-03,2026-06-22,61,61,0
RD-2020-03,2026-06-23,61,61,0
RD-2020-03,2026-06-24,61,61,0
RD-2020-03,2026-06-25,61,61,0
RD-2020-03,2026-06-26,61,61,0
RD-2020-03,2026-06-27,61,61,0
RD-2020-03,2026-06-28,61,61,0
RD-2020-03,2026-06-29,61,61,0
RD-2020-03,2026-06-30,61,61,0
RD-2020-03,2026-07-01,61,61,0
RD-2020-03,2026-07-02,61,59,2
RD-2020-03,2026-07-03,59,59,0
RD-2020-03,2026-07-04,59,59,0
RD-2020-03,2026-07-05,59,59,0
RD-2020-03,2026-07-06,59,59,0
RD-2020-03,2026-07-07,59,59,0
RD-2020-03,2026-07-08,59,59,0
RD-2020-03,2026-07-09,59,59,0
RD-2020-03,2026-07-10,59,59,0
RD-2020-03,2026-07-11,59,59,0
RD-2020-03,2026-07-12,59,59,0
RD-2020-03,2026-07-13,59,59,0
RD-2020-03,2026-07-14,59,6,53
RD-2020-03,2026-07-15,6,6,0
RD-2020-03,2026-07-16,6,5,1
RD-2020-03,2026-07-17,5,5,0
RD-2020-03,2026-07-18,5,5,0
RD-2020-03,2026-07-19,5,5,0
RD-2020-03,2026-07-20,5,5,0
RD-2020-03,2026-07-21,5,5,0
RD-2020-03,2026-07-22,5,5,0
RD-2020-03,2026-07-23,5,5,0
RD-2020-03,2026-07-24,5,5,0
RD-2020-03,2026-07-25,5,4,1
RD-2020-03,2026-07-26,4,4,0
RD-2020-03,2026-07-27,4,4,0
RD-2020-03,2026-07-28,4,2,2
RD-2020-03,2026-07-29,2,2,0
RD-2020-03,2026-07-30,2,2,0
RD-2020-03,2026-07-31,2,2,0
RD-2020-03,2026-08-01,2,2,0
RD-2020-03,2026-08-02,2,2,0
RD-2020-03,2026-08-03,2,2,0
RD-2020-03,2026-08-04,69,69,0
RD-2020-03,2026-08-05,69,69,0
RD-2020-03,2026-08-06,69,69,0
RD-2020-03,2026-08-07,69,69,0
RD-2020-03,2026-08-08,69,69,0
RD-2020-03,2026-08-09,69,69,0
RD-2020-03,2026-08-10,69,68,1
RD-2020-03,2026-08-11,68,68,0
RD-2020-03,2026-08-12,68,68,0
RD-2020-03,2026-08-13,68,68,0
RD-2020-03,2026-08-14,68,68,0
RD-2020-03,2026-08-15,68,68,0
RD-2020-03,2026-08-16,68,68,0
RD-2020-03,2026-08-17,68,68,0
RD-2020-03,2026-08-18,68,68,0
RD-2020-03,2026-08-19,68,68,0
RD-2020-03,2026-08-20,68,67,1
RD-2020-03,2026-08-21,67,67,0
RD-2020-03,2026-08-22,67,67,0
RD-2020-03,2026-08-23,67,67,0
RD-2020-03,2026-08-24,67,67,0
RD-2020-03,2026-08-25,67,63,4
RD-2020-03,2026-08-26,63,63,0
RD-2020-03,2026-08-27,63,62,1
RD-2020-03,2026-08-28,62,61,1
RD-2030-01,2026-05-01,262,262,0
RD-2030-01,2026-05-02,262,247,15
RD-2030-01,2026-05-03,247,247,0
RD-2030-01,2026-05-04,247,233,14
RD-2030-01,2026-05-05,233,222,11
RD-2030-01,2026-05-06,222,222,0
RD-2030-01,2026-05-07,222,219,3
RD-2030-01,2026-05-08,219,180,39
RD-2030-01,2026-05-09,180,180,0
RD-2030-01,2026-05-10,180,180,0
RD-2030-01,2026-05-11,180,143,37
RD-2030-01,2026-05-12,143,126,17
RD-2030-01,2026-05-13,126,126,0
RD-2030-01,2026-05-14,126,121,5
RD-2030-01,2026-05-15,121,118,3
RD-2030-01,2026-05-16,118,118,0
RD-2030-01,2026-05-17,118,118,0
RD-2030-01,2026-05-18,118,116,2
RD-2030-01,2026-05-19,116,96,20
RD-2030-01,2026-05-20,96,93,3
RD-2030-01,2026-05-21,93,93,0
RD-2030-01,2026-05-22,93,90,3
RD-2030-01,2026-05-23,90,90,0
RD-2030-01,2026-05-24,90,90,0
RD-2030-01,2026-05-25,90,5,85
RD-2030-01,2026-05-26,5,3,2
RD-2030-01,2026-05-27,3,0,3
RD-2030-01,2026-05-28,0,0,0
RD-2030-01,2026-05-29,0,0,0
RD-2030-01,2026-05-30,0,0,0
RD-2030-01,2026-05-31,0,0,0
RD-2030-01,2026-06-01,0,0,0
RD-2030-01,2026-06-02,0,0,0
RD-2030-01,2026-06-03,223,219,4
RD-2030-01,2026-06-04,219,217,2
RD-2030-01,2026-06-05,217,215,2
RD-2030-01,2026-06-06,215,206,9
RD-2030-01,2026-06-07,206,206,0
RD-2030-01,2026-06-08,206,205,1
RD-2030-01,2026-06-09,205,205,0
RD-2030-01,2026-06-10,205,205,0
RD-2030-01,2026-06-11,205,199,6
RD-2030-01,2026-06-12,199,194,5
RD-2030-01,2026-06-13,194,194,0
RD-2030-01,2026-06-14,194,194,0
RD-2030-01,2026-06-15,194,189,5
RD-2030-01,2026-06-16,189,173,16
RD-2030-01,2026-06-17,173,167,6
RD-2030-01,2026-06-18,167,160,7
RD-2030-01,2026-06-19,160,131,29
RD-2030-01,2026-06-20,131,130,1
RD-2030-01,2026-06-21,130,130,0
RD-2030-01,2026-06-22,130,125,5
RD-2030-01,2026-06-23,125,125,0
RD-2030-01,2026-06-24,125,123,2
RD-2030-01,2026-06-25,123,121,2
RD-2030-01,2026-06-26,121,121,0
RD-2030-01,2026-06-27,121,121,0
RD-2030-01,2026-06-28,121,121,0
RD-2030-01,2026-06-29,121,121,0
RD-2030-01,2026-06-30,121,120,1
RD-2030-01,2026-07-01,120,120,0
RD-2030-01,2026-07-02,120,88,32
RD-2030-01,2026-07-03,88,88,0
RD-2030-01,2026-07-04,88,84,4
RD-2030-01,2026-07-05,84,84,0
RD-2030-01,2026-07-06,84,83,1
RD-2030-01,2026-07-07,83,76,7
RD-2030-01,2026-07-08,76,76,0
RD-2030-01,2026-07-09,76,76,0
RD-2030-01,2026-07-10,76,74,2
RD-2030-01,2026-07-11,74,72,2
RD-2030-01,2026-07-12,72,72,0
RD-2030-01,2026-07-13,72,63,9
RD-2030-01,2026-07-14,63,52,11
RD-2030-01,2026-07-15,52,52,0
RD-2030-01,2026-07-16,275,219,56
RD-2030-01,2026-07-17,219,206,13
RD-2030-01,2026-07-18,206,199,7
RD-2030-01,2026-07-19,199,199,0
RD-2030-01,2026-07-20,199,199,0
RD-2030-01,2026-07-21,199,178,21
RD-2030-01,2026-07-22,178,176,2
RD-2030-01,2026-07-23,176,176,0
RD-2030-01,2026-07-24,176,159,17
RD-2030-01,2026-07-25,159,151,8
RD-2030-01,2026-07-26,151,151,0
RD-2030-01,2026-07-27,151,142,9
RD-2030-01,2026-07-28,142,140,2
RD-2030-01,2026-07-29,140,130,10
RD-2030-01,2026-07-30,130,103,27
RD-2030-01,2026-07-31,103,77,26
RD-2030-01,2026-08-01,77,72,5
RD-2030-01,2026-08-02,72,72,0
RD-2030-01,2026-08-03,72,70,2
RD-2030-01,2026-08-04,70,70,0
RD-2030-01,2026-08-05,70,70,0
RD-2030-01,2026-08-06,70,65,5
RD-2030-01,2026-08-07,65,62,3
RD-2030-01,2026-08-08,62,62,0
RD-2030-01,2026-08-09,62,62,0
RD-2030-01,2026-08-10,62,60,2
RD-2030-01,2026-08-11,60,55,5
RD-2030-01,2026-08-12,278,273,5
RD-2030-01,2026-08-13,273,270,3
RD-2030-01,2026-08-14,270,260,10
RD-2030-01,2026-08-15,260,259,1
RD-2030-01,2026-08-16,259,259,0
RD-2030-01,2026-08-17,259,259,0
RD-2030-01,2026-08-18,259,259,0
RD-2030-01,2026-08-19,259,259,0
RD-2030-01,2026-08-20,259,254,5
RD-2030-01,2026-08-21,254,246,8
RD-2030-01,2026-08-22,246,246,0
RD-2030-01,2026-08-23,246,246,0
RD-2030-01,2026-08-24,246,246,0
RD-2030-01,2026-08-25,246,240,6
RD-2030-01,2026-08-26,240,235,5
RD-2030-01,2026-08-27,235,206,29
RD-2030-01,2026-08-28,206,205,1
RD-2030-02,2026-05-01,130,130,0
RD-2030-02,2026-05-02,130,129,1
RD-2030-02,2026-05-03,129,129,0
RD-2030-02,2026-05-04,129,129,0
RD-2030-02,2026-05-05,129,128,1
RD-2030-02,2026-05-06,128,128,0
RD-2030-02,2026-05-07,128,127,1
RD-2030-02,2026-05-08,127,127,0
RD-2030-02,2026-05-09,127,127,0
RD-2030-02,2026-05-10,127,127,0
RD-2030-02,2026-05-11,127,127,0
RD-2030-02,2026-05-12,127,121,6
RD-2030-02,2026-05-13,121,115,6
RD-2030-02,2026-05-14,115,115,0
RD-2030-02,2026-05-15,115,109,6
RD-2030-02,2026-05-16,109,109,0
RD-2030-02,2026-05-17,109,109,0
RD-2030-02,2026-05-18,109,109,0
RD-2030-02,2026-05-19,109,106,3
RD-2030-02,2026-05-20,106,92,14
RD-2030-02,2026-05-21,92,92,0
RD-2030-02,2026-05-22,92,91,1
RD-2030-02,2026-05-23,91,91,0
RD-2030-02,2026-05-24,91,91,0
RD-2030-02,2026-05-25,91,90,1
RD-2030-02,2026-05-26,90,90,0
RD-2030-02,2026-05-27,90,84,6
RD-2030-02,2026-05-28,84,84,0
RD-2030-02,2026-05-29,84,84,0
RD-2030-02,2026-05-30,84,84,0
RD-2030-02,2026-05-31,84,84,0
RD-2030-02,2026-06-01,84,78,6
RD-2030-02,2026-06-02,78,72,6
RD-2030-02,2026-06-03,72,72,0
RD-2030-02,2026-06-04,72,72,0
RD-2030-02,2026-06-05,72,72,0
RD-2030-02,2026-06-06,72,72,0
RD-2030-02,2026-06-07,72,72,0
RD-2030-02,2026-06-08,72,72,0
RD-2030-02,2026-06-09,72,71,1
RD-2030-02,2026-06-10,71,71,0
RD-2030-02,2026-06-11,251,245,6
RD-2030-02,2026-06-12,245,241,4
RD-2030-02,2026-06-13,241,241,0
RD-2030-02,2026-06-14,241,241,0
RD-2030-02,2026-06-15,241,240,1
RD-2030-02,2026-06-16,240,240,0
RD-2030-02,2026-06-17,240,235,5
RD-2030-02,2026-06-18,235,230,5
RD-2030-02,2026-06-19,230,230,0
RD-2030-02,2026-06-20,230,190,40
RD-2030-02,2026-06-21,190,190,0
RD-2030-02,2026-06-22,190,189,1
RD-2030-02,2026-06-23,189,189,0
RD-2030-02,2026-06-24,189,186,3
RD-2030-02,2026-06-25,186,186,0
RD-2030-02,2026-06-26,186,180,6
RD-2030-02,2026-06-27,180,179,1
RD-2030-02,2026-06-28,179,179,0
RD-2030-02,2026-06-29,179,173,6
RD-2030-02,2026-06-30,173,124,49
RD-2030-02,2026-07-01,124,124,0
RD-2030-02,2026-07-02,124,119,5
RD-2030-02,2026-07-03,119,108,11
RD-2030-02,2026-07-04,108,108,0
RD-2030-02,2026-07-05,108,108,0
RD-2030-02,2026-07-06,108,107,1
RD-2030-02,2026-07-07,107,107,0
RD-2030-02,2026-07-08,107,103,4
RD-2030-02,2026-07-09,103,103,0
RD-2030-02,2026-07-10,103,103,0
RD-2030-02,2026-07-11,103,103,0
RD-2030-02,2026-07-12,103,103,0
RD-2030-02,2026-07-13,103,103,0
RD-2030-02,2026-07-14,103,92,11
RD-2030-02,2026-07-15,92,92,0
RD-2030-02,2026-07-16,92,91,1
RD-2030-02,2026-07-17,91,91,0
RD-2030-02,2026-07-18,91,90,1
RD-2030-02,2026-07-19,90,90,0
RD-2030-02,2026-07-20,90,90,0
RD-2030-02,2026-07-21,90,87,3
RD-2030-02,2026-07-22,87,83,4
RD-2030-02,2026-07-23,83,82,1
RD-2030-02,2026-07-24,82,66,16
RD-2030-02,2026-07-25,66,65,1
RD-2030-02,2026-07-26,65,65,0
RD-2030-02,2026-07-27,65,64,1
RD-2030-02,2026-07-28,64,60,4
RD-2030-02,2026-07-29,60,60,0
RD-2030-02,2026-07-30,60,55,5
RD-2030-02,2026-07-31,55,55,0
RD-2030-02,2026-08-01,55,55,0
RD-2030-02,2026-08-02,55,55,0
RD-2030-02,2026-08-03,55,55,0
RD-2030-02,2026-08-04,55,54,1
RD-2030-02,2026-08-05,54,54,0
RD-2030-02,2026-08-06,54,47,7
RD-2030-02,2026-08-07,47,45,2
RD-2030-02,2026-08-08,45,45,0
RD-2030-02,2026-08-09,45,45,0
RD-2030-02,2026-08-10,225,225,0
RD-2030-02,2026-08-11,225,225,0
RD-2030-02,2026-08-12,225,225,0
RD-2030-02,2026-08-13,225,221,4
RD-2030-02,2026-08-14,221,220,1
RD-2030-02,2026-08-15,220,217,3
RD-2030-02,2026-08-16,217,217,0
RD-2030-02,2026-08-17,217,216,1
RD-2030-02,2026-08-18,216,216,0
RD-2030-02,2026-08-19,216,215,1
RD-2030-02,2026-08-20,215,213,2
RD-2030-02,2026-08-21,213,208,5
RD-2030-02,2026-08-22,208,208,0
RD-2030-02,2026-08-23,208,208,0
RD-2030-02,2026-08-24,208,208,0
RD-2030-02,2026-08-25,208,207,1
RD-2030-02,2026-08-26,207,207,0
RD-2030-02,2026-08-27,207,204,3
RD-2030-02,2026-08-28,204,192,12
RD-2030-03,2026-05-01,153,153,0
RD-2030-03,2026-05-02,153,153,0
RD-2030-03,2026-05-03,153,153,0
RD-2030-03,2026-05-04,153,153,0
RD-2030-03,2026-05-05,153,153,0
RD-2030-03,2026-05-06,153,153,0
RD-2030-03,2026-05-07,153,153,0
RD-2030-03,2026-05-08,153,153,0
RD-2030-03,2026-05-09,153,153,0
RD-2030-03,2026-05-10,153,153,0
RD-2030-03,2026-05-11,153,152,1
RD-2030-03,2026-05-12,152,151,1
RD-2030-03,2026-05-13,151,151,0
RD-2030-03,2026-05-14,151,150,1
RD-2030-03,2026-05-15,150,150,0
RD-2030-03,2026-05-16,150,150,0
RD-2030-03,2026-05-17,150,150,0
RD-2030-03,2026-05-18,150,150,0
RD-2030-03,2026-05-19,150,150,0
RD-2030-03,2026-05-20,150,150,0
RD-2030-03,2026-05-21,150,150,0
RD-2030-03,2026-05-22,150,150,0
RD-2030-03,2026-05-23,150,147,3
RD-2030-03,2026-05-24,147,147,0
RD-2030-03,2026-05-25,147,147,0
RD-2030-03,2026-05-26,147,144,3
RD-2030-03,2026-05-27,144,89,55
RD-2030-03,2026-05-28,89,89,0
RD-2030-03,2026-05-29,89,89,0
RD-2030-03,2026-05-30,89,89,0
RD-2030-03,2026-05-31,89,89,0
RD-2030-03,2026-06-01,89,89,0
RD-2030-03,2026-06-02,89,88,1
RD-2030-03,2026-06-03,88,88,0
RD-2030-03,2026-06-04,88,88,0
RD-2030-03,2026-06-05,88,87,1
RD-2030-03,2026-06-06,87,87,0
RD-2030-03,2026-06-07,87,87,0
RD-2030-03,2026-06-08,87,87,0
RD-2030-03,2026-06-09,87,87,0
RD-2030-03,2026-06-10,87,87,0
RD-2030-03,2026-06-11,87,87,0
RD-2030-03,2026-06-12,87,84,3
RD-2030-03,2026-06-13,84,84,0
RD-2030-03,2026-06-14,84,84,0
RD-2030-03,2026-06-15,84,84,0
RD-2030-03,2026-06-16,84,84,0
RD-2030-03,2026-06-17,84,78,6
RD-2030-03,2026-06-18,78,78,0
RD-2030-03,2026-06-19,78,78,0
RD-2030-03,2026-06-20,78,67,11
RD-2030-03,2026-06-21,247,247,0
RD-2030-03,2026-06-22,247,247,0
RD-2030-03,2026-06-23,247,247,0
RD-2030-03,2026-06-24,247,247,0
RD-2030-03,2026-06-25,247,246,1
RD-2030-03,2026-06-26,246,246,0
RD-2030-03,2026-06-27,246,246,0
RD-2030-03,2026-06-28,246,246,0
RD-2030-03,2026-06-29,246,246,0
RD-2030-03,2026-06-30,246,246,0
RD-2030-03,2026-07-01,246,245,1
RD-2030-03,2026-07-02,245,244,1
RD-2030-03,2026-07-03,244,243,1
RD-2030-03,2026-07-04,243,243,0
RD-2030-03,2026-07-05,243,243,0
RD-2030-03,2026-07-06,243,240,3
RD-2030-03,2026-07-07,240,240,0
RD-2030-03,2026-07-08,240,240,0
RD-2030-03,2026-07-09,240,240,0
RD-2030-03,2026-07-10,240,238,2
RD-2030-03,2026-07-11,238,238,0
RD-2030-03,2026-07-12,238,238,0
RD-2030-03,2026-07-13,238,238,0
RD-2030-03,2026-07-14,238,238,0
RD-2030-03,2026-07-15,238,238,0
RD-2030-03,2026-07-16,238,238,0
RD-2030-03,2026-07-17,238,237,1
RD-2030-03,2026-07-18,237,237,0
RD-2030-03,2026-07-19,237,237,0
RD-2030-03,2026-07-20,237,237,0
RD-2030-03,2026-07-21,237,230,7
RD-2030-03,2026-07-22,230,226,4
RD-2030-03,2026-07-23,226,226,0
RD-2030-03,2026-07-24,226,226,0
RD-2030-03,2026-07-25,226,226,0
RD-2030-03,2026-07-26,226,226,0
RD-2030-03,2026-07-27,226,226,0
RD-2030-03,2026-07-28,226,213,13
RD-2030-03,2026-07-29,213,213,0
RD-2030-03,2026-07-30,213,213,0
RD-2030-03,2026-07-31,213,212,1
RD-2030-03,2026-08-01,212,212,0
RD-2030-03,2026-08-02,212,212,0
RD-2030-03,2026-08-03,212,212,0
RD-2030-03,2026-08-04,212,212,0
RD-2030-03,2026-08-05,212,204,8
RD-2030-03,2026-08-06,204,200,4
RD-2030-03,2026-08-07,200,200,0
RD-2030-03,2026-08-08,200,200,0
RD-2030-03,2026-08-09,200,200,0
RD-2030-03,2026-08-10,200,200,0
RD-2030-03,2026-08-11,200,198,2
RD-2030-03,2026-08-12,198,196,2
RD-2030-03,2026-08-13,196,196,0
RD-2030-03,2026-08-14,196,196,0
RD-2030-03,2026-08-15,196,196,0
RD-2030-03,2026-08-16,196,196,0
RD-2030-03,2026-08-17,196,196,0
RD-2030-03,2026-08-18,196,196,0
RD-2030-03,2026-08-19,196,196,0
RD-2030-03,2026-08-20,196,196,0
RD-2030-03,2026-08-21,196,194,2
RD-2030-03,2026-08-22,194,194,0
RD-2030-03,2026-08-23,194,194,0
RD-2030-03,2026-08-24,194,194,0
RD-2030-03,2026-08-25,194,194,0
RD-2030-03,2026-08-26,194,190,4
RD-2030-03,2026-08-27,190,185,5
RD-2030-03,2026-08-28,185,181,4
ND-3001-01,2026-05-01,266,266,0
ND-3001-01,2026-05-02,266,266,0
ND-3001-01,2026-05-03,266,266,0
ND-3001-01,2026-05-04,266,266,0
ND-3001-01,2026-05-05,266,266,0
ND-3001-01,2026-05-06,266,266,0
ND-3001-01,2026-05-07,266,266,0
ND-3001-01,2026-05-08,266,265,1
ND-3001-01,2026-05-09,265,265,0
ND-3001-01,2026-05-10,265,265,0
ND-3001-01,2026-05-11,265,264,1
ND-3001-01,2026-05-12,264,256,8
ND-3001-01,2026-05-13,256,251,5
ND-3001-01,2026-05-14,251,233,18
ND-3001-01,2026-05-15,233,201,32
ND-3001-01,2026-05-16,201,197,4
ND-3001-01,2026-05-17,197,197,0
ND-3001-01,2026-05-18,197,197,0
ND-3001-01,2026-05-19,197,182,15
ND-3001-01,2026-05-20,182,180,2
ND-3001-01,2026-05-21,180,167,13
ND-3001-01,2026-05-22,167,167,0
ND-3001-01,2026-05-23,167,166,1
ND-3001-01,2026-05-24,166,166,0
ND-3001-01,2026-05-25,166,165,1
ND-3001-01,2026-05-26,165,146,19
ND-3001-01,2026-05-27,146,143,3
ND-3001-01,2026-05-28,143,134,9
ND-3001-01,2026-05-29,134,120,14
ND-3001-01,2026-05-30,120,118,2
ND-3001-01,2026-05-31,118,118,0
ND-3001-01,2026-06-01,118,110,8
ND-3001-01,2026-06-02,110,101,9
ND-3001-01,2026-06-03,101,100,1
ND-3001-01,2026-06-04,100,100,0
ND-3001-01,2026-06-05,100,82,18
ND-3001-01,2026-06-06,82,82,0
ND-3001-01,2026-06-07,82,82,0
ND-3001-01,2026-06-08,82,81,1
ND-3001-01,2026-06-09,81,76,5
ND-3001-01,2026-06-10,76,73,3
ND-3001-01,2026-06-11,73,67,6
ND-3001-01,2026-06-12,67,64,3
ND-3001-01,2026-06-13,64,64,0
ND-3001-01,2026-06-14,64,64,0
ND-3001-01,2026-06-15,64,64,0
ND-3001-01,2026-06-16,64,63,1
ND-3001-01,2026-06-17,63,26,37
ND-3001-01,2026-06-18,26,25,1
ND-3001-01,2026-06-19,25,14,11
ND-3001-01,2026-06-20,14,14,0
ND-3001-01,2026-06-21,223,223,0
ND-3001-01,2026-06-22,223,219,4
ND-3001-01,2026-06-23,219,214,5
ND-3001-01,2026-06-24,214,212,2
ND-3001-01,2026-06-25,212,212,0
ND-3001-01,2026-06-26,212,209,3
ND-3001-01,2026-06-27,209,208,1
ND-3001-01,2026-06-28,208,208,0
ND-3001-01,2026-06-29,208,201,7
ND-3001-01,2026-06-30,201,187,14
ND-3001-01,2026-07-01,187,187,0
ND-3001-01,2026-07-02,187,186,1
ND-3001-01,2026-07-03,186,180,6
ND-3001-01,2026-07-04,180,173,7
ND-3001-01,2026-07-05,173,173,0
ND-3001-01,2026-07-06,173,172,1
ND-3001-01,2026-07-07,172,166,6
ND-3001-01,2026-07-08,166,166,0
ND-3001-01,2026-07-09,166,166,0
ND-3001-01,2026-07-10,166,165,1
ND-3001-01,2026-07-11,165,165,0
ND-3001-01,2026-07-12,165,165,0
ND-3001-01,2026-07-13,165,117,48
ND-3001-01,2026-07-14,117,117,0
ND-3001-01,2026-07-15,117,81,36
ND-3001-01,2026-07-16,81,80,1
ND-3001-01,2026-07-17,80,80,0
ND-3001-01,2026-07-18,80,80,0
ND-3001-01,2026-07-19,80,80,0
ND-3001-01,2026-07-20,80,75,5
ND-3001-01,2026-07-21,75,58,17
ND-3001-01,2026-07-22,58,50,8
ND-3001-01,2026-07-23,50,50,0
ND-3001-01,2026-07-24,50,47,3
ND-3001-01,2026-07-25,47,35,12
ND-3001-01,2026-07-26,35,35,0
ND-3001-01,2026-07-27,35,33,2
ND-3001-01,2026-07-28,33,33,0
ND-3001-01,2026-07-29,33,0,33
ND-3001-01,2026-07-30,0,0,0
ND-3001-01,2026-07-31,0,0,0
ND-3001-01,2026-08-01,0,0,0
ND-3001-01,2026-08-02,0,0,0
ND-3001-01,2026-08-03,0,0,0
ND-3001-01,2026-08-04,0,0,0
ND-3001-01,2026-08-05,0,0,0
ND-3001-01,2026-08-06,210,210,0
ND-3001-01,2026-08-07,210,203,7
ND-3001-01,2026-08-08,203,203,0
ND-3001-01,2026-08-09,203,203,0
ND-3001-01,2026-08-10,203,198,5
ND-3001-01,2026-08-11,198,198,0
ND-3001-01,2026-08-12,198,198,0
ND-3001-01,2026-08-13,198,193,5
ND-3001-01,2026-08-14,193,192,1
ND-3001-01,2026-08-15,192,190,2
ND-3001-01,2026-08-16,190,190,0
ND-3001-01,2026-08-17,190,190,0
ND-3001-01,2026-08-18,190,188,2
ND-3001-01,2026-08-19,188,121,67
ND-3001-01,2026-08-20,121,111,10
ND-3001-01,2026-08-21,111,108,3
ND-3001-01,2026-08-22,108,108,0
ND-3001-01,2026-08-23,108,108,0
ND-3001-01,2026-08-24,108,68,40
ND-3001-01,2026-08-25,68,68,0
ND-3001-01,2026-08-26,68,68,0
ND-3001-01,2026-08-27,68,59,9
ND-3001-01,2026-08-28,59,48,11
ND-3001-02,2026-05-01,26,26,0
ND-3001-02,2026-05-02,26,26,0
ND-3001-02,2026-05-03,26,26,0
ND-3001-02,2026-05-04,26,26,0
ND-3001-02,2026-05-05,26,25,1
ND-3001-02,2026-05-06,25,25,0
ND-3001-02,2026-05-07,25,25,0
ND-3001-02,2026-05-08,25,25,0
ND-3001-02,2026-05-09,25,25,0
ND-3001-02,2026-05-10,25,25,0
ND-3001-02,2026-05-11,25,24,1
ND-3001-02,2026-05-12,24,24,0
ND-3001-02,2026-05-13,24,24,0
ND-3001-02,2026-05-14,24,24,0
ND-3001-02,2026-05-15,24,24,0
ND-3001-02,2026-05-16,24,24,0
ND-3001-02,2026-05-17,24,24,0
ND-3001-02,2026-05-18,24,24,0
ND-3001-02,2026-05-19,24,23,1
ND-3001-02,2026-05-20,23,22,1
ND-3001-02,2026-05-21,22,21,1
ND-3001-02,2026-05-22,21,20,1
ND-3001-02,2026-05-23,20,20,0
ND-3001-02,2026-05-24,20,20,0
ND-3001-02,2026-05-25,20,20,0
ND-3001-02,2026-05-26,20,20,0
ND-3001-02,2026-05-27,20,20,0
ND-3001-02,2026-05-28,20,18,2
ND-3001-02,2026-05-29,18,17,1
ND-3001-02,2026-05-30,17,17,0
ND-3001-02,2026-05-31,17,17,0
ND-3001-02,2026-06-01,17,17,0
ND-3001-02,2026-06-02,17,17,0
ND-3001-02,2026-06-03,17,17,0
ND-3001-02,2026-06-04,17,17,0
ND-3001-02,2026-06-05,17,17,0
ND-3001-02,2026-06-06,17,17,0
ND-3001-02,2026-06-07,17,17,0
ND-3001-02,2026-06-08,17,13,4
ND-3001-02,2026-06-09,13,13,0
ND-3001-02,2026-06-10,13,13,0
ND-3001-02,2026-06-11,13,13,0
ND-3001-02,2026-06-12,13,13,0
ND-3001-02,2026-06-13,13,13,0
ND-3001-02,2026-06-14,13,13,0
ND-3001-02,2026-06-15,13,13,0
ND-3001-02,2026-06-16,13,13,0
ND-3001-02,2026-06-17,13,13,0
ND-3001-02,2026-06-18,13,13,0
ND-3001-02,2026-06-19,13,13,0
ND-3001-02,2026-06-20,13,13,0
ND-3001-02,2026-06-21,13,13,0
ND-3001-02,2026-06-22,13,13,0
ND-3001-02,2026-06-23,13,11,2
ND-3001-02,2026-06-24,11,11,0
ND-3001-02,2026-06-25,11,10,1
ND-3001-02,2026-06-26,10,9,1
ND-3001-02,2026-06-27,9,9,0
ND-3001-02,2026-06-28,9,9,0
ND-3001-02,2026-06-29,9,8,1
ND-3001-02,2026-06-30,8,8,0
ND-3001-02,2026-07-01,8,7,1
ND-3001-02,2026-07-02,7,5,2
ND-3001-02,2026-07-03,5,0,5
ND-3001-02,2026-07-04,0,0,0
ND-3001-02,2026-07-05,36,36,0
ND-3001-02,2026-07-06,36,36,0
ND-3001-02,2026-07-07,36,36,0
ND-3001-02,2026-07-08,36,34,2
ND-3001-02,2026-07-09,34,34,0
ND-3001-02,2026-07-10,34,34,0
ND-3001-02,2026-07-11,34,33,1
ND-3001-02,2026-07-12,33,33,0
ND-3001-02,2026-07-13,33,32,1
ND-3001-02,2026-07-14,32,32,0
ND-3001-02,2026-07-15,32,32,0
ND-3001-02,2026-07-16,32,28,4
ND-3001-02,2026-07-17,28,28,0
ND-3001-02,2026-07-18,28,28,0
ND-3001-02,2026-07-19,28,28,0
ND-3001-02,2026-07-20,28,23,5
ND-3001-02,2026-07-21,23,23,0
ND-3001-02,2026-07-22,23,23,0
ND-3001-02,2026-07-23,23,23,0
ND-3001-02,2026-07-24,23,23,0
ND-3001-02,2026-07-25,23,20,3
ND-3001-02,2026-07-26,20,20,0
ND-3001-02,2026-07-27,20,17,3
ND-3001-02,2026-07-28,17,17,0
ND-3001-02,2026-07-29,17,17,0
ND-3001-02,2026-07-30,17,17,0
ND-3001-02,2026-07-31,17,17,0
ND-3001-02,2026-08-01,17,17,0
ND-3001-02,2026-08-02,17,17,0
ND-3001-02,2026-08-03,17,17,0
ND-3001-02,2026-08-04,17,16,1
ND-3001-02,2026-08-05,16,13,3
ND-3001-02,2026-08-06,13,13,0
ND-3001-02,2026-08-07,13,12,1
ND-3001-02,2026-08-08,12,12,0
ND-3001-02,2026-08-09,12,12,0
ND-3001-02,2026-08-10,12,12,0
ND-3001-02,2026-08-11,12,10,2
ND-3001-02,2026-08-12,10,9,1
ND-3001-02,2026-08-13,9,9,0
ND-3001-02,2026-08-14,9,6,3
ND-3001-02,2026-08-15,6,6,0
ND-3001-02,2026-08-16,6,6,0
ND-3001-02,2026-08-17,6,3,3
ND-3001-02,2026-08-18,3,3,0
ND-3001-02,2026-08-19,3,3,0
ND-3001-02,2026-08-20,3,3,0
ND-3001-02,2026-08-21,3,3,0
ND-3001-02,2026-08-22,3,3,0
ND-3001-02,2026-08-23,3,3,0
ND-3001-02,2026-08-24,3,2,1
ND-3001-02,2026-08-25,2,2,0
ND-3001-02,2026-08-26,2,2,0
ND-3001-02,2026-08-27,2,2,0
ND-3001-02,2026-08-28,2,2,0
ND-3002-01,2026-05-01,87,87,0
ND-3002-01,2026-05-02,87,87,0
ND-3002-01,2026-05-03,87,87,0
ND-3002-01,2026-05-04,87,79,8
ND-3002-01,2026-05-05,79,79,0
ND-3002-01,2026-05-06,79,78,1
ND-3002-01,2026-05-07,78,76,2
ND-3002-01,2026-05-08,76,74,2
ND-3002-01,2026-05-09,74,74,0
ND-3002-01,2026-05-10,74,74,0
ND-3002-01,2026-05-11,74,73,1
ND-3002-01,2026-05-12,73,69,4
ND-3002-01,2026-05-13,69,67,2
ND-3002-01,2026-05-14,67,64,3
ND-3002-01,2026-05-15,64,63,1
ND-3002-01,2026-05-16,63,62,1
ND-3002-01,2026-05-17,62,62,0
ND-3002-01,2026-05-18,62,62,0
ND-3002-01,2026-05-19,62,62,0
ND-3002-01,2026-05-20,62,62,0
ND-3002-01,2026-05-21,62,62,0
ND-3002-01,2026-05-22,62,62,0
ND-3002-01,2026-05-23,62,62,0
ND-3002-01,2026-05-24,62,62,0
ND-3002-01,2026-05-25,62,62,0
ND-3002-01,2026-05-26,62,62,0
ND-3002-01,2026-05-27,62,61,1
ND-3002-01,2026-05-28,61,61,0
ND-3002-01,2026-05-29,61,59,2
ND-3002-01,2026-05-30,59,54,5
ND-3002-01,2026-05-31,54,54,0
ND-3002-01,2026-06-01,54,46,8
ND-3002-01,2026-06-02,46,43,3
ND-3002-01,2026-06-03,43,43,0
ND-3002-01,2026-06-04,43,43,0
ND-3002-01,2026-06-05,43,42,1
ND-3002-01,2026-06-06,42,42,0
ND-3002-01,2026-06-07,42,42,0
ND-3002-01,2026-06-08,42,41,1
ND-3002-01,2026-06-09,41,36,5
ND-3002-01,2026-06-10,36,10,26
ND-3002-01,2026-06-11,10,10,0
ND-3002-01,2026-06-12,10,8,2
ND-3002-01,2026-06-13,8,8,0
ND-3002-01,2026-06-14,8,8,0
ND-3002-01,2026-06-15,8,6,2
ND-3002-01,2026-06-16,6,3,3
ND-3002-01,2026-06-17,3,0,3
ND-3002-01,2026-06-18,85,84,1
ND-3002-01,2026-06-19,84,81,3
ND-3002-01,2026-06-20,81,81,0
ND-3002-01,2026-06-21,81,81,0
ND-3002-01,2026-06-22,81,81,0
ND-3002-01,2026-06-23,81,76,5
ND-3002-01,2026-06-24,76,76,0
ND-3002-01,2026-06-25,76,75,1
ND-3002-01,2026-06-26,75,71,4
ND-3002-01,2026-06-27,71,71,0
ND-3002-01,2026-06-28,71,71,0
ND-3002-01,2026-06-29,71,71,0
ND-3002-01,2026-06-30,71,64,7
ND-3002-01,2026-07-01,64,59,5
ND-3002-01,2026-07-02,59,57,2
ND-3002-01,2026-07-03,57,55,2
ND-3002-01,2026-07-04,55,54,1
ND-3002-01,2026-07-05,54,54,0
ND-3002-01,2026-07-06,54,28,26
ND-3002-01,2026-07-07,28,28,0
ND-3002-01,2026-07-08,28,26,2
ND-3002-01,2026-07-09,26,26,0
ND-3002-01,2026-07-10,26,22,4
ND-3002-01,2026-07-11,22,22,0
ND-3002-01,2026-07-12,22,22,0
ND-3002-01,2026-07-13,22,0,22
ND-3002-01,2026-07-14,0,0,0
ND-3002-01,2026-07-15,0,0,0
ND-3002-01,2026-07-16,0,0,0
ND-3002-01,2026-07-17,0,0,0
ND-3002-01,2026-07-18,0,0,0
ND-3002-01,2026-07-19,0,0,0
ND-3002-01,2026-07-20,0,0,0
ND-3002-01,2026-07-21,0,0,0
ND-3002-01,2026-07-22,0,0,0
ND-3002-01,2026-07-23,85,85,0
ND-3002-01,2026-07-24,85,79,6
ND-3002-01,2026-07-25,79,77,2
ND-3002-01,2026-07-26,77,77,0
ND-3002-01,2026-07-27,77,74,3
ND-3002-01,2026-07-28,74,69,5
ND-3002-01,2026-07-29,69,63,6
ND-3002-01,2026-07-30,63,61,2
ND-3002-01,2026-07-31,61,60,1
ND-3002-01,2026-08-01,60,60,0
ND-3002-01,2026-08-02,60,60,0
ND-3002-01,2026-08-03,60,52,8
ND-3002-01,2026-08-04,52,52,0
ND-3002-01,2026-08-05,52,52,0
ND-3002-01,2026-08-06,52,51,1
ND-3002-01,2026-08-07,51,51,0
ND-3002-01,2026-08-08,51,49,2
ND-3002-01,2026-08-09,49,49,0
ND-3002-01,2026-08-10,49,45,4
ND-3002-01,2026-08-11,45,44,1
ND-3002-01,2026-08-12,44,0,44
ND-3002-01,2026-08-13,0,0,0
ND-3002-01,2026-08-14,0,0,0
ND-3002-01,2026-08-15,0,0,0
ND-3002-01,2026-08-16,0,0,0
ND-3002-01,2026-08-17,0,0,0
ND-3002-01,2026-08-18,0,0,0
ND-3002-01,2026-08-19,0,0,0
ND-3002-01,2026-08-20,0,0,0
ND-3002-01,2026-08-21,85,80,5
ND-3002-01,2026-08-22,80,80,0
ND-3002-01,2026-08-23,80,80,0
ND-3002-01,2026-08-24,80,72,8
ND-3002-01,2026-08-25,72,71,1
ND-3002-01,2026-08-26,71,62,9
ND-3002-01,2026-08-27,62,62,0
ND-3002-01,2026-08-28,62,61,1
ND-3002-02,2026-05-01,13,13,0
ND-3002-02,2026-05-02,13,13,0
ND-3002-02,2026-05-03,13,13,0
ND-3002-02,2026-05-04,13,13,0
ND-3002-02,2026-05-05,13,13,0
ND-3002-02,2026-05-06,13,13,0
ND-3002-02,2026-05-07,13,13,0
ND-3002-02,2026-05-08,13,12,1
ND-3002-02,2026-05-09,12,12,0
ND-3002-02,2026-05-10,12,12,0
ND-3002-02,2026-05-11,12,12,0
ND-3002-02,2026-05-12,12,12,0
ND-3002-02,2026-05-13,12,9,3
ND-3002-02,2026-05-14,9,9,0
ND-3002-02,2026-05-15,9,9,0
ND-3002-02,2026-05-16,9,9,0
ND-3002-02,2026-05-17,9,9,0
ND-3002-02,2026-05-18,9,8,1
ND-3002-02,2026-05-19,8,8,0
ND-3002-02,2026-05-20,8,8,0
ND-3002-02,2026-05-21,8,8,0
ND-3002-02,2026-05-22,8,8,0
ND-3002-02,2026-05-23,8,8,0
ND-3002-02,2026-05-24,8,8,0
ND-3002-02,2026-05-25,8,7,1
ND-3002-02,2026-05-26,7,7,0
ND-3002-02,2026-05-27,7,7,0
ND-3002-02,2026-05-28,7,7,0
ND-3002-02,2026-05-29,7,6,1
ND-3002-02,2026-05-30,33,29,4
ND-3002-02,2026-05-31,29,29,0
ND-3002-02,2026-06-01,29,28,1
ND-3002-02,2026-06-02,28,28,0
ND-3002-02,2026-06-03,28,28,0
ND-3002-02,2026-06-04,28,28,0
ND-3002-02,2026-06-05,28,27,1
ND-3002-02,2026-06-06,27,27,0
ND-3002-02,2026-06-07,27,27,0
ND-3002-02,2026-06-08,27,27,0
ND-3002-02,2026-06-09,27,27,0
ND-3002-02,2026-06-10,27,26,1
ND-3002-02,2026-06-11,26,26,0
ND-3002-02,2026-06-12,26,26,0
ND-3002-02,2026-06-13,26,26,0
ND-3002-02,2026-06-14,26,26,0
ND-3002-02,2026-06-15,26,24,2
ND-3002-02,2026-06-16,24,24,0
ND-3002-02,2026-06-17,24,24,0
ND-3002-02,2026-06-18,24,24,0
ND-3002-02,2026-06-19,24,24,0
ND-3002-02,2026-06-20,24,24,0
ND-3002-02,2026-06-21,24,24,0
ND-3002-02,2026-06-22,24,16,8
ND-3002-02,2026-06-23,16,16,0
ND-3002-02,2026-06-24,16,16,0
ND-3002-02,2026-06-25,16,11,5
ND-3002-02,2026-06-26,11,11,0
ND-3002-02,2026-06-27,11,11,0
ND-3002-02,2026-06-28,11,11,0
ND-3002-02,2026-06-29,11,10,1
ND-3002-02,2026-06-30,10,10,0
ND-3002-02,2026-07-01,10,10,0
ND-3002-02,2026-07-02,10,10,0
ND-3002-02,2026-07-03,10,10,0
ND-3002-02,2026-07-04,10,10,0
ND-3002-02,2026-07-05,10,10,0
ND-3002-02,2026-07-06,10,9,1
ND-3002-02,2026-07-07,9,9,0
ND-3002-02,2026-07-08,9,9,0
ND-3002-02,2026-07-09,9,9,0
ND-3002-02,2026-07-10,9,9,0
ND-3002-02,2026-07-11,9,9,0
ND-3002-02,2026-07-12,9,9,0
ND-3002-02,2026-07-13,9,7,2
ND-3002-02,2026-07-14,7,6,1
ND-3002-02,2026-07-15,6,6,0
ND-3002-02,2026-07-16,6,6,0
ND-3002-02,2026-07-17,6,6,0
ND-3002-02,2026-07-18,6,6,0
ND-3002-02,2026-07-19,6,6,0
ND-3002-02,2026-07-20,6,6,0
ND-3002-02,2026-07-21,6,0,6
ND-3002-02,2026-07-22,0,0,0
ND-3002-02,2026-07-23,0,0,0
ND-3002-02,2026-07-24,0,0,0
ND-3002-02,2026-07-25,0,0,0
ND-3002-02,2026-07-26,0,0,0
ND-3002-02,2026-07-27,0,0,0
ND-3002-02,2026-07-28,0,0,0
ND-3002-02,2026-07-29,0,0,0
ND-3002-02,2026-07-30,0,0,0
ND-3002-02,2026-07-31,27,25,2
ND-3002-02,2026-08-01,25,25,0
ND-3002-02,2026-08-02,25,25,0
ND-3002-02,2026-08-03,25,25,0
ND-3002-02,2026-08-04,25,24,1
ND-3002-02,2026-08-05,24,24,0
ND-3002-02,2026-08-06,24,24,0
ND-3002-02,2026-08-07,24,24,0
ND-3002-02,2026-08-08,24,24,0
ND-3002-02,2026-08-09,24,24,0
ND-3002-02,2026-08-10,24,22,2
ND-3002-02,2026-08-11,22,22,0
ND-3002-02,2026-08-12,22,22,0
ND-3002-02,2026-08-13,22,22,0
ND-3002-02,2026-08-14,22,22,0
ND-3002-02,2026-08-15,22,22,0
ND-3002-02,2026-08-16,22,22,0
ND-3002-02,2026-08-17,22,21,1
ND-3002-02,2026-08-18,21,20,1
ND-3002-02,2026-08-19,20,17,3
ND-3002-02,2026-08-20,17,17,0
ND-3002-02,2026-08-21,17,17,0
ND-3002-02,2026-08-22,17,17,0
ND-3002-02,2026-08-23,17,17,0
ND-3002-02,2026-08-24,17,17,0
ND-3002-02,2026-08-25,17,15,2
ND-3002-02,2026-08-26,15,15,0
ND-3002-02,2026-08-27,15,10,5
ND-3002-02,2026-08-28,10,6,4
ND-3010-01,2026-05-01,51,51,0
ND-3010-01,2026-05-02,51,51,0
ND-3010-01,2026-05-03,51,51,0
ND-3010-01,2026-05-04,51,51,0
ND-3010-01,2026-05-05,51,51,0
ND-3010-01,2026-05-06,51,47,4
ND-3010-01,2026-05-07,47,46,1
ND-3010-01,2026-05-08,46,45,1
ND-3010-01,2026-05-09,45,45,0
ND-3010-01,2026-05-10,45,45,0
ND-3010-01,2026-05-11,45,43,2
ND-3010-01,2026-05-12,43,37,6
ND-3010-01,2026-05-13,37,36,1
ND-3010-01,2026-05-14,36,35,1
ND-3010-01,2026-05-15,35,35,0
ND-3010-01,2026-05-16,35,35,0
ND-3010-01,2026-05-17,35,35,0
ND-3010-01,2026-05-18,35,35,0
ND-3010-01,2026-05-19,35,34,1
ND-3010-01,2026-05-20,34,34,0
ND-3010-01,2026-05-21,34,32,2
ND-3010-01,2026-05-22,32,31,1
ND-3010-01,2026-05-23,31,31,0
ND-3010-01,2026-05-24,31,31,0
ND-3010-01,2026-05-25,31,31,0
ND-3010-01,2026-05-26,31,31,0
ND-3010-01,2026-05-27,31,31,0
ND-3010-01,2026-05-28,31,25,6
ND-3010-01,2026-05-29,25,25,0
ND-3010-01,2026-05-30,25,25,0
ND-3010-01,2026-05-31,25,25,0
ND-3010-01,2026-06-01,25,22,3
ND-3010-01,2026-06-02,22,22,0
ND-3010-01,2026-06-03,22,22,0
ND-3010-01,2026-06-04,22,22,0
ND-3010-01,2026-06-05,70,68,2
ND-3010-01,2026-06-06,68,68,0
ND-3010-01,2026-06-07,68,68,0
ND-3010-01,2026-06-08,68,68,0
ND-3010-01,2026-06-09,68,68,0
ND-3010-01,2026-06-10,68,68,0
ND-3010-01,2026-06-11,68,68,0
ND-3010-01,2026-06-12,68,67,1
ND-3010-01,2026-06-13,67,67,0
ND-3010-01,2026-06-14,67,67,0
ND-3010-01,2026-06-15,67,66,1
ND-3010-01,2026-06-16,66,60,6
ND-3010-01,2026-06-17,60,60,0
ND-3010-01,2026-06-18,60,59,1
ND-3010-01,2026-06-19,59,56,3
ND-3010-01,2026-06-20,56,56,0
ND-3010-01,2026-06-21,56,56,0
ND-3010-01,2026-06-22,56,55,1
ND-3010-01,2026-06-23,55,55,0
ND-3010-01,2026-06-24,55,55,0
ND-3010-01,2026-06-25,55,50,5
ND-3010-01,2026-06-26,50,48,2
ND-3010-01,2026-06-27,48,47,1
ND-3010-01,2026-06-28,47,47,0
ND-3010-01,2026-06-29,47,47,0
ND-3010-01,2026-06-30,47,46,1
ND-3010-01,2026-07-01,46,4,42
ND-3010-01,2026-07-02,4,4,0
ND-3010-01,2026-07-03,4,0,4
ND-3010-01,2026-07-04,0,0,0
ND-3010-01,2026-07-05,0,0,0
ND-3010-01,2026-07-06,0,0,0
ND-3010-01,2026-07-07,0,0,0
ND-3010-01,2026-07-08,0,0,0
ND-3010-01,2026-07-09,0,0,0
ND-3010-01,2026-07-10,0,0,0
ND-3010-01,2026-07-11,0,0,0
ND-3010-01,2026-07-12,0,0,0
ND-3010-01,2026-07-13,0,0,0
ND-3010-01,2026-07-14,0,0,0
ND-3010-01,2026-07-15,0,0,0
ND-3010-01,2026-07-16,0,0,0
ND-3010-01,2026-07-17,0,0,0
ND-3010-01,2026-07-18,0,0,0
ND-3010-01,2026-07-19,0,0,0
ND-3010-01,2026-07-20,0,0,0
ND-3010-01,2026-07-21,0,0,0
ND-3010-01,2026-07-22,0,0,0
ND-3010-01,2026-07-23,0,0,0
ND-3010-01,2026-07-24,48,47,1
ND-3010-01,2026-07-25,47,47,0
ND-3010-01,2026-07-26,47,47,0
ND-3010-01,2026-07-27,47,47,0
ND-3010-01,2026-07-28,47,47,0
ND-3010-01,2026-07-29,47,45,2
ND-3010-01,2026-07-30,45,45,0
ND-3010-01,2026-07-31,45,44,1
ND-3010-01,2026-08-01,44,42,2
ND-3010-01,2026-08-02,42,42,0
ND-3010-01,2026-08-03,42,41,1
ND-3010-01,2026-08-04,41,41,0
ND-3010-01,2026-08-05,41,40,1
ND-3010-01,2026-08-06,40,38,2
ND-3010-01,2026-08-07,38,38,0
ND-3010-01,2026-08-08,38,38,0
ND-3010-01,2026-08-09,38,38,0
ND-3010-01,2026-08-10,38,38,0
ND-3010-01,2026-08-11,38,38,0
ND-3010-01,2026-08-12,38,30,8
ND-3010-01,2026-08-13,30,28,2
ND-3010-01,2026-08-14,28,27,1
ND-3010-01,2026-08-15,27,26,1
ND-3010-01,2026-08-16,26,26,0
ND-3010-01,2026-08-17,26,22,4
ND-3010-01,2026-08-18,22,17,5
ND-3010-01,2026-08-19,17,17,0
ND-3010-01,2026-08-20,17,17,0
ND-3010-01,2026-08-21,17,8,9
ND-3010-01,2026-08-22,8,6,2
ND-3010-01,2026-08-23,6,6,0
ND-3010-01,2026-08-24,6,6,0
ND-3010-01,2026-08-25,6,0,6
ND-3010-01,2026-08-26,0,0,0
ND-3010-01,2026-08-27,0,0,0
ND-3010-01,2026-08-28,48,47,1
ND-3010-02,2026-05-01,23,23,0
ND-3010-02,2026-05-02,23,23,0
ND-3010-02,2026-05-03,23,23,0
ND-3010-02,2026-05-04,23,22,1
ND-3010-02,2026-05-05,22,22,0
ND-3010-02,2026-05-06,22,22,0
ND-3010-02,2026-05-07,22,22,0
ND-3010-02,2026-05-08,22,22,0
ND-3010-02,2026-05-09,22,22,0
ND-3010-02,2026-05-10,22,22,0
ND-3010-02,2026-05-11,22,22,0
ND-3010-02,2026-05-12,22,22,0
ND-3010-02,2026-05-13,22,22,0
ND-3010-02,2026-05-14,22,22,0
ND-3010-02,2026-05-15,22,22,0
ND-3010-02,2026-05-16,22,21,1
ND-3010-02,2026-05-17,21,21,0
ND-3010-02,2026-05-18,21,21,0
ND-3010-02,2026-05-19,21,21,0
ND-3010-02,2026-05-20,21,21,0
ND-3010-02,2026-05-21,21,21,0
ND-3010-02,2026-05-22,21,19,2
ND-3010-02,2026-05-23,19,19,0
ND-3010-02,2026-05-24,19,19,0
ND-3010-02,2026-05-25,19,19,0
ND-3010-02,2026-05-26,19,19,0
ND-3010-02,2026-05-27,19,19,0
ND-3010-02,2026-05-28,19,18,1
ND-3010-02,2026-05-29,18,17,1
ND-3010-02,2026-05-30,17,17,0
ND-3010-02,2026-05-31,17,17,0
ND-3010-02,2026-06-01,17,17,0
ND-3010-02,2026-06-02,17,17,0
ND-3010-02,2026-06-03,17,17,0
ND-3010-02,2026-06-04,17,17,0
ND-3010-02,2026-06-05,17,17,0
ND-3010-02,2026-06-06,17,17,0
ND-3010-02,2026-06-07,17,17,0
ND-3010-02,2026-06-08,17,17,0
ND-3010-02,2026-06-09,17,17,0
ND-3010-02,2026-06-10,17,16,1
ND-3010-02,2026-06-11,16,16,0
ND-3010-02,2026-06-12,16,14,2
ND-3010-02,2026-06-13,14,14,0
ND-3010-02,2026-06-14,14,14,0
ND-3010-02,2026-06-15,14,9,5
ND-3010-02,2026-06-16,9,9,0
ND-3010-02,2026-06-17,9,9,0
ND-3010-02,2026-06-18,9,8,1
ND-3010-02,2026-06-19,8,8,0
ND-3010-02,2026-06-20,8,8,0
ND-3010-02,2026-06-21,8,8,0
ND-3010-02,2026-06-22,8,8,0
ND-3010-02,2026-06-23,8,8,0
ND-3010-02,2026-06-24,8,8,0
ND-3010-02,2026-06-25,8,8,0
ND-3010-02,2026-06-26,8,8,0
ND-3010-02,2026-06-27,8,8,0
ND-3010-02,2026-06-28,8,8,0
ND-3010-02,2026-06-29,8,8,0
ND-3010-02,2026-06-30,8,8,0
ND-3010-02,2026-07-01,8,6,2
ND-3010-02,2026-07-02,6,6,0
ND-3010-02,2026-07-03,6,6,0
ND-3010-02,2026-07-04,6,5,1
ND-3010-02,2026-07-05,5,5,0
ND-3010-02,2026-07-06,5,5,0
ND-3010-02,2026-07-07,5,4,1
ND-3010-02,2026-07-08,4,3,1
ND-3010-02,2026-07-09,3,3,0
ND-3010-02,2026-07-10,25,23,2
ND-3010-02,2026-07-11,23,23,0
ND-3010-02,2026-07-12,23,23,0
ND-3010-02,2026-07-13,23,23,0
ND-3010-02,2026-07-14,23,17,6
ND-3010-02,2026-07-15,17,17,0
ND-3010-02,2026-07-16,17,17,0
ND-3010-02,2026-07-17,17,17,0
ND-3010-02,2026-07-18,17,16,1
ND-3010-02,2026-07-19,16,16,0
ND-3010-02,2026-07-20,16,15,1
ND-3010-02,2026-07-21,15,15,0
ND-3010-02,2026-07-22,15,12,3
ND-3010-02,2026-07-23,12,12,0
ND-3010-02,2026-07-24,12,11,1
ND-3010-02,2026-07-25,11,11,0
ND-3010-02,2026-07-26,11,11,0
ND-3010-02,2026-07-27,11,11,0
ND-3010-02,2026-07-28,11,11,0
ND-3010-02,2026-07-29,11,0,11
ND-3010-02,2026-07-30,0,0,0
ND-3010-02,2026-07-31,0,0,0
ND-3010-02,2026-08-01,0,0,0
ND-3010-02,2026-08-02,0,0,0
ND-3010-02,2026-08-03,0,0,0
ND-3010-02,2026-08-04,0,0,0
ND-3010-02,2026-08-05,0,0,0
ND-3010-02,2026-08-06,0,0,0
ND-3010-02,2026-08-07,0,0,0
ND-3010-02,2026-08-08,0,0,0
ND-3010-02,2026-08-09,0,0,0
ND-3010-02,2026-08-10,0,0,0
ND-3010-02,2026-08-11,0,0,0
ND-3010-02,2026-08-12,0,0,0
ND-3010-02,2026-08-13,0,0,0
ND-3010-02,2026-08-14,0,0,0
ND-3010-02,2026-08-15,0,0,0
ND-3010-02,2026-08-16,22,22,0
ND-3010-02,2026-08-17,22,22,0
ND-3010-02,2026-08-18,22,21,1
ND-3010-02,2026-08-19,21,21,0
ND-3010-02,2026-08-20,21,13,8
ND-3010-02,2026-08-21,13,12,1
ND-3010-02,2026-08-22,12,11,1
ND-3010-02,2026-08-23,11,11,0
ND-3010-02,2026-08-24,11,11,0
ND-3010-02,2026-08-25,11,11,0
ND-3010-02,2026-08-26,11,10,1
ND-3010-02,2026-08-27,10,10,0
ND-3010-02,2026-08-28,10,10,0
JD-4001-01,2026-05-01,629,629,0
JD-4001-01,2026-05-02,629,629,0
JD-4001-01,2026-05-03,629,629,0
JD-4001-01,2026-05-04,629,624,5
JD-4001-01,2026-05-05,624,624,0
JD-4001-01,2026-05-06,624,604,20
JD-4001-01,2026-05-07,604,592,12
JD-4001-01,2026-05-08,592,550,42
JD-4001-01,2026-05-09,550,550,0
JD-4001-01,2026-05-10,550,550,0
JD-4001-01,2026-05-11,550,550,0
JD-4001-01,2026-05-12,550,474,76
JD-4001-01,2026-05-13,474,466,8
JD-4001-01,2026-05-14,466,453,13
JD-4001-01,2026-05-15,453,442,11
JD-4001-01,2026-05-16,442,441,1
JD-4001-01,2026-05-17,441,441,0
JD-4001-01,2026-05-18,441,434,7
JD-4001-01,2026-05-19,434,428,6
JD-4001-01,2026-05-20,428,394,34
JD-4001-01,2026-05-21,394,394,0
JD-4001-01,2026-05-22,394,390,4
JD-4001-01,2026-05-23,390,389,1
JD-4001-01,2026-05-24,389,389,0
JD-4001-01,2026-05-25,389,387,2
JD-4001-01,2026-05-26,387,383,4
JD-4001-01,2026-05-27,383,382,1
JD-4001-01,2026-05-28,382,382,0
JD-4001-01,2026-05-29,382,364,18
JD-4001-01,2026-05-30,364,362,2
JD-4001-01,2026-05-31,362,362,0
JD-4001-01,2026-06-01,362,345,17
JD-4001-01,2026-06-02,345,336,9
JD-4001-01,2026-06-03,336,328,8
JD-4001-01,2026-06-04,328,328,0
JD-4001-01,2026-06-05,328,328,0
JD-4001-01,2026-06-06,328,328,0
JD-4001-01,2026-06-07,328,328,0
JD-4001-01,2026-06-08,328,322,6
JD-4001-01,2026-06-09,322,319,3
JD-4001-01,2026-06-10,319,319,0
JD-4001-01,2026-06-11,319,319,0
JD-4001-01,2026-06-12,319,312,7
JD-4001-01,2026-06-13,312,312,0
JD-4001-01,2026-06-14,312,312,0
JD-4001-01,2026-06-15,312,312,0
JD-4001-01,2026-06-16,312,290,22
JD-4001-01,2026-06-17,290,174,116
JD-4001-01,2026-06-18,174,142,32
JD-4001-01,2026-06-19,142,91,51
JD-4001-01,2026-06-20,91,72,19
JD-4001-01,2026-06-21,72,72,0
JD-4001-01,2026-06-22,72,49,23
JD-4001-01,2026-06-23,49,14,35
JD-4001-01,2026-06-24,14,0,14
JD-4001-01,2026-06-25,0,0,0
JD-4001-01,2026-06-26,0,0,0
JD-4001-01,2026-06-27,0,0,0
JD-4001-01,2026-06-28,0,0,0
JD-4001-01,2026-06-29,0,0,0
JD-4001-01,2026-06-30,0,0,0
JD-4001-01,2026-07-01,0,0,0
JD-4001-01,2026-07-02,0,0,0
JD-4001-01,2026-07-03,537,513,24
JD-4001-01,2026-07-04,513,513,0
JD-4001-01,2026-07-05,513,513,0
JD-4001-01,2026-07-06,513,510,3
JD-4001-01,2026-07-07,510,510,0
JD-4001-01,2026-07-08,510,462,48
JD-4001-01,2026-07-09,462,462,0
JD-4001-01,2026-07-10,462,382,80
JD-4001-01,2026-07-11,382,377,5
JD-4001-01,2026-07-12,377,377,0
JD-4001-01,2026-07-13,377,338,39
JD-4001-01,2026-07-14,338,323,15
JD-4001-01,2026-07-15,323,310,13
JD-4001-01,2026-07-16,310,290,20
JD-4001-01,2026-07-17,290,288,2
JD-4001-01,2026-07-18,288,287,1
JD-4001-01,2026-07-19,287,287,0
JD-4001-01,2026-07-20,287,261,26
JD-4001-01,2026-07-21,261,261,0
JD-4001-01,2026-07-22,261,258,3
JD-4001-01,2026-07-23,258,235,23
JD-4001-01,2026-07-24,235,184,51
JD-4001-01,2026-07-25,184,160,24
JD-4001-01,2026-07-26,160,160,0
JD-4001-01,2026-07-27,160,108,52
JD-4001-01,2026-07-28,108,108,0
JD-4001-01,2026-07-29,108,94,14
JD-4001-01,2026-07-30,94,94,0
JD-4001-01,2026-07-31,94,94,0
JD-4001-01,2026-08-01,94,90,4
JD-4001-01,2026-08-02,90,90,0
JD-4001-01,2026-08-03,90,68,22
JD-4001-01,2026-08-04,68,60,8
JD-4001-01,2026-08-05,60,60,0
JD-4001-01,2026-08-06,60,60,0
JD-4001-01,2026-08-07,60,60,0
JD-4001-01,2026-08-08,60,58,2
JD-4001-01,2026-08-09,595,595,0
JD-4001-01,2026-08-10,595,587,8
JD-4001-01,2026-08-11,587,575,12
JD-4001-01,2026-08-12,575,382,193
JD-4001-01,2026-08-13,382,349,33
JD-4001-01,2026-08-14,349,333,16
JD-4001-01,2026-08-15,333,314,19
JD-4001-01,2026-08-16,314,314,0
JD-4001-01,2026-08-17,314,310,4
JD-4001-01,2026-08-18,310,287,23
JD-4001-01,2026-08-19,287,241,46
JD-4001-01,2026-08-20,241,82,159
JD-4001-01,2026-08-21,82,63,19
JD-4001-01,2026-08-22,63,63,0
JD-4001-01,2026-08-23,63,63,0
JD-4001-01,2026-08-24,63,63,0
JD-4001-01,2026-08-25,63,48,15
JD-4001-01,2026-08-26,48,46,2
JD-4001-01,2026-08-27,46,32,14
JD-4001-01,2026-08-28,32,32,0
JD-4001-02,2026-05-01,154,154,0
JD-4001-02,2026-05-02,154,152,2
JD-4001-02,2026-05-03,152,152,0
JD-4001-02,2026-05-04,152,152,0
JD-4001-02,2026-05-05,152,152,0
JD-4001-02,2026-05-06,152,152,0
JD-4001-02,2026-05-07,152,119,33
JD-4001-02,2026-05-08,119,119,0
JD-4001-02,2026-05-09,119,119,0
JD-4001-02,2026-05-10,119,119,0
JD-4001-02,2026-05-11,119,119,0
JD-4001-02,2026-05-12,119,119,0
JD-4001-02,2026-05-13,119,118,1
JD-4001-02,2026-05-14,118,118,0
JD-4001-02,2026-05-15,118,116,2
JD-4001-02,2026-05-16,116,116,0
JD-4001-02,2026-05-17,116,116,0
JD-4001-02,2026-05-18,116,116,0
JD-4001-02,2026-05-19,116,116,0
JD-4001-02,2026-05-20,116,116,0
JD-4001-02,2026-05-21,116,116,0
JD-4001-02,2026-05-22,116,114,2
JD-4001-02,2026-05-23,114,114,0
JD-4001-02,2026-05-24,114,114,0
JD-4001-02,2026-05-25,114,114,0
JD-4001-02,2026-05-26,114,114,0
JD-4001-02,2026-05-27,114,114,0
JD-4001-02,2026-05-28,114,114,0
JD-4001-02,2026-05-29,114,114,0
JD-4001-02,2026-05-30,114,114,0
JD-4001-02,2026-05-31,114,114,0
JD-4001-02,2026-06-01,114,111,3
JD-4001-02,2026-06-02,111,108,3
JD-4001-02,2026-06-03,108,108,0
JD-4001-02,2026-06-04,108,105,3
JD-4001-02,2026-06-05,105,96,9
JD-4001-02,2026-06-06,96,96,0
JD-4001-02,2026-06-07,96,96,0
JD-4001-02,2026-06-08,96,87,9
JD-4001-02,2026-06-09,87,87,0
JD-4001-02,2026-06-10,87,87,0
JD-4001-02,2026-06-11,87,67,20
JD-4001-02,2026-06-12,67,64,3
JD-4001-02,2026-06-13,64,64,0
JD-4001-02,2026-06-14,64,64,0
JD-4001-02,2026-06-15,64,60,4
JD-4001-02,2026-06-16,60,60,0
JD-4001-02,2026-06-17,60,60,0
JD-4001-02,2026-06-18,60,60,0
JD-4001-02,2026-06-19,60,60,0
JD-4001-02,2026-06-20,60,60,0
JD-4001-02,2026-06-21,60,60,0
JD-4001-02,2026-06-22,60,60,0
JD-4001-02,2026-06-23,60,59,1
JD-4001-02,2026-06-24,59,53,6
JD-4001-02,2026-06-25,53,53,0
JD-4001-02,2026-06-26,53,52,1
JD-4001-02,2026-06-27,52,44,8
JD-4001-02,2026-06-28,44,44,0
JD-4001-02,2026-06-29,44,44,0
JD-4001-02,2026-06-30,44,44,0
JD-4001-02,2026-07-01,44,43,1
JD-4001-02,2026-07-02,43,43,0
JD-4001-02,2026-07-03,43,41,2
JD-4001-02,2026-07-04,41,41,0
JD-4001-02,2026-07-05,41,41,0
JD-4001-02,2026-07-06,41,41,0
JD-4001-02,2026-07-07,41,41,0
JD-4001-02,2026-07-08,41,34,7
JD-4001-02,2026-07-09,34,34,0
JD-4001-02,2026-07-10,34,34,0
JD-4001-02,2026-07-11,34,34,0
JD-4001-02,2026-07-12,34,34,0
JD-4001-02,2026-07-13,34,34,0
JD-4001-02,2026-07-14,34,0,34
JD-4001-02,2026-07-15,132,132,0
JD-4001-02,2026-07-16,132,132,0
JD-4001-02,2026-07-17,132,111,21
JD-4001-02,2026-07-18,111,111,0
JD-4001-02,2026-07-19,111,111,0
JD-4001-02,2026-07-20,111,100,11
JD-4001-02,2026-07-21,100,100,0
JD-4001-02,2026-07-22,100,0,100
JD-4001-02,2026-07-23,0,0,0
JD-4001-02,2026-07-24,0,0,0
JD-4001-02,2026-07-25,0,0,0
JD-4001-02,2026-07-26,0,0,0
JD-4001-02,2026-07-27,0,0,0
JD-4001-02,2026-07-28,0,0,0
JD-4001-02,2026-07-29,0,0,0
JD-4001-02,2026-07-30,0,0,0
JD-4001-02,2026-07-31,0,0,0
JD-4001-02,2026-08-01,0,0,0
JD-4001-02,2026-08-02,0,0,0
JD-4001-02,2026-08-03,0,0,0
JD-4001-02,2026-08-04,0,0,0
JD-4001-02,2026-08-05,0,0,0
JD-4001-02,2026-08-06,132,132,0
JD-4001-02,2026-08-07,132,132,0
JD-4001-02,2026-08-08,132,132,0
JD-4001-02,2026-08-09,132,132,0
JD-4001-02,2026-08-10,132,132,0
JD-4001-02,2026-08-11,132,122,10
JD-4001-02,2026-08-12,122,122,0
JD-4001-02,2026-08-13,122,111,11
JD-4001-02,2026-08-14,111,111,0
JD-4001-02,2026-08-15,111,111,0
JD-4001-02,2026-08-16,111,111,0
JD-4001-02,2026-08-17,111,108,3
JD-4001-02,2026-08-18,108,108,0
JD-4001-02,2026-08-19,108,102,6
JD-4001-02,2026-08-20,102,102,0
JD-4001-02,2026-08-21,102,97,5
JD-4001-02,2026-08-22,97,93,4
JD-4001-02,2026-08-23,93,93,0
JD-4001-02,2026-08-24,93,93,0
JD-4001-02,2026-08-25,93,79,14
JD-4001-02,2026-08-26,79,79,0
JD-4001-02,2026-08-27,79,79,0
JD-4001-02,2026-08-28,79,79,0
JD-4002-01,2026-05-01,152,152,0
JD-4002-01,2026-05-02,152,151,1
JD-4002-01,2026-05-03,151,151,0
JD-4002-01,2026-05-04,151,148,3
JD-4002-01,2026-05-05,148,148,0
JD-4002-01,2026-05-06,148,148,0
JD-4002-01,2026-05-07,148,147,1
JD-4002-01,2026-05-08,147,147,0
JD-4002-01,2026-05-09,147,144,3
JD-4002-01,2026-05-10,144,144,0
JD-4002-01,2026-05-11,144,142,2
JD-4002-01,2026-05-12,142,135,7
JD-4002-01,2026-05-13,135,114,21
JD-4002-01,2026-05-14,114,111,3
JD-4002-01,2026-05-15,111,102,9
JD-4002-01,2026-05-16,102,102,0
JD-4002-01,2026-05-17,102,102,0
JD-4002-01,2026-05-18,102,101,1
JD-4002-01,2026-05-19,101,101,0
JD-4002-01,2026-05-20,101,90,11
JD-4002-01,2026-05-21,90,84,6
JD-4002-01,2026-05-22,84,74,10
JD-4002-01,2026-05-23,74,70,4
JD-4002-01,2026-05-24,70,70,0
JD-4002-01,2026-05-25,70,68,2
JD-4002-01,2026-05-26,68,65,3
JD-4002-01,2026-05-27,65,64,1
JD-4002-01,2026-05-28,64,63,1
JD-4002-01,2026-05-29,63,58,5
JD-4002-01,2026-05-30,58,58,0
JD-4002-01,2026-05-31,58,58,0
JD-4002-01,2026-06-01,58,56,2
JD-4002-01,2026-06-02,56,56,0
JD-4002-01,2026-06-03,56,54,2
JD-4002-01,2026-06-04,54,54,0
JD-4002-01,2026-06-05,54,51,3
JD-4002-01,2026-06-06,51,51,0
JD-4002-01,2026-06-07,51,51,0
JD-4002-01,2026-06-08,51,51,0
JD-4002-01,2026-06-09,51,47,4
JD-4002-01,2026-06-10,47,47,0
JD-4002-01,2026-06-11,47,45,2
JD-4002-01,2026-06-12,45,45,0
JD-4002-01,2026-06-13,153,152,1
JD-4002-01,2026-06-14,152,152,0
JD-4002-01,2026-06-15,152,144,8
JD-4002-01,2026-06-16,144,144,0
JD-4002-01,2026-06-17,144,131,13
JD-4002-01,2026-06-18,131,126,5
JD-4002-01,2026-06-19,126,114,12
JD-4002-01,2026-06-20,114,113,1
JD-4002-01,2026-06-21,113,113,0
JD-4002-01,2026-06-22,113,113,0
JD-4002-01,2026-06-23,113,113,0
JD-4002-01,2026-06-24,113,113,0
JD-4002-01,2026-06-25,113,108,5
JD-4002-01,2026-06-26,108,105,3
JD-4002-01,2026-06-27,105,105,0
JD-4002-01,2026-06-28,105,105,0
JD-4002-01,2026-06-29,105,105,0
JD-4002-01,2026-06-30,105,91,14
JD-4002-01,2026-07-01,91,91,0
JD-4002-01,2026-07-02,91,91,0
JD-4002-01,2026-07-03,91,78,13
JD-4002-01,2026-07-04,78,75,3
JD-4002-01,2026-07-05,75,75,0
JD-4002-01,2026-07-06,75,72,3
JD-4002-01,2026-07-07,72,60,12
JD-4002-01,2026-07-08,60,56,4
JD-4002-01,2026-07-09,56,56,0
JD-4002-01,2026-07-10,56,54,2
JD-4002-01,2026-07-11,54,54,0
JD-4002-01,2026-07-12,54,54,0
JD-4002-01,2026-07-13,54,51,3
JD-4002-01,2026-07-14,51,51,0
JD-4002-01,2026-07-15,51,47,4
JD-4002-01,2026-07-16,47,46,1
JD-4002-01,2026-07-17,46,46,0
JD-4002-01,2026-07-18,46,45,1
JD-4002-01,2026-07-19,45,45,0
JD-4002-01,2026-07-20,45,45,0
JD-4002-01,2026-07-21,45,35,10
JD-4002-01,2026-07-22,35,34,1
JD-4002-01,2026-07-23,34,30,4
JD-4002-01,2026-07-24,30,30,0
JD-4002-01,2026-07-25,30,30,0
JD-4002-01,2026-07-26,30,30,0
JD-4002-01,2026-07-27,30,24,6
JD-4002-01,2026-07-28,133,133,0
JD-4002-01,2026-07-29,133,124,9
JD-4002-01,2026-07-30,124,123,1
JD-4002-01,2026-07-31,123,108,15
JD-4002-01,2026-08-01,108,107,1
JD-4002-01,2026-08-02,107,107,0
JD-4002-01,2026-08-03,107,97,10
JD-4002-01,2026-08-04,97,95,2
JD-4002-01,2026-08-05,95,95,0
JD-4002-01,2026-08-06,95,88,7
JD-4002-01,2026-08-07,88,32,56
JD-4002-01,2026-08-08,32,29,3
JD-4002-01,2026-08-09,29,29,0
JD-4002-01,2026-08-10,29,17,12
JD-4002-01,2026-08-11,17,15,2
JD-4002-01,2026-08-12,15,12,3
JD-4002-01,2026-08-13,12,12,0
JD-4002-01,2026-08-14,12,12,0
JD-4002-01,2026-08-15,12,12,0
JD-4002-01,2026-08-16,12,12,0
JD-4002-01,2026-08-17,12,0,12
JD-4002-01,2026-08-18,0,0,0
JD-4002-01,2026-08-19,0,0,0
JD-4002-01,2026-08-20,0,0,0
JD-4002-01,2026-08-21,0,0,0
JD-4002-01,2026-08-22,0,0,0
JD-4002-01,2026-08-23,0,0,0
JD-4002-01,2026-08-24,0,0,0
JD-4002-01,2026-08-25,0,0,0
JD-4002-01,2026-08-26,0,0,0
JD-4002-01,2026-08-27,108,107,1
JD-4002-01,2026-08-28,107,86,21
JD-4002-02,2026-05-01,59,59,0
JD-4002-02,2026-05-02,59,59,0
JD-4002-02,2026-05-03,59,59,0
JD-4002-02,2026-05-04,59,56,3
JD-4002-02,2026-05-05,56,56,0
JD-4002-02,2026-05-06,56,55,1
JD-4002-02,2026-05-07,55,54,1
JD-4002-02,2026-05-08,54,54,0
JD-4002-02,2026-05-09,54,54,0
JD-4002-02,2026-05-10,54,54,0
JD-4002-02,2026-05-11,54,54,0
JD-4002-02,2026-05-12,54,53,1
JD-4002-02,2026-05-13,53,52,1
JD-4002-02,2026-05-14,52,50,2
JD-4002-02,2026-05-15,50,49,1
JD-4002-02,2026-05-16,49,49,0
JD-4002-02,2026-05-17,49,49,0
JD-4002-02,2026-05-18,49,49,0
JD-4002-02,2026-05-19,49,49,0
JD-4002-02,2026-05-20,49,49,0
JD-4002-02,2026-05-21,49,49,0
JD-4002-02,2026-05-22,49,49,0
JD-4002-02,2026-05-23,49,49,0
JD-4002-02,2026-05-24,49,49,0
JD-4002-02,2026-05-25,49,49,0
JD-4002-02,2026-05-26,49,48,1
JD-4002-02,2026-05-27,48,46,2
JD-4002-02,2026-05-28,46,46,0
JD-4002-02,2026-05-29,46,46,0
JD-4002-02,2026-05-30,46,46,0
JD-4002-02,2026-05-31,46,46,0
JD-4002-02,2026-06-01,46,46,0
JD-4002-02,2026-06-02,46,46,0
JD-4002-02,2026-06-03,46,45,1
JD-4002-02,2026-06-04,45,45,0
JD-4002-02,2026-06-05,45,45,0
JD-4002-02,2026-06-06,45,45,0
JD-4002-02,2026-06-07,45,45,0
JD-4002-02,2026-06-08,45,45,0
JD-4002-02,2026-06-09,45,45,0
JD-4002-02,2026-06-10,45,45,0
JD-4002-02,2026-06-11,45,45,0
JD-4002-02,2026-06-12,45,45,0
JD-4002-02,2026-06-13,45,45,0
JD-4002-02,2026-06-14,45,45,0
JD-4002-02,2026-06-15,45,45,0
JD-4002-02,2026-06-16,45,44,1
JD-4002-02,2026-06-17,44,36,8
JD-4002-02,2026-06-18,36,35,1
JD-4002-02,2026-06-19,35,32,3
JD-4002-02,2026-06-20,32,32,0
JD-4002-02,2026-06-21,32,32,0
JD-4002-02,2026-06-22,32,27,5
JD-4002-02,2026-06-23,27,26,1
JD-4002-02,2026-06-24,26,22,4
JD-4002-02,2026-06-25,22,21,1
JD-4002-02,2026-06-26,21,9,12
JD-4002-02,2026-06-27,9,9,0
JD-4002-02,2026-06-28,9,9,0
JD-4002-02,2026-06-29,9,9,0
JD-4002-02,2026-06-30,9,8,1
JD-4002-02,2026-07-01,8,5,3
JD-4002-02,2026-07-02,5,5,0
JD-4002-02,2026-07-03,5,2,3
JD-4002-02,2026-07-04,2,2,0
JD-4002-02,2026-07-05,2,2,0
JD-4002-02,2026-07-06,2,2,0
JD-4002-02,2026-07-07,2,1,1
JD-4002-02,2026-07-08,1,0,1
JD-4002-02,2026-07-09,0,0,0
JD-4002-02,2026-07-10,0,0,0
JD-4002-02,2026-07-11,0,0,0
JD-4002-02,2026-07-12,0,0,0
JD-4002-02,2026-07-13,0,0,0
JD-4002-02,2026-07-14,0,0,0
JD-4002-02,2026-07-15,0,0,0
JD-4002-02,2026-07-16,36,36,0
JD-4002-02,2026-07-17,36,32,4
JD-4002-02,2026-07-18,32,32,0
JD-4002-02,2026-07-19,32,32,0
JD-4002-02,2026-07-20,32,31,1
JD-4002-02,2026-07-21,31,31,0
JD-4002-02,2026-07-22,31,30,1
JD-4002-02,2026-07-23,30,29,1
JD-4002-02,2026-07-24,29,29,0
JD-4002-02,2026-07-25,29,29,0
JD-4002-02,2026-07-26,29,29,0
JD-4002-02,2026-07-27,29,25,4
JD-4002-02,2026-07-28,25,20,5
JD-4002-02,2026-07-29,20,16,4
JD-4002-02,2026-07-30,16,15,1
JD-4002-02,2026-07-31,15,15,0
JD-4002-02,2026-08-01,15,15,0
JD-4002-02,2026-08-02,15,15,0
JD-4002-02,2026-08-03,15,14,1
JD-4002-02,2026-08-04,14,14,0
JD-4002-02,2026-08-05,14,14,0
JD-4002-02,2026-08-06,14,14,0
JD-4002-02,2026-08-07,14,14,0
JD-4002-02,2026-08-08,14,14,0
JD-4002-02,2026-08-09,14,14,0
JD-4002-02,2026-08-10,14,14,0
JD-4002-02,2026-08-11,14,14,0
JD-4002-02,2026-08-12,14,14,0
JD-4002-02,2026-08-13,14,14,0
JD-4002-02,2026-08-14,14,10,4
JD-4002-02,2026-08-15,10,10,0
JD-4002-02,2026-08-16,10,10,0
JD-4002-02,2026-08-17,10,10,0
JD-4002-02,2026-08-18,10,10,0
JD-4002-02,2026-08-19,10,10,0
JD-4002-02,2026-08-20,10,10,0
JD-4002-02,2026-08-21,10,8,2
JD-4002-02,2026-08-22,8,8,0
JD-4002-02,2026-08-23,44,44,0
JD-4002-02,2026-08-24,44,44,0
JD-4002-02,2026-08-25,44,44,0
JD-4002-02,2026-08-26,44,44,0
JD-4002-02,2026-08-27,44,44,0
JD-4002-02,2026-08-28,44,41,3
JD-4010-01,2026-05-01,18,17,1
JD-4010-01,2026-05-02,17,17,0
JD-4010-01,2026-05-03,17,17,0
JD-4010-01,2026-05-04,17,17,0
JD-4010-01,2026-05-05,17,17,0
JD-4010-01,2026-05-06,17,16,1
JD-4010-01,2026-05-07,16,16,0
JD-4010-01,2026-05-08,16,16,0
JD-4010-01,2026-05-09,16,16,0
JD-4010-01,2026-05-10,16,16,0
JD-4010-01,2026-05-11,16,16,0
JD-4010-01,2026-05-12,16,16,0
JD-4010-01,2026-05-13,16,16,0
JD-4010-01,2026-05-14,16,16,0
JD-4010-01,2026-05-15,16,16,0
JD-4010-01,2026-05-16,16,16,0
JD-4010-01,2026-05-17,16,16,0
JD-4010-01,2026-05-18,16,16,0
JD-4010-01,2026-05-19,16,16,0
JD-4010-01,2026-05-20,16,14,2
JD-4010-01,2026-05-21,14,14,0
JD-4010-01,2026-05-22,14,2,12
JD-4010-01,2026-05-23,2,2,0
JD-4010-01,2026-05-24,2,2,0
JD-4010-01,2026-05-25,2,1,1
JD-4010-01,2026-05-26,1,1,0
JD-4010-01,2026-05-27,1,0,1
JD-4010-01,2026-05-28,0,0,0
JD-4010-01,2026-05-29,0,0,0
JD-4010-01,2026-05-30,0,0,0
JD-4010-01,2026-05-31,0,0,0
JD-4010-01,2026-06-01,0,0,0
JD-4010-01,2026-06-02,0,0,0
JD-4010-01,2026-06-03,0,0,0
JD-4010-01,2026-06-04,0,0,0
JD-4010-01,2026-06-05,0,0,0
JD-4010-01,2026-06-06,0,0,0
JD-4010-01,2026-06-07,0,0,0
JD-4010-01,2026-06-08,0,0,0
JD-4010-01,2026-06-09,18,18,0
JD-4010-01,2026-06-10,18,18,0
JD-4010-01,2026-06-11,18,18,0
JD-4010-01,2026-06-12,18,18,0
JD-4010-01,2026-06-13,18,17,1
JD-4010-01,2026-06-14,17,17,0
JD-4010-01,2026-06-15,17,13,4
JD-4010-01,2026-06-16,13,13,0
JD-4010-01,2026-06-17,13,13,0
JD-4010-01,2026-06-18,13,12,1
JD-4010-01,2026-06-19,12,12,0
JD-4010-01,2026-06-20,12,12,0
JD-4010-01,2026-06-21,12,12,0
JD-4010-01,2026-06-22,12,10,2
JD-4010-01,2026-06-23,10,10,0
JD-4010-01,2026-06-24,10,9,1
JD-4010-01,2026-06-25,9,8,1
JD-4010-01,2026-06-26,8,6,2
JD-4010-01,2026-06-27,6,2,4
JD-4010-01,2026-06-28,2,2,0
JD-4010-01,2026-06-29,2,0,2
JD-4010-01,2026-06-30,0,0,0
JD-4010-01,2026-07-01,0,0,0
JD-4010-01,2026-07-02,0,0,0
JD-4010-01,2026-07-03,0,0,0
JD-4010-01,2026-07-04,0,0,0
JD-4010-01,2026-07-05,0,0,0
JD-4010-01,2026-07-06,0,0,0
JD-4010-01,2026-07-07,0,0,0
JD-4010-01,2026-07-08,0,0,0
JD-4010-01,2026-07-09,0,0,0
JD-4010-01,2026-07-10,0,0,0
JD-4010-01,2026-07-11,0,0,0
JD-4010-01,2026-07-12,0,0,0
JD-4010-01,2026-07-13,0,0,0
JD-4010-01,2026-07-14,0,0,0
JD-4010-01,2026-07-15,0,0,0
JD-4010-01,2026-07-16,0,0,0
JD-4010-01,2026-07-17,0,0,0
JD-4010-01,2026-07-18,0,0,0
JD-4010-01,2026-07-19,0,0,0
JD-4010-01,2026-07-20,0,0,0
JD-4010-01,2026-07-21,0,0,0
JD-4010-01,2026-07-22,0,0,0
JD-4010-01,2026-07-23,0,0,0
JD-4010-01,2026-07-24,0,0,0
JD-4010-01,2026-07-25,18,16,2
JD-4010-01,2026-07-26,16,16,0
JD-4010-01,2026-07-27,16,16,0
JD-4010-01,2026-07-28,16,16,0
JD-4010-01,2026-07-29,16,14,2
JD-4010-01,2026-07-30,14,14,0
JD-4010-01,2026-07-31,14,14,0
JD-4010-01,2026-08-01,14,14,0
JD-4010-01,2026-08-02,14,14,0
JD-4010-01,2026-08-03,14,14,0
JD-4010-01,2026-08-04,14,14,0
JD-4010-01,2026-08-05,14,14,0
JD-4010-01,2026-08-06,14,14,0
JD-4010-01,2026-08-07,14,14,0
JD-4010-01,2026-08-08,14,14,0
JD-4010-01,2026-08-09,14,14,0
JD-4010-01,2026-08-10,14,14,0
JD-4010-01,2026-08-11,14,12,2
JD-4010-01,2026-08-12,12,12,0
JD-4010-01,2026-08-13,12,12,0
JD-4010-01,2026-08-14,12,12,0
JD-4010-01,2026-08-15,12,12,0
JD-4010-01,2026-08-16,12,12,0
JD-4010-01,2026-08-17,12,5,7
JD-4010-01,2026-08-18,5,5,0
JD-4010-01,2026-08-19,5,5,0
JD-4010-01,2026-08-20,5,5,0
JD-4010-01,2026-08-21,5,5,0
JD-4010-01,2026-08-22,5,5,0
JD-4010-01,2026-08-23,5,5,0
JD-4010-01,2026-08-24,5,5,0
JD-4010-01,2026-08-25,5,5,0
JD-4010-01,2026-08-26,5,5,0
JD-4010-01,2026-08-27,5,5,0
JD-4010-01,2026-08-28,5,3,2
JD-4010-02,2026-05-01,23,23,0
JD-4010-02,2026-05-02,23,23,0
JD-4010-02,2026-05-03,23,23,0
JD-4010-02,2026-05-04,23,23,0
JD-4010-02,2026-05-05,23,23,0
JD-4010-02,2026-05-06,23,23,0
JD-4010-02,2026-05-07,23,23,0
JD-4010-02,2026-05-08,23,23,0
JD-4010-02,2026-05-09,23,22,1
JD-4010-02,2026-05-10,22,22,0
JD-4010-02,2026-05-11,22,22,0
JD-4010-02,2026-05-12,22,22,0
JD-4010-02,2026-05-13,22,22,0
JD-4010-02,2026-05-14,22,22,0
JD-4010-02,2026-05-15,22,22,0
JD-4010-02,2026-05-16,22,22,0
JD-4010-02,2026-05-17,22,22,0
JD-4010-02,2026-05-18,22,22,0
JD-4010-02,2026-05-19,22,22,0
JD-4010-02,2026-05-20,22,21,1
JD-4010-02,2026-05-21,21,20,1
JD-4010-02,2026-05-22,20,20,0
JD-4010-02,2026-05-23,20,20,0
JD-4010-02,2026-05-24,20,20,0
JD-4010-02,2026-05-25,20,20,0
JD-4010-02,2026-05-26,20,20,0
JD-4010-02,2026-05-27,20,20,0
JD-4010-02,2026-05-28,20,20,0
JD-4010-02,2026-05-29,20,20,0
JD-4010-02,2026-05-30,20,20,0
JD-4010-02,2026-05-31,20,20,0
JD-4010-02,2026-06-01,20,18,2
JD-4010-02,2026-06-02,18,18,0
JD-4010-02,2026-06-03,18,18,0
JD-4010-02,2026-06-04,18,18,0
JD-4010-02,2026-06-05,18,18,0
JD-4010-02,2026-06-06,18,18,0
JD-4010-02,2026-06-07,18,18,0
JD-4010-02,2026-06-08,18,18,0
JD-4010-02,2026-06-09,18,18,0
JD-4010-02,2026-06-10,18,18,0
JD-4010-02,2026-06-11,18,18,0
JD-4010-02,2026-06-12,18,18,0
JD-4010-02,2026-06-13,18,18,0
JD-4010-02,2026-06-14,18,18,0
JD-4010-02,2026-06-15,18,18,0
JD-4010-02,2026-06-16,18,18,0
JD-4010-02,2026-06-17,18,18,0
JD-4010-02,2026-06-18,18,18,0
JD-4010-02,2026-06-19,18,18,0
JD-4010-02,2026-06-20,18,18,0
JD-4010-02,2026-06-21,18,18,0
JD-4010-02,2026-06-22,18,17,1
JD-4010-02,2026-06-23,17,17,0
JD-4010-02,2026-06-24,17,17,0
JD-4010-02,2026-06-25,17,17,0
JD-4010-02,2026-06-26,17,17,0
JD-4010-02,2026-06-27,17,17,0
JD-4010-02,2026-06-28,17,17,0
JD-4010-02,2026-06-29,17,17,0
JD-4010-02,2026-06-30,17,17,0
JD-4010-02,2026-07-01,17,17,0
JD-4010-02,2026-07-02,17,15,2
JD-4010-02,2026-07-03,15,15,0
JD-4010-02,2026-07-04,15,15,0
JD-4010-02,2026-07-05,15,15,0
JD-4010-02,2026-07-06,15,15,0
JD-4010-02,2026-07-07,15,15,0
JD-4010-02,2026-07-08,15,15,0
JD-4010-02,2026-07-09,15,15,0
JD-4010-02,2026-07-10,15,15,0
JD-4010-02,2026-07-11,15,15,0
JD-4010-02,2026-07-12,15,15,0
JD-4010-02,2026-07-13,15,15,0
JD-4010-02,2026-07-14,15,13,2
JD-4010-02,2026-07-15,13,12,1
JD-4010-02,2026-07-16,12,11,1
JD-4010-02,2026-07-17,11,11,0
JD-4010-02,2026-07-18,11,11,0
JD-4010-02,2026-07-19,11,11,0
JD-4010-02,2026-07-20,11,10,1
JD-4010-02,2026-07-21,10,10,0
JD-4010-02,2026-07-22,10,10,0
JD-4010-02,2026-07-23,10,10,0
JD-4010-02,2026-07-24,10,10,0
JD-4010-02,2026-07-25,10,10,0
JD-4010-02,2026-07-26,10,10,0
JD-4010-02,2026-07-27,10,10,0
JD-4010-02,2026-07-28,10,10,0
JD-4010-02,2026-07-29,10,1,9
JD-4010-02,2026-07-30,1,0,1
JD-4010-02,2026-07-31,0,0,0
JD-4010-02,2026-08-01,0,0,0
JD-4010-02,2026-08-02,0,0,0
JD-4010-02,2026-08-03,0,0,0
JD-4010-02,2026-08-04,0,0,0
JD-4010-02,2026-08-05,0,0,0
JD-4010-02,2026-08-06,0,0,0
JD-4010-02,2026-08-07,0,0,0
JD-4010-02,2026-08-08,0,0,0
JD-4010-02,2026-08-09,0,0,0
JD-4010-02,2026-08-10,0,0,0
JD-4010-02,2026-08-11,0,0,0
JD-4010-02,2026-08-12,0,0,0
JD-4010-02,2026-08-13,0,0,0
JD-4010-02,2026-08-14,0,0,0
JD-4010-02,2026-08-15,0,0,0
JD-4010-02,2026-08-16,0,0,0
JD-4010-02,2026-08-17,0,0,0
JD-4010-02,2026-08-18,0,0,0
JD-4010-02,2026-08-19,0,0,0
JD-4010-02,2026-08-20,0,0,0
JD-4010-02,2026-08-21,0,0,0
JD-4010-02,2026-08-22,0,0,0
JD-4010-02,2026-08-23,0,0,0
JD-4010-02,2026-08-24,0,0,0
JD-4010-02,2026-08-25,0,0,0
JD-4010-02,2026-08-26,0,0,0
JD-4010-02,2026-08-27,0,0,0
JD-4010-02,2026-08-28,0,0,0
RG-5001-01,2026-05-01,139,139,0
RG-5001-01,2026-05-02,139,139,0
RG-5001-01,2026-05-03,139,139,0
RG-5001-01,2026-05-04,139,130,9
RG-5001-01,2026-05-05,130,129,1
RG-5001-01,2026-05-06,129,128,1
RG-5001-01,2026-05-07,128,127,1
RG-5001-01,2026-05-08,127,127,0
RG-5001-01,2026-05-09,127,126,1
RG-5001-01,2026-05-10,126,126,0
RG-5001-01,2026-05-11,126,126,0
RG-5001-01,2026-05-12,126,125,1
RG-5001-01,2026-05-13,125,119,6
RG-5001-01,2026-05-14,119,116,3
RG-5001-01,2026-05-15,116,116,0
RG-5001-01,2026-05-16,116,110,6
RG-5001-01,2026-05-17,110,110,0
RG-5001-01,2026-05-18,110,109,1
RG-5001-01,2026-05-19,109,106,3
RG-5001-01,2026-05-20,106,92,14
RG-5001-01,2026-05-21,92,91,1
RG-5001-01,2026-05-22,91,91,0
RG-5001-01,2026-05-23,91,88,3
RG-5001-01,2026-05-24,88,88,0
RG-5001-01,2026-05-25,88,88,0
RG-5001-01,2026-05-26,88,88,0
RG-5001-01,2026-05-27,88,86,2
RG-5001-01,2026-05-28,86,85,1
RG-5001-01,2026-05-29,85,72,13
RG-5001-01,2026-05-30,72,68,4
RG-5001-01,2026-05-31,68,68,0
RG-5001-01,2026-06-01,68,64,4
RG-5001-01,2026-06-02,64,55,9
RG-5001-01,2026-06-03,55,53,2
RG-5001-01,2026-06-04,53,52,1
RG-5001-01,2026-06-05,52,43,9
RG-5001-01,2026-06-06,43,43,0
RG-5001-01,2026-06-07,43,43,0
RG-5001-01,2026-06-08,43,42,1
RG-5001-01,2026-06-09,42,41,1
RG-5001-01,2026-06-10,41,41,0
RG-5001-01,2026-06-11,41,41,0
RG-5001-01,2026-06-12,41,36,5
RG-5001-01,2026-06-13,36,36,0
RG-5001-01,2026-06-14,36,36,0
RG-5001-01,2026-06-15,36,32,4
RG-5001-01,2026-06-16,32,31,1
RG-5001-01,2026-06-17,31,31,0
RG-5001-01,2026-06-18,31,27,4
RG-5001-01,2026-06-19,27,0,27
RG-5001-01,2026-06-20,0,0,0
RG-5001-01,2026-06-21,0,0,0
RG-5001-01,2026-06-22,0,0,0
RG-5001-01,2026-06-23,0,0,0
RG-5001-01,2026-06-24,0,0,0
RG-5001-01,2026-06-25,0,0,0
RG-5001-01,2026-06-26,69,69,0
RG-5001-01,2026-06-27,69,68,1
RG-5001-01,2026-06-28,68,68,0
RG-5001-01,2026-06-29,68,68,0
RG-5001-01,2026-06-30,68,68,0
RG-5001-01,2026-07-01,68,67,1
RG-5001-01,2026-07-02,67,67,0
RG-5001-01,2026-07-03,67,65,2
RG-5001-01,2026-07-04,65,63,2
RG-5001-01,2026-07-05,63,63,0
RG-5001-01,2026-07-06,63,63,0
RG-5001-01,2026-07-07,63,58,5
RG-5001-01,2026-07-08,58,57,1
RG-5001-01,2026-07-09,57,57,0
RG-5001-01,2026-07-10,57,57,0
RG-5001-01,2026-07-11,57,54,3
RG-5001-01,2026-07-12,54,54,0
RG-5001-01,2026-07-13,54,48,6
RG-5001-01,2026-07-14,48,43,5
RG-5001-01,2026-07-15,43,43,0
RG-5001-01,2026-07-16,43,43,0
RG-5001-01,2026-07-17,43,42,1
RG-5001-01,2026-07-18,42,41,1
RG-5001-01,2026-07-19,41,41,0
RG-5001-01,2026-07-20,41,38,3
RG-5001-01,2026-07-21,107,100,7
RG-5001-01,2026-07-22,100,97,3
RG-5001-01,2026-07-23,97,96,1
RG-5001-01,2026-07-24,96,90,6
RG-5001-01,2026-07-25,90,88,2
RG-5001-01,2026-07-26,88,88,0
RG-5001-01,2026-07-27,88,81,7
RG-5001-01,2026-07-28,81,80,1
RG-5001-01,2026-07-29,80,79,1
RG-5001-01,2026-07-30,79,79,0
RG-5001-01,2026-07-31,79,79,0
RG-5001-01,2026-08-01,79,78,1
RG-5001-01,2026-08-02,78,78,0
RG-5001-01,2026-08-03,78,78,0
RG-5001-01,2026-08-04,78,78,0
RG-5001-01,2026-08-05,78,75,3
RG-5001-01,2026-08-06,75,72,3
RG-5001-01,2026-08-07,72,69,3
RG-5001-01,2026-08-08,69,68,1
RG-5001-01,2026-08-09,68,68,0
RG-5001-01,2026-08-10,68,67,1
RG-5001-01,2026-08-11,67,64,3
RG-5001-01,2026-08-12,64,64,0
RG-5001-01,2026-08-13,64,63,1
RG-5001-01,2026-08-14,63,50,13
RG-5001-01,2026-08-15,50,45,5
RG-5001-01,2026-08-16,45,45,0
RG-5001-01,2026-08-17,45,40,5
RG-5001-01,2026-08-18,40,38,2
RG-5001-01,2026-08-19,38,38,0
RG-5001-01,2026-08-20,38,36,2
RG-5001-01,2026-08-21,36,32,4
RG-5001-01,2026-08-22,32,31,1
RG-5001-01,2026-08-23,31,31,0
RG-5001-01,2026-08-24,31,31,0
RG-5001-01,2026-08-25,31,30,1
RG-5001-01,2026-08-26,30,28,2
RG-5001-01,2026-08-27,28,27,1
RG-5001-01,2026-08-28,27,23,4
RG-5001-02,2026-05-01,38,38,0
RG-5001-02,2026-05-02,38,38,0
RG-5001-02,2026-05-03,38,38,0
RG-5001-02,2026-05-04,38,38,0
RG-5001-02,2026-05-05,38,37,1
RG-5001-02,2026-05-06,37,37,0
RG-5001-02,2026-05-07,37,37,0
RG-5001-02,2026-05-08,37,37,0
RG-5001-02,2026-05-09,37,37,0
RG-5001-02,2026-05-10,37,37,0
RG-5001-02,2026-05-11,37,37,0
RG-5001-02,2026-05-12,37,37,0
RG-5001-02,2026-05-13,37,36,1
RG-5001-02,2026-05-14,36,36,0
RG-5001-02,2026-05-15,36,36,0
RG-5001-02,2026-05-16,36,35,1
RG-5001-02,2026-05-17,35,35,0
RG-5001-02,2026-05-18,35,29,6
RG-5001-02,2026-05-19,29,29,0
RG-5001-02,2026-05-20,29,28,1
RG-5001-02,2026-05-21,28,28,0
RG-5001-02,2026-05-22,28,26,2
RG-5001-02,2026-05-23,26,25,1
RG-5001-02,2026-05-24,25,25,0
RG-5001-02,2026-05-25,25,25,0
RG-5001-02,2026-05-26,25,22,3
RG-5001-02,2026-05-27,22,22,0
RG-5001-02,2026-05-28,22,21,1
RG-5001-02,2026-05-29,21,21,0
RG-5001-02,2026-05-30,21,21,0
RG-5001-02,2026-05-31,21,21,0
RG-5001-02,2026-06-01,21,21,0
RG-5001-02,2026-06-02,21,20,1
RG-5001-02,2026-06-03,20,20,0
RG-5001-02,2026-06-04,20,20,0
RG-5001-02,2026-06-05,20,20,0
RG-5001-02,2026-06-06,20,20,0
RG-5001-02,2026-06-07,20,20,0
RG-5001-02,2026-06-08,20,20,0
RG-5001-02,2026-06-09,20,20,0
RG-5001-02,2026-06-10,20,20,0
RG-5001-02,2026-06-11,20,20,0
RG-5001-02,2026-06-12,20,20,0
RG-5001-02,2026-06-13,20,20,0
RG-5001-02,2026-06-14,20,20,0
RG-5001-02,2026-06-15,20,20,0
RG-5001-02,2026-06-16,45,45,0
RG-5001-02,2026-06-17,45,44,1
RG-5001-02,2026-06-18,44,44,0
RG-5001-02,2026-06-19,44,44,0
RG-5001-02,2026-06-20,44,44,0
RG-5001-02,2026-06-21,44,44,0
RG-5001-02,2026-06-22,44,42,2
RG-5001-02,2026-06-23,42,35,7
RG-5001-02,2026-06-24,35,35,0
RG-5001-02,2026-06-25,35,31,4
RG-5001-02,2026-06-26,31,30,1
RG-5001-02,2026-06-27,30,30,0
RG-5001-02,2026-06-28,30,30,0
RG-5001-02,2026-06-29,30,30,0
RG-5001-02,2026-06-30,30,29,1
RG-5001-02,2026-07-01,29,28,1
RG-5001-02,2026-07-02,28,28,0
RG-5001-02,2026-07-03,28,27,1
RG-5001-02,2026-07-04,27,23,4
RG-5001-02,2026-07-05,23,23,0
RG-5001-02,2026-07-06,23,22,1
RG-5001-02,2026-07-07,22,21,1
RG-5001-02,2026-07-08,21,21,0
RG-5001-02,2026-07-09,21,21,0
RG-5001-02,2026-07-10,21,20,1
RG-5001-02,2026-07-11,20,20,0
RG-5001-02,2026-07-12,20,20,0
RG-5001-02,2026-07-13,20,19,1
RG-5001-02,2026-07-14,19,18,1
RG-5001-02,2026-07-15,18,18,0
RG-5001-02,2026-07-16,18,17,1
RG-5001-02,2026-07-17,17,17,0
RG-5001-02,2026-07-18,17,17,0
RG-5001-02,2026-07-19,17,17,0
RG-5001-02,2026-07-20,17,17,0
RG-5001-02,2026-07-21,17,17,0
RG-5001-02,2026-07-22,17,15,2
RG-5001-02,2026-07-23,15,15,0
RG-5001-02,2026-07-24,15,15,0
RG-5001-02,2026-07-25,15,10,5
RG-5001-02,2026-07-26,10,10,0
RG-5001-02,2026-07-27,10,10,0
RG-5001-02,2026-07-28,10,9,1
RG-5001-02,2026-07-29,9,4,5
RG-5001-02,2026-07-30,4,0,4
RG-5001-02,2026-07-31,0,0,0
RG-5001-02,2026-08-01,0,0,0
RG-5001-02,2026-08-02,25,25,0
RG-5001-02,2026-08-03,25,25,0
RG-5001-02,2026-08-04,25,25,0
RG-5001-02,2026-08-05,25,25,0
RG-5001-02,2026-08-06,25,25,0
RG-5001-02,2026-08-07,25,24,1
RG-5001-02,2026-08-08,24,24,0
RG-5001-02,2026-08-09,24,24,0
RG-5001-02,2026-08-10,24,24,0
RG-5001-02,2026-08-11,24,20,4
RG-5001-02,2026-08-12,20,20,0
RG-5001-02,2026-08-13,20,20,0
RG-5001-02,2026-08-14,20,19,1
RG-5001-02,2026-08-15,19,18,1
RG-5001-02,2026-08-16,18,18,0
RG-5001-02,2026-08-17,18,16,2
RG-5001-02,2026-08-18,16,13,3
RG-5001-02,2026-08-19,13,13,0
RG-5001-02,2026-08-20,13,13,0
RG-5001-02,2026-08-21,13,13,0
RG-5001-02,2026-08-22,13,13,0
RG-5001-02,2026-08-23,13,13,0
RG-5001-02,2026-08-24,13,13,0
RG-5001-02,2026-08-25,13,13,0
RG-5001-02,2026-08-26,13,12,1
RG-5001-02,2026-08-27,12,7,5
RG-5001-02,2026-08-28,7,5,2
RG-5001-03,2026-05-01,14,14,0
RG-5001-03,2026-05-02,14,14,0
RG-5001-03,2026-05-03,14,14,0
RG-5001-03,2026-05-04,14,14,0
RG-5001-03,2026-05-05,14,14,0
RG-5001-03,2026-05-06,14,14,0
RG-5001-03,2026-05-07,14,14,0
RG-5001-03,2026-05-08,14,14,0
RG-5001-03,2026-05-09,14,14,0
RG-5001-03,2026-05-10,14,14,0
RG-5001-03,2026-05-11,14,13,1
RG-5001-03,2026-05-12,13,13,0
RG-5001-03,2026-05-13,13,13,0
RG-5001-03,2026-05-14,13,13,0
RG-5001-03,2026-05-15,13,13,0
RG-5001-03,2026-05-16,13,13,0
RG-5001-03,2026-05-17,13,13,0
RG-5001-03,2026-05-18,13,12,1
RG-5001-03,2026-05-19,12,12,0
RG-5001-03,2026-05-20,12,11,1
RG-5001-03,2026-05-21,11,11,0
RG-5001-03,2026-05-22,11,10,1
RG-5001-03,2026-05-23,10,10,0
RG-5001-03,2026-05-24,10,10,0
RG-5001-03,2026-05-25,10,10,0
RG-5001-03,2026-05-26,10,10,0
RG-5001-03,2026-05-27,10,10,0
RG-5001-03,2026-05-28,10,10,0
RG-5001-03,2026-05-29,10,10,0
RG-5001-03,2026-05-30,10,10,0
RG-5001-03,2026-05-31,10,10,0
RG-5001-03,2026-06-01,10,9,1
RG-5001-03,2026-06-02,9,8,1
RG-5001-03,2026-06-03,8,7,1
RG-5001-03,2026-06-04,7,7,0
RG-5001-03,2026-06-05,7,7,0
RG-5001-03,2026-06-06,7,7,0
RG-5001-03,2026-06-07,7,7,0
RG-5001-03,2026-06-08,7,7,0
RG-5001-03,2026-06-09,7,5,2
RG-5001-03,2026-06-10,5,5,0
RG-5001-03,2026-06-11,5,5,0
RG-5001-03,2026-06-12,5,5,0
RG-5001-03,2026-06-13,5,5,0
RG-5001-03,2026-06-14,5,5,0
RG-5001-03,2026-06-15,5,5,0
RG-5001-03,2026-06-16,5,5,0
RG-5001-03,2026-06-17,5,5,0
RG-5001-03,2026-06-18,5,5,0
RG-5001-03,2026-06-19,5,5,0
RG-5001-03,2026-06-20,5,5,0
RG-5001-03,2026-06-21,5,5,0
RG-5001-03,2026-06-22,5,5,0
RG-5001-03,2026-06-23,5,5,0
RG-5001-03,2026-06-24,5,5,0
RG-5001-03,2026-06-25,5,5,0
RG-5001-03,2026-06-26,5,5,0
RG-5001-03,2026-06-27,5,5,0
RG-5001-03,2026-06-28,5,5,0
RG-5001-03,2026-06-29,5,5,0
RG-5001-03,2026-06-30,5,5,0
RG-5001-03,2026-07-01,5,5,0
RG-5001-03,2026-07-02,5,0,5
RG-5001-03,2026-07-03,0,0,0
RG-5001-03,2026-07-04,0,0,0
RG-5001-03,2026-07-05,0,0,0
RG-5001-03,2026-07-06,0,0,0
RG-5001-03,2026-07-07,0,0,0
RG-5001-03,2026-07-08,0,0,0
RG-5001-03,2026-07-09,0,0,0
RG-5001-03,2026-07-10,0,0,0
RG-5001-03,2026-07-11,0,0,0
RG-5001-03,2026-07-12,0,0,0
RG-5001-03,2026-07-13,0,0,0
RG-5001-03,2026-07-14,0,0,0
RG-5001-03,2026-07-15,0,0,0
RG-5001-03,2026-07-16,0,0,0
RG-5001-03,2026-07-17,0,0,0
RG-5001-03,2026-07-18,18,18,0
RG-5001-03,2026-07-19,18,18,0
RG-5001-03,2026-07-20,18,17,1
RG-5001-03,2026-07-21,17,17,0
RG-5001-03,2026-07-22,17,17,0
RG-5001-03,2026-07-23,17,17,0
RG-5001-03,2026-07-24,17,17,0
RG-5001-03,2026-07-25,17,17,0
RG-5001-03,2026-07-26,17,17,0
RG-5001-03,2026-07-27,17,17,0
RG-5001-03,2026-07-28,17,17,0
RG-5001-03,2026-07-29,17,17,0
RG-5001-03,2026-07-30,17,17,0
RG-5001-03,2026-07-31,17,17,0
RG-5001-03,2026-08-01,17,17,0
RG-5001-03,2026-08-02,17,17,0
RG-5001-03,2026-08-03,17,15,2
RG-5001-03,2026-08-04,15,15,0
RG-5001-03,2026-08-05,15,15,0
RG-5001-03,2026-08-06,15,15,0
RG-5001-03,2026-08-07,15,15,0
RG-5001-03,2026-08-08,15,15,0
RG-5001-03,2026-08-09,15,15,0
RG-5001-03,2026-08-10,15,15,0
RG-5001-03,2026-08-11,15,15,0
RG-5001-03,2026-08-12,15,15,0
RG-5001-03,2026-08-13,15,15,0
RG-5001-03,2026-08-14,15,14,1
RG-5001-03,2026-08-15,14,14,0
RG-5001-03,2026-08-16,14,14,0
RG-5001-03,2026-08-17,14,14,0
RG-5001-03,2026-08-18,14,14,0
RG-5001-03,2026-08-19,14,14,0
RG-5001-03,2026-08-20,14,14,0
RG-5001-03,2026-08-21,14,14,0
RG-5001-03,2026-08-22,14,14,0
RG-5001-03,2026-08-23,14,14,0
RG-5001-03,2026-08-24,14,14,0
RG-5001-03,2026-08-25,14,14,0
RG-5001-03,2026-08-26,14,14,0
RG-5001-03,2026-08-27,14,14,0
RG-5001-03,2026-08-28,14,14,0
RG-5002-01,2026-05-01,110,110,0
RG-5002-01,2026-05-02,110,110,0
RG-5002-01,2026-05-03,110,110,0
RG-5002-01,2026-05-04,110,110,0
RG-5002-01,2026-05-05,110,110,0
RG-5002-01,2026-05-06,110,108,2
RG-5002-01,2026-05-07,108,101,7
RG-5002-01,2026-05-08,101,100,1
RG-5002-01,2026-05-09,100,100,0
RG-5002-01,2026-05-10,100,100,0
RG-5002-01,2026-05-11,100,88,12
RG-5002-01,2026-05-12,88,87,1
RG-5002-01,2026-05-13,87,86,1
RG-5002-01,2026-05-14,86,86,0
RG-5002-01,2026-05-15,86,86,0
RG-5002-01,2026-05-16,86,82,4
RG-5002-01,2026-05-17,82,82,0
RG-5002-01,2026-05-18,82,80,2
RG-5002-01,2026-05-19,80,80,0
RG-5002-01,2026-05-20,80,78,2
RG-5002-01,2026-05-21,78,67,11
RG-5002-01,2026-05-22,67,65,2
RG-5002-01,2026-05-23,65,65,0
RG-5002-01,2026-05-24,65,65,0
RG-5002-01,2026-05-25,65,64,1
RG-5002-01,2026-05-26,64,63,1
RG-5002-01,2026-05-27,63,62,1
RG-5002-01,2026-05-28,62,61,1
RG-5002-01,2026-05-29,61,60,1
RG-5002-01,2026-05-30,60,60,0
RG-5002-01,2026-05-31,60,60,0
RG-5002-01,2026-06-01,60,59,1
RG-5002-01,2026-06-02,59,58,1
RG-5002-01,2026-06-03,58,52,6
RG-5002-01,2026-06-04,52,52,0
RG-5002-01,2026-06-05,52,50,2
RG-5002-01,2026-06-06,50,49,1
RG-5002-01,2026-06-07,49,49,0
RG-5002-01,2026-06-08,49,48,1
RG-5002-01,2026-06-09,48,45,3
RG-5002-01,2026-06-10,45,45,0
RG-5002-01,2026-06-11,45,42,3
RG-5002-01,2026-06-12,42,39,3
RG-5002-01,2026-06-13,39,39,0
RG-5002-01,2026-06-14,39,39,0
RG-5002-01,2026-06-15,39,39,0
RG-5002-01,2026-06-16,39,39,0
RG-5002-01,2026-06-17,39,39,0
RG-5002-01,2026-06-18,39,34,5
RG-5002-01,2026-06-19,34,32,2
RG-5002-01,2026-06-20,32,28,4
RG-5002-01,2026-06-21,28,28,0
RG-5002-01,2026-06-22,28,11,17
RG-5002-01,2026-06-23,11,11,0
RG-5002-01,2026-06-24,11,5,6
RG-5002-01,2026-06-25,5,0,5
RG-5002-01,2026-06-26,0,0,0
RG-5002-01,2026-06-27,0,0,0
RG-5002-01,2026-06-28,0,0,0
RG-5002-01,2026-06-29,0,0,0
RG-5002-01,2026-06-30,0,0,0
RG-5002-01,2026-07-01,0,0,0
RG-5002-01,2026-07-02,0,0,0
RG-5002-01,2026-07-03,0,0,0
RG-5002-01,2026-07-04,0,0,0
RG-5002-01,2026-07-05,0,0,0
RG-5002-01,2026-07-06,74,72,2
RG-5002-01,2026-07-07,72,67,5
RG-5002-01,2026-07-08,67,66,1
RG-5002-01,2026-07-09,66,66,0
RG-5002-01,2026-07-10,66,66,0
RG-5002-01,2026-07-11,66,65,1
RG-5002-01,2026-07-12,65,65,0
RG-5002-01,2026-07-13,65,65,0
RG-5002-01,2026-07-14,65,59,6
RG-5002-01,2026-07-15,59,57,2
RG-5002-01,2026-07-16,57,55,2
RG-5002-01,2026-07-17,55,55,0
RG-5002-01,2026-07-18,55,55,0
RG-5002-01,2026-07-19,55,55,0
RG-5002-01,2026-07-20,55,45,10
RG-5002-01,2026-07-21,45,42,3
RG-5002-01,2026-07-22,42,34,8
RG-5002-01,2026-07-23,34,16,18
RG-5002-01,2026-07-24,16,16,0
RG-5002-01,2026-07-25,16,15,1
RG-5002-01,2026-07-26,15,15,0
RG-5002-01,2026-07-27,15,9,6
RG-5002-01,2026-07-28,9,9,0
RG-5002-01,2026-07-29,9,9,0
RG-5002-01,2026-07-30,9,7,2
RG-5002-01,2026-07-31,7,4,3
RG-5002-01,2026-08-01,4,3,1
RG-5002-01,2026-08-02,3,3,0
RG-5002-01,2026-08-03,3,2,1
RG-5002-01,2026-08-04,2,0,2
RG-5002-01,2026-08-05,0,0,0
RG-5002-01,2026-08-06,0,0,0
RG-5002-01,2026-08-07,0,0,0
RG-5002-01,2026-08-08,0,0,0
RG-5002-01,2026-08-09,0,0,0
RG-5002-01,2026-08-10,0,0,0
RG-5002-01,2026-08-11,0,0,0
RG-5002-01,2026-08-12,0,0,0
RG-5002-01,2026-08-13,0,0,0
RG-5002-01,2026-08-14,0,0,0
RG-5002-01,2026-08-15,0,0,0
RG-5002-01,2026-08-16,0,0,0
RG-5002-01,2026-08-17,0,0,0
RG-5002-01,2026-08-18,0,0,0
RG-5002-01,2026-08-19,0,0,0
RG-5002-01,2026-08-20,0,0,0
RG-5002-01,2026-08-21,0,0,0
RG-5002-01,2026-08-22,0,0,0
RG-5002-01,2026-08-23,74,74,0
RG-5002-01,2026-08-24,74,74,0
RG-5002-01,2026-08-25,74,73,1
RG-5002-01,2026-08-26,73,72,1
RG-5002-01,2026-08-27,72,59,13
RG-5002-01,2026-08-28,59,21,38
RG-5002-02,2026-05-01,31,31,0
RG-5002-02,2026-05-02,31,31,0
RG-5002-02,2026-05-03,31,31,0
RG-5002-02,2026-05-04,31,29,2
RG-5002-02,2026-05-05,29,28,1
RG-5002-02,2026-05-06,28,28,0
RG-5002-02,2026-05-07,28,28,0
RG-5002-02,2026-05-08,28,28,0
RG-5002-02,2026-05-09,28,28,0
RG-5002-02,2026-05-10,28,28,0
RG-5002-02,2026-05-11,28,28,0
RG-5002-02,2026-05-12,28,27,1
RG-5002-02,2026-05-13,27,26,1
RG-5002-02,2026-05-14,26,26,0
RG-5002-02,2026-05-15,26,25,1
RG-5002-02,2026-05-16,25,24,1
RG-5002-02,2026-05-17,24,24,0
RG-5002-02,2026-05-18,24,18,6
RG-5002-02,2026-05-19,18,6,12
RG-5002-02,2026-05-20,6,5,1
RG-5002-02,2026-05-21,5,5,0
RG-5002-02,2026-05-22,5,5,0
RG-5002-02,2026-05-23,5,5,0
RG-5002-02,2026-05-24,5,5,0
RG-5002-02,2026-05-25,5,4,1
RG-5002-02,2026-05-26,4,4,0
RG-5002-02,2026-05-27,4,0,4
RG-5002-02,2026-05-28,0,0,0
RG-5002-02,2026-05-29,0,0,0
RG-5002-02,2026-05-30,0,0,0
RG-5002-02,2026-05-31,0,0,0
RG-5002-02,2026-06-01,0,0,0
RG-5002-02,2026-06-02,0,0,0
RG-5002-02,2026-06-03,0,0,0
RG-5002-02,2026-06-04,39,39,0
RG-5002-02,2026-06-05,39,39,0
RG-5002-02,2026-06-06,39,39,0
RG-5002-02,2026-06-07,39,39,0
RG-5002-02,2026-06-08,39,37,2
RG-5002-02,2026-06-09,37,37,0
RG-5002-02,2026-06-10,37,34,3
RG-5002-02,2026-06-11,34,34,0
RG-5002-02,2026-06-12,34,34,0
RG-5002-02,2026-06-13,34,34,0
RG-5002-02,2026-06-14,34,34,0
RG-5002-02,2026-06-15,34,34,0
RG-5002-02,2026-06-16,34,34,0
RG-5002-02,2026-06-17,34,33,1
RG-5002-02,2026-06-18,33,26,7
RG-5002-02,2026-06-19,26,23,3
RG-5002-02,2026-06-20,23,23,0
RG-5002-02,2026-06-21,23,23,0
RG-5002-02,2026-06-22,23,22,1
RG-5002-02,2026-06-23,22,22,0
RG-5002-02,2026-06-24,22,20,2
RG-5002-02,2026-06-25,20,20,0
RG-5002-02,2026-06-26,20,20,0
RG-5002-02,2026-06-27,20,20,0
RG-5002-02,2026-06-28,20,20,0
RG-5002-02,2026-06-29,20,19,1
RG-5002-02,2026-06-30,19,19,0
RG-5002-02,2026-07-01,19,12,7
RG-5002-02,2026-07-02,12,11,1
RG-5002-02,2026-07-03,11,10,1
RG-5002-02,2026-07-04,10,10,0
RG-5002-02,2026-07-05,10,10,0
RG-5002-02,2026-07-06,10,0,10
RG-5002-02,2026-07-07,0,0,0
RG-5002-02,2026-07-08,0,0,0
RG-5002-02,2026-07-09,0,0,0
RG-5002-02,2026-07-10,0,0,0
RG-5002-02,2026-07-11,0,0,0
RG-5002-02,2026-07-12,0,0,0
RG-5002-02,2026-07-13,0,0,0
RG-5002-02,2026-07-14,0,0,0
RG-5002-02,2026-07-15,0,0,0
RG-5002-02,2026-07-16,0,0,0
RG-5002-02,2026-07-17,0,0,0
RG-5002-02,2026-07-18,0,0,0
RG-5002-02,2026-07-19,0,0,0
RG-5002-02,2026-07-20,0,0,0
RG-5002-02,2026-07-21,0,0,0
RG-5002-02,2026-07-22,0,0,0
RG-5002-02,2026-07-23,0,0,0
RG-5002-02,2026-07-24,0,0,0
RG-5002-02,2026-07-25,0,0,0
RG-5002-02,2026-07-26,0,0,0
RG-5002-02,2026-07-27,0,0,0
RG-5002-02,2026-07-28,0,0,0
RG-5002-02,2026-07-29,0,0,0
RG-5002-02,2026-07-30,0,0,0
RG-5002-02,2026-07-31,0,0,0
RG-5002-02,2026-08-01,0,0,0
RG-5002-02,2026-08-02,39,39,0
RG-5002-02,2026-08-03,39,39,0
RG-5002-02,2026-08-04,39,36,3
RG-5002-02,2026-08-05,36,36,0
RG-5002-02,2026-08-06,36,36,0
RG-5002-02,2026-08-07,36,36,0
RG-5002-02,2026-08-08,36,36,0
RG-5002-02,2026-08-09,36,36,0
RG-5002-02,2026-08-10,36,36,0
RG-5002-02,2026-08-11,36,36,0
RG-5002-02,2026-08-12,36,35,1
RG-5002-02,2026-08-13,35,31,4
RG-5002-02,2026-08-14,31,29,2
RG-5002-02,2026-08-15,29,29,0
RG-5002-02,2026-08-16,29,29,0
RG-5002-02,2026-08-17,29,25,4
RG-5002-02,2026-08-18,25,23,2
RG-5002-02,2026-08-19,23,21,2
RG-5002-02,2026-08-20,21,21,0
RG-5002-02,2026-08-21,21,20,1
RG-5002-02,2026-08-22,20,20,0
RG-5002-02,2026-08-23,20,20,0
RG-5002-02,2026-08-24,20,20,0
RG-5002-02,2026-08-25,20,18,2
RG-5002-02,2026-08-26,18,15,3
RG-5002-02,2026-08-27,15,15,0
RG-5002-02,2026-08-28,15,14,1
RG-5002-03,2026-05-01,23,23,0
RG-5002-03,2026-05-02,23,23,0
RG-5002-03,2026-05-03,23,23,0
RG-5002-03,2026-05-04,23,23,0
RG-5002-03,2026-05-05,23,23,0
RG-5002-03,2026-05-06,23,23,0
RG-5002-03,2026-05-07,23,23,0
RG-5002-03,2026-05-08,23,23,0
RG-5002-03,2026-05-09,23,23,0
RG-5002-03,2026-05-10,23,23,0
RG-5002-03,2026-05-11,23,23,0
RG-5002-03,2026-05-12,23,22,1
RG-5002-03,2026-05-13,22,22,0
RG-5002-03,2026-05-14,22,22,0
RG-5002-03,2026-05-15,22,22,0
RG-5002-03,2026-05-16,22,22,0
RG-5002-03,2026-05-17,22,22,0
RG-5002-03,2026-05-18,22,21,1
RG-5002-03,2026-05-19,21,20,1
RG-5002-03,2026-05-20,20,20,0
RG-5002-03,2026-05-21,20,20,0
RG-5002-03,2026-05-22,20,20,0
RG-5002-03,2026-05-23,20,20,0
RG-5002-03,2026-05-24,20,20,0
RG-5002-03,2026-05-25,20,20,0
RG-5002-03,2026-05-26,20,20,0
RG-5002-03,2026-05-27,20,19,1
RG-5002-03,2026-05-28,19,19,0
RG-5002-03,2026-05-29,19,19,0
RG-5002-03,2026-05-30,19,19,0
RG-5002-03,2026-05-31,19,19,0
RG-5002-03,2026-06-01,19,19,0
RG-5002-03,2026-06-02,19,19,0
RG-5002-03,2026-06-03,19,19,0
RG-5002-03,2026-06-04,19,19,0
RG-5002-03,2026-06-05,19,19,0
RG-5002-03,2026-06-06,19,18,1
RG-5002-03,2026-06-07,18,18,0
RG-5002-03,2026-06-08,18,18,0
RG-5002-03,2026-06-09,18,17,1
RG-5002-03,2026-06-10,17,17,0
RG-5002-03,2026-06-11,17,8,9
RG-5002-03,2026-06-12,8,7,1
RG-5002-03,2026-06-13,7,7,0
RG-5002-03,2026-06-14,7,7,0
RG-5002-03,2026-06-15,7,7,0
RG-5002-03,2026-06-16,7,7,0
RG-5002-03,2026-06-17,7,7,0
RG-5002-03,2026-06-18,7,7,0
RG-5002-03,2026-06-19,7,7,0
RG-5002-03,2026-06-20,7,7,0
RG-5002-03,2026-06-21,7,7,0
RG-5002-03,2026-06-22,7,7,0
RG-5002-03,2026-06-23,7,7,0
RG-5002-03,2026-06-24,7,7,0
RG-5002-03,2026-06-25,7,7,0
RG-5002-03,2026-06-26,7,7,0
RG-5002-03,2026-06-27,7,7,0
RG-5002-03,2026-06-28,7,7,0
RG-5002-03,2026-06-29,7,7,0
RG-5002-03,2026-06-30,7,7,0
RG-5002-03,2026-07-01,7,7,0
RG-5002-03,2026-07-02,7,7,0
RG-5002-03,2026-07-03,7,7,0
RG-5002-03,2026-07-04,7,7,0
RG-5002-03,2026-07-05,7,7,0
RG-5002-03,2026-07-06,7,7,0
RG-5002-03,2026-07-07,7,7,0
RG-5002-03,2026-07-08,7,7,0
RG-5002-03,2026-07-09,7,7,0
RG-5002-03,2026-07-10,7,7,0
RG-5002-03,2026-07-11,7,6,1
RG-5002-03,2026-07-12,6,6,0
RG-5002-03,2026-07-13,6,6,0
RG-5002-03,2026-07-14,6,6,0
RG-5002-03,2026-07-15,6,6,0
RG-5002-03,2026-07-16,6,6,0
RG-5002-03,2026-07-17,6,6,0
RG-5002-03,2026-07-18,24,24,0
RG-5002-03,2026-07-19,24,24,0
RG-5002-03,2026-07-20,24,24,0
RG-5002-03,2026-07-21,24,24,0
RG-5002-03,2026-07-22,24,20,4
RG-5002-03,2026-07-23,20,20,0
RG-5002-03,2026-07-24,20,20,0
RG-5002-03,2026-07-25,20,20,0
RG-5002-03,2026-07-26,20,20,0
RG-5002-03,2026-07-27,20,20,0
RG-5002-03,2026-07-28,20,15,5
RG-5002-03,2026-07-29,15,15,0
RG-5002-03,2026-07-30,15,14,1
RG-5002-03,2026-07-31,14,14,0
RG-5002-03,2026-08-01,14,14,0
RG-5002-03,2026-08-02,14,14,0
RG-5002-03,2026-08-03,14,14,0
RG-5002-03,2026-08-04,14,14,0
RG-5002-03,2026-08-05,14,14,0
RG-5002-03,2026-08-06,14,14,0
RG-5002-03,2026-08-07,14,14,0
RG-5002-03,2026-08-08,14,13,1
RG-5002-03,2026-08-09,13,13,0
RG-5002-03,2026-08-10,13,12,1
RG-5002-03,2026-08-11,12,12,0
RG-5002-03,2026-08-12,12,12,0
RG-5002-03,2026-08-13,12,12,0
RG-5002-03,2026-08-14,12,12,0
RG-5002-03,2026-08-15,12,12,0
RG-5002-03,2026-08-16,12,12,0
RG-5002-03,2026-08-17,12,10,2
RG-5002-03,2026-08-18,10,10,0
RG-5002-03,2026-08-19,10,9,1
RG-5002-03,2026-08-20,9,9,0
RG-5002-03,2026-08-21,9,9,0
RG-5002-03,2026-08-22,9,9,0
RG-5002-03,2026-08-23,9,9,0
RG-5002-03,2026-08-24,9,9,0
RG-5002-03,2026-08-25,9,9,0
RG-5002-03,2026-08-26,9,9,0
RG-5002-03,2026-08-27,9,9,0
RG-5002-03,2026-08-28,9,9,0
RG-5003-01,2026-05-01,45,45,0
RG-5003-01,2026-05-02,45,42,3
RG-5003-01,2026-05-03,42,42,0
RG-5003-01,2026-05-04,42,42,0
RG-5003-01,2026-05-05,42,42,0
RG-5003-01,2026-05-06,42,42,0
RG-5003-01,2026-05-07,42,41,1
RG-5003-01,2026-05-08,41,39,2
RG-5003-01,2026-05-09,39,39,0
RG-5003-01,2026-05-10,39,39,0
RG-5003-01,2026-05-11,39,36,3
RG-5003-01,2026-05-12,36,33,3
RG-5003-01,2026-05-13,33,31,2
RG-5003-01,2026-05-14,31,31,0
RG-5003-01,2026-05-15,31,30,1
RG-5003-01,2026-05-16,30,30,0
RG-5003-01,2026-05-17,30,30,0
RG-5003-01,2026-05-18,30,30,0
RG-5003-01,2026-05-19,30,28,2
RG-5003-01,2026-05-20,28,27,1
RG-5003-01,2026-05-21,27,27,0
RG-5003-01,2026-05-22,27,26,1
RG-5003-01,2026-05-23,26,25,1
RG-5003-01,2026-05-24,25,25,0
RG-5003-01,2026-05-25,25,25,0
RG-5003-01,2026-05-26,25,23,2
RG-5003-01,2026-05-27,23,18,5
RG-5003-01,2026-05-28,18,18,0
RG-5003-01,2026-05-29,18,17,1
RG-5003-01,2026-05-30,17,17,0
RG-5003-01,2026-05-31,17,17,0
RG-5003-01,2026-06-01,17,14,3
RG-5003-01,2026-06-02,14,13,1
RG-5003-01,2026-06-03,13,7,6
RG-5003-01,2026-06-04,7,7,0
RG-5003-01,2026-06-05,7,7,0
RG-5003-01,2026-06-06,7,7,0
RG-5003-01,2026-06-07,7,7,0
RG-5003-01,2026-06-08,7,4,3
RG-5003-01,2026-06-09,4,2,2
RG-5003-01,2026-06-10,2,1,1
RG-5003-01,2026-06-11,1,0,1
RG-5003-01,2026-06-12,0,0,0
RG-5003-01,2026-06-13,0,0,0
RG-5003-01,2026-06-14,0,0,0
RG-5003-01,2026-06-15,0,0,0
RG-5003-01,2026-06-16,0,0,0
RG-5003-01,2026-06-17,58,57,1
RG-5003-01,2026-06-18,57,57,0
RG-5003-01,2026-06-19,57,54,3
RG-5003-01,2026-06-20,54,54,0
RG-5003-01,2026-06-21,54,54,0
RG-5003-01,2026-06-22,54,54,0
RG-5003-01,2026-06-23,54,49,5
RG-5003-01,2026-06-24,49,49,0
RG-5003-01,2026-06-25,49,48,1
RG-5003-01,2026-06-26,48,48,0
RG-5003-01,2026-06-27,48,45,3
RG-5003-01,2026-06-28,45,45,0
RG-5003-01,2026-06-29,45,44,1
RG-5003-01,2026-06-30,44,41,3
RG-5003-01,2026-07-01,41,38,3
RG-5003-01,2026-07-02,38,36,2
RG-5003-01,2026-07-03,36,35,1
RG-5003-01,2026-07-04,35,35,0
RG-5003-01,2026-07-05,35,35,0
RG-5003-01,2026-07-06,35,35,0
RG-5003-01,2026-07-07,35,29,6
RG-5003-01,2026-07-08,29,29,0
RG-5003-01,2026-07-09,29,29,0
RG-5003-01,2026-07-10,29,26,3
RG-5003-01,2026-07-11,26,26,0
RG-5003-01,2026-07-12,26,26,0
RG-5003-01,2026-07-13,26,25,1
RG-5003-01,2026-07-14,25,25,0
RG-5003-01,2026-07-15,25,25,0
RG-5003-01,2026-07-16,25,23,2
RG-5003-01,2026-07-17,23,22,1
RG-5003-01,2026-07-18,22,22,0
RG-5003-01,2026-07-19,22,22,0
RG-5003-01,2026-07-20,22,17,5
RG-5003-01,2026-07-21,17,0,17
RG-5003-01,2026-07-22,0,0,0
RG-5003-01,2026-07-23,0,0,0
RG-5003-01,2026-07-24,0,0,0
RG-5003-01,2026-07-25,0,0,0
RG-5003-01,2026-07-26,0,0,0
RG-5003-01,2026-07-27,0,0,0
RG-5003-01,2026-07-28,0,0,0
RG-5003-01,2026-07-29,0,0,0
RG-5003-01,2026-07-30,0,0,0
RG-5003-01,2026-07-31,0,0,0
RG-5003-01,2026-08-01,0,0,0
RG-5003-01,2026-08-02,0,0,0
RG-5003-01,2026-08-03,0,0,0
RG-5003-01,2026-08-04,0,0,0
RG-5003-01,2026-08-05,0,0,0
RG-5003-01,2026-08-06,0,0,0
RG-5003-01,2026-08-07,0,0,0
RG-5003-01,2026-08-08,0,0,0
RG-5003-01,2026-08-09,0,0,0
RG-5003-01,2026-08-10,58,58,0
RG-5003-01,2026-08-11,58,57,1
RG-5003-01,2026-08-12,57,57,0
RG-5003-01,2026-08-13,57,55,2
RG-5003-01,2026-08-14,55,55,0
RG-5003-01,2026-08-15,55,55,0
RG-5003-01,2026-08-16,55,55,0
RG-5003-01,2026-08-17,55,54,1
RG-5003-01,2026-08-18,54,53,1
RG-5003-01,2026-08-19,53,51,2
RG-5003-01,2026-08-20,51,51,0
RG-5003-01,2026-08-21,51,39,12
RG-5003-01,2026-08-22,39,39,0
RG-5003-01,2026-08-23,39,39,0
RG-5003-01,2026-08-24,39,26,13
RG-5003-01,2026-08-25,26,17,9
RG-5003-01,2026-08-26,17,17,0
RG-5003-01,2026-08-27,17,13,4
RG-5003-01,2026-08-28,13,11,2
RG-5003-02,2026-05-01,26,26,0
RG-5003-02,2026-05-02,26,26,0
RG-5003-02,2026-05-03,26,26,0
RG-5003-02,2026-05-04,26,25,1
RG-5003-02,2026-05-05,25,24,1
RG-5003-02,2026-05-06,24,24,0
RG-5003-02,2026-05-07,24,23,1
RG-5003-02,2026-05-08,23,22,1
RG-5003-02,2026-05-09,22,22,0
RG-5003-02,2026-05-10,22,22,0
RG-5003-02,2026-05-11,22,22,0
RG-5003-02,2026-05-12,22,22,0
RG-5003-02,2026-05-13,22,22,0
RG-5003-02,2026-05-14,22,22,0
RG-5003-02,2026-05-15,22,21,1
RG-5003-02,2026-05-16,21,21,0
RG-5003-02,2026-05-17,21,21,0
RG-5003-02,2026-05-18,21,21,0
RG-5003-02,2026-05-19,21,21,0
RG-5003-02,2026-05-20,21,21,0
RG-5003-02,2026-05-21,21,20,1
RG-5003-02,2026-05-22,20,20,0
RG-5003-02,2026-05-23,20,20,0
RG-5003-02,2026-05-24,20,20,0
RG-5003-02,2026-05-25,20,20,0
RG-5003-02,2026-05-26,20,20,0
RG-5003-02,2026-05-27,20,20,0
RG-5003-02,2026-05-28,20,17,3
RG-5003-02,2026-05-29,17,17,0
RG-5003-02,2026-05-30,17,17,0
RG-5003-02,2026-05-31,17,17,0
RG-5003-02,2026-06-01,17,17,0
RG-5003-02,2026-06-02,17,17,0
RG-5003-02,2026-06-03,17,17,0
RG-5003-02,2026-06-04,17,17,0
RG-5003-02,2026-06-05,17,17,0
RG-5003-02,2026-06-06,17,17,0
RG-5003-02,2026-06-07,17,17,0
RG-5003-02,2026-06-08,17,17,0
RG-5003-02,2026-06-09,17,17,0
RG-5003-02,2026-06-10,17,17,0
RG-5003-02,2026-06-11,17,17,0
RG-5003-02,2026-06-12,17,17,0
RG-5003-02,2026-06-13,17,16,1
RG-5003-02,2026-06-14,16,16,0
RG-5003-02,2026-06-15,16,16,0
RG-5003-02,2026-06-16,16,16,0
RG-5003-02,2026-06-17,16,16,0
RG-5003-02,2026-06-18,16,15,1
RG-5003-02,2026-06-19,15,15,0
RG-5003-02,2026-06-20,15,15,0
RG-5003-02,2026-06-21,15,15,0
RG-5003-02,2026-06-22,15,15,0
RG-5003-02,2026-06-23,15,15,0
RG-5003-02,2026-06-24,15,15,0
RG-5003-02,2026-06-25,15,15,0
RG-5003-02,2026-06-26,15,15,0
RG-5003-02,2026-06-27,15,14,1
RG-5003-02,2026-06-28,14,14,0
RG-5003-02,2026-06-29,14,14,0
RG-5003-02,2026-06-30,14,14,0
RG-5003-02,2026-07-01,14,11,3
RG-5003-02,2026-07-02,11,11,0
RG-5003-02,2026-07-03,11,11,0
RG-5003-02,2026-07-04,11,10,1
RG-5003-02,2026-07-05,10,10,0
RG-5003-02,2026-07-06,10,7,3
RG-5003-02,2026-07-07,7,6,1
RG-5003-02,2026-07-08,6,0,6
RG-5003-02,2026-07-09,0,0,0
RG-5003-02,2026-07-10,0,0,0
RG-5003-02,2026-07-11,0,0,0
RG-5003-02,2026-07-12,0,0,0
RG-5003-02,2026-07-13,0,0,0
RG-5003-02,2026-07-14,0,0,0
RG-5003-02,2026-07-15,0,0,0
RG-5003-02,2026-07-16,0,0,0
RG-5003-02,2026-07-17,0,0,0
RG-5003-02,2026-07-18,0,0,0
RG-5003-02,2026-07-19,0,0,0
RG-5003-02,2026-07-20,0,0,0
RG-5003-02,2026-07-21,0,0,0
RG-5003-02,2026-07-22,0,0,0
RG-5003-02,2026-07-23,0,0,0
RG-5003-02,2026-07-24,0,0,0
RG-5003-02,2026-07-25,0,0,0
RG-5003-02,2026-07-26,0,0,0
RG-5003-02,2026-07-27,0,0,0
RG-5003-02,2026-07-28,0,0,0
RG-5003-02,2026-07-29,0,0,0
RG-5003-02,2026-07-30,0,0,0
RG-5003-02,2026-07-31,0,0,0
RG-5003-02,2026-08-01,0,0,0
RG-5003-02,2026-08-02,0,0,0
RG-5003-02,2026-08-03,0,0,0
RG-5003-02,2026-08-04,0,0,0
RG-5003-02,2026-08-05,0,0,0
RG-5003-02,2026-08-06,0,0,0
RG-5003-02,2026-08-07,0,0,0
RG-5003-02,2026-08-08,21,21,0
RG-5003-02,2026-08-09,21,21,0
RG-5003-02,2026-08-10,21,21,0
RG-5003-02,2026-08-11,21,21,0
RG-5003-02,2026-08-12,21,20,1
RG-5003-02,2026-08-13,20,19,1
RG-5003-02,2026-08-14,19,19,0
RG-5003-02,2026-08-15,19,19,0
RG-5003-02,2026-08-16,19,19,0
RG-5003-02,2026-08-17,19,19,0
RG-5003-02,2026-08-18,19,18,1
RG-5003-02,2026-08-19,18,16,2
RG-5003-02,2026-08-20,16,16,0
RG-5003-02,2026-08-21,16,16,0
RG-5003-02,2026-08-22,16,16,0
RG-5003-02,2026-08-23,16,16,0
RG-5003-02,2026-08-24,16,16,0
RG-5003-02,2026-08-25,16,15,1
RG-5003-02,2026-08-26,15,14,1
RG-5003-02,2026-08-27,14,14,0
RG-5003-02,2026-08-28,14,12,2
RG-5003-03,2026-05-01,8,8,0
RG-5003-03,2026-05-02,8,8,0
RG-5003-03,2026-05-03,8,8,0
RG-5003-03,2026-05-04,8,8,0
RG-5003-03,2026-05-05,8,8,0
RG-5003-03,2026-05-06,8,8,0
RG-5003-03,2026-05-07,8,8,0
RG-5003-03,2026-05-08,8,8,0
RG-5003-03,2026-05-09,8,8,0
RG-5003-03,2026-05-10,8,8,0
RG-5003-03,2026-05-11,8,8,0
RG-5003-03,2026-05-12,8,8,0
RG-5003-03,2026-05-13,8,8,0
RG-5003-03,2026-05-14,8,5,3
RG-5003-03,2026-05-15,5,5,0
RG-5003-03,2026-05-16,5,5,0
RG-5003-03,2026-05-17,5,5,0
RG-5003-03,2026-05-18,5,5,0
RG-5003-03,2026-05-19,5,5,0
RG-5003-03,2026-05-20,5,5,0
RG-5003-03,2026-05-21,5,5,0
RG-5003-03,2026-05-22,5,5,0
RG-5003-03,2026-05-23,5,5,0
RG-5003-03,2026-05-24,5,5,0
RG-5003-03,2026-05-25,5,5,0
RG-5003-03,2026-05-26,5,5,0
RG-5003-03,2026-05-27,5,5,0
RG-5003-03,2026-05-28,5,5,0
RG-5003-03,2026-05-29,5,5,0
RG-5003-03,2026-05-30,5,5,0
RG-5003-03,2026-05-31,5,5,0
RG-5003-03,2026-06-01,5,5,0
RG-5003-03,2026-06-02,5,5,0
RG-5003-03,2026-06-03,5,5,0
RG-5003-03,2026-06-04,5,5,0
RG-5003-03,2026-06-05,5,5,0
RG-5003-03,2026-06-06,5,5,0
RG-5003-03,2026-06-07,5,5,0
RG-5003-03,2026-06-08,5,5,0
RG-5003-03,2026-06-09,23,23,0
RG-5003-03,2026-06-10,23,23,0
RG-5003-03,2026-06-11,23,23,0
RG-5003-03,2026-06-12,23,23,0
RG-5003-03,2026-06-13,23,23,0
RG-5003-03,2026-06-14,23,23,0
RG-5003-03,2026-06-15,23,23,0
RG-5003-03,2026-06-16,23,23,0
RG-5003-03,2026-06-17,23,23,0
RG-5003-03,2026-06-18,23,23,0
RG-5003-03,2026-06-19,23,23,0
RG-5003-03,2026-06-20,23,23,0
RG-5003-03,2026-06-21,23,23,0
RG-5003-03,2026-06-22,23,23,0
RG-5003-03,2026-06-23,23,22,1
RG-5003-03,2026-06-24,22,22,0
RG-5003-03,2026-06-25,22,21,1
RG-5003-03,2026-06-26,21,21,0
RG-5003-03,2026-06-27,21,21,0
RG-5003-03,2026-06-28,21,21,0
RG-5003-03,2026-06-29,21,21,0
RG-5003-03,2026-06-30,21,20,1
RG-5003-03,2026-07-01,20,20,0
RG-5003-03,2026-07-02,20,20,0
RG-5003-03,2026-07-03,20,20,0
RG-5003-03,2026-07-04,20,20,0
RG-5003-03,2026-07-05,20,20,0
RG-5003-03,2026-07-06,20,19,1
RG-5003-03,2026-07-07,19,18,1
RG-5003-03,2026-07-08,18,18,0
RG-5003-03,2026-07-09,18,18,0
RG-5003-03,2026-07-10,18,18,0
RG-5003-03,2026-07-11,18,18,0
RG-5003-03,2026-07-12,18,18,0
RG-5003-03,2026-07-13,18,18,0
RG-5003-03,2026-07-14,18,18,0
RG-5003-03,2026-07-15,18,18,0
RG-5003-03,2026-07-16,18,18,0
RG-5003-03,2026-07-17,18,17,1
RG-5003-03,2026-07-18,17,17,0
RG-5003-03,2026-07-19,17,17,0
RG-5003-03,2026-07-20,17,17,0
RG-5003-03,2026-07-21,17,16,1
RG-5003-03,2026-07-22,16,16,0
RG-5003-03,2026-07-23,16,16,0
RG-5003-03,2026-07-24,16,16,0
RG-5003-03,2026-07-25,16,16,0
RG-5003-03,2026-07-26,16,16,0
RG-5003-03,2026-07-27,16,16,0
RG-5003-03,2026-07-28,16,16,0
RG-5003-03,2026-07-29,16,16,0
RG-5003-03,2026-07-30,16,16,0
RG-5003-03,2026-07-31,16,16,0
RG-5003-03,2026-08-01,16,16,0
RG-5003-03,2026-08-02,16,16,0
RG-5003-03,2026-08-03,16,15,1
RG-5003-03,2026-08-04,15,15,0
RG-5003-03,2026-08-05,15,15,0
RG-5003-03,2026-08-06,15,15,0
RG-5003-03,2026-08-07,15,15,0
RG-5003-03,2026-08-08,15,15,0
RG-5003-03,2026-08-09,15,15,0
RG-5003-03,2026-08-10,15,15,0
RG-5003-03,2026-08-11,15,14,1
RG-5003-03,2026-08-12,14,14,0
RG-5003-03,2026-08-13,14,14,0
RG-5003-03,2026-08-14,14,14,0
RG-5003-03,2026-08-15,14,14,0
RG-5003-03,2026-08-16,14,14,0
RG-5003-03,2026-08-17,14,14,0
RG-5003-03,2026-08-18,14,14,0
RG-5003-03,2026-08-19,14,13,1
RG-5003-03,2026-08-20,13,13,0
RG-5003-03,2026-08-21,13,13,0
RG-5003-03,2026-08-22,13,12,1
RG-5003-03,2026-08-23,12,12,0
RG-5003-03,2026-08-24,12,12,0
RG-5003-03,2026-08-25,12,12,0
RG-5003-03,2026-08-26,12,12,0
RG-5003-03,2026-08-27,12,11,1
RG-5003-03,2026-08-28,11,11,0
RG-5010-01,2026-05-01,41,41,0
RG-5010-01,2026-05-02,41,41,0
RG-5010-01,2026-05-03,41,41,0
RG-5010-01,2026-05-04,41,41,0
RG-5010-01,2026-05-05,41,38,3
RG-5010-01,2026-05-06,38,37,1
RG-5010-01,2026-05-07,37,37,0
RG-5010-01,2026-05-08,37,32,5
RG-5010-01,2026-05-09,32,32,0
RG-5010-01,2026-05-10,32,32,0
RG-5010-01,2026-05-11,32,32,0
RG-5010-01,2026-05-12,32,28,4
RG-5010-01,2026-05-13,28,28,0
RG-5010-01,2026-05-14,28,27,1
RG-5010-01,2026-05-15,27,26,1
RG-5010-01,2026-05-16,26,25,1
RG-5010-01,2026-05-17,25,25,0
RG-5010-01,2026-05-18,25,25,0
RG-5010-01,2026-05-19,25,25,0
RG-5010-01,2026-05-20,25,25,0
RG-5010-01,2026-05-21,25,25,0
RG-5010-01,2026-05-22,25,25,0
RG-5010-01,2026-05-23,25,25,0
RG-5010-01,2026-05-24,25,25,0
RG-5010-01,2026-05-25,25,25,0
RG-5010-01,2026-05-26,25,11,14
RG-5010-01,2026-05-27,11,0,11
RG-5010-01,2026-05-28,0,0,0
RG-5010-01,2026-05-29,0,0,0
RG-5010-01,2026-05-30,0,0,0
RG-5010-01,2026-05-31,0,0,0
RG-5010-01,2026-06-01,0,0,0
RG-5010-01,2026-06-02,0,0,0
RG-5010-01,2026-06-03,0,0,0
RG-5010-01,2026-06-04,0,0,0
RG-5010-01,2026-06-05,0,0,0
RG-5010-01,2026-06-06,0,0,0
RG-5010-01,2026-06-07,0,0,0
RG-5010-01,2026-06-08,0,0,0
RG-5010-01,2026-06-09,0,0,0
RG-5010-01,2026-06-10,0,0,0
RG-5010-01,2026-06-11,0,0,0
RG-5010-01,2026-06-12,0,0,0
RG-5010-01,2026-06-13,0,0,0
RG-5010-01,2026-06-14,0,0,0
RG-5010-01,2026-06-15,0,0,0
RG-5010-01,2026-06-16,0,0,0
RG-5010-01,2026-06-17,0,0,0
RG-5010-01,2026-06-18,0,0,0
RG-5010-01,2026-06-19,0,0,0
RG-5010-01,2026-06-20,48,48,0
RG-5010-01,2026-06-21,48,48,0
RG-5010-01,2026-06-22,48,48,0
RG-5010-01,2026-06-23,48,47,1
RG-5010-01,2026-06-24,47,47,0
RG-5010-01,2026-06-25,47,46,1
RG-5010-01,2026-06-26,46,41,5
RG-5010-01,2026-06-27,41,38,3
RG-5010-01,2026-06-28,38,38,0
RG-5010-01,2026-06-29,38,38,0
RG-5010-01,2026-06-30,38,37,1
RG-5010-01,2026-07-01,37,36,1
RG-5010-01,2026-07-02,36,36,0
RG-5010-01,2026-07-03,36,36,0
RG-5010-01,2026-07-04,36,34,2
RG-5010-01,2026-07-05,34,34,0
RG-5010-01,2026-07-06,34,32,2
RG-5010-01,2026-07-07,32,32,0
RG-5010-01,2026-07-08,32,32,0
RG-5010-01,2026-07-09,32,32,0
RG-5010-01,2026-07-10,32,32,0
RG-5010-01,2026-07-11,32,32,0
RG-5010-01,2026-07-12,32,32,0
RG-5010-01,2026-07-13,32,28,4
RG-5010-01,2026-07-14,28,12,16
RG-5010-01,2026-07-15,12,7,5
RG-5010-01,2026-07-16,7,7,0
RG-5010-01,2026-07-17,7,5,2
RG-5010-01,2026-07-18,5,5,0
RG-5010-01,2026-07-19,5,5,0
RG-5010-01,2026-07-20,5,5,0
RG-5010-01,2026-07-21,5,5,0
RG-5010-01,2026-07-22,5,4,1
RG-5010-01,2026-07-23,4,0,4
RG-5010-01,2026-07-24,0,0,0
RG-5010-01,2026-07-25,0,0,0
RG-5010-01,2026-07-26,0,0,0
RG-5010-01,2026-07-27,0,0,0
RG-5010-01,2026-07-28,0,0,0
RG-5010-01,2026-07-29,0,0,0
RG-5010-01,2026-07-30,0,0,0
RG-5010-01,2026-07-31,0,0,0
RG-5010-01,2026-08-01,0,0,0
RG-5010-01,2026-08-02,0,0,0
RG-5010-01,2026-08-03,0,0,0
RG-5010-01,2026-08-04,0,0,0
RG-5010-01,2026-08-05,0,0,0
RG-5010-01,2026-08-06,0,0,0
RG-5010-01,2026-08-07,48,48,0
RG-5010-01,2026-08-08,48,48,0
RG-5010-01,2026-08-09,48,48,0
RG-5010-01,2026-08-10,48,48,0
RG-5010-01,2026-08-11,48,48,0
RG-5010-01,2026-08-12,48,47,1
RG-5010-01,2026-08-13,47,47,0
RG-5010-01,2026-08-14,47,44,3
RG-5010-01,2026-08-15,44,44,0
RG-5010-01,2026-08-16,44,44,0
RG-5010-01,2026-08-17,44,42,2
RG-5010-01,2026-08-18,42,42,0
RG-5010-01,2026-08-19,42,41,1
RG-5010-01,2026-08-20,41,41,0
RG-5010-01,2026-08-21,41,41,0
RG-5010-01,2026-08-22,41,41,0
RG-5010-01,2026-08-23,41,41,0
RG-5010-01,2026-08-24,41,40,1
RG-5010-01,2026-08-25,40,36,4
RG-5010-01,2026-08-26,36,30,6
RG-5010-01,2026-08-27,30,30,0
RG-5010-01,2026-08-28,30,29,1
RG-5010-02,2026-05-01,23,23,0
RG-5010-02,2026-05-02,23,23,0
RG-5010-02,2026-05-03,23,23,0
RG-5010-02,2026-05-04,23,23,0
RG-5010-02,2026-05-05,23,23,0
RG-5010-02,2026-05-06,23,23,0
RG-5010-02,2026-05-07,23,23,0
RG-5010-02,2026-05-08,23,23,0
RG-5010-02,2026-05-09,23,23,0
RG-5010-02,2026-05-10,23,23,0
RG-5010-02,2026-05-11,23,23,0
RG-5010-02,2026-05-12,23,23,0
RG-5010-02,2026-05-13,23,22,1
RG-5010-02,2026-05-14,22,22,0
RG-5010-02,2026-05-15,22,22,0
RG-5010-02,2026-05-16,22,22,0
RG-5010-02,2026-05-17,22,22,0
RG-5010-02,2026-05-18,22,22,0
RG-5010-02,2026-05-19,22,22,0
RG-5010-02,2026-05-20,22,22,0
RG-5010-02,2026-05-21,22,22,0
RG-5010-02,2026-05-22,22,22,0
RG-5010-02,2026-05-23,22,22,0
RG-5010-02,2026-05-24,22,22,0
RG-5010-02,2026-05-25,22,22,0
RG-5010-02,2026-05-26,22,22,0
RG-5010-02,2026-05-27,22,22,0
RG-5010-02,2026-05-28,22,22,0
RG-5010-02,2026-05-29,22,18,4
RG-5010-02,2026-05-30,18,18,0
RG-5010-02,2026-05-31,18,18,0
RG-5010-02,2026-06-01,18,18,0
RG-5010-02,2026-06-02,18,18,0
RG-5010-02,2026-06-03,18,17,1
RG-5010-02,2026-06-04,17,17,0
RG-5010-02,2026-06-05,17,17,0
RG-5010-02,2026-06-06,17,17,0
RG-5010-02,2026-06-07,17,17,0
RG-5010-02,2026-06-08,17,17,0
RG-5010-02,2026-06-09,17,17,0
RG-5010-02,2026-06-10,17,17,0
RG-5010-02,2026-06-11,17,17,0
RG-5010-02,2026-06-12,17,17,0
RG-5010-02,2026-06-13,17,17,0
RG-5010-02,2026-06-14,17,17,0
RG-5010-02,2026-06-15,17,16,1
RG-5010-02,2026-06-16,16,15,1
RG-5010-02,2026-06-17,15,15,0
RG-5010-02,2026-06-18,15,15,0
RG-5010-02,2026-06-19,15,15,0
RG-5010-02,2026-06-20,15,15,0
RG-5010-02,2026-06-21,15,15,0
RG-5010-02,2026-06-22,15,15,0
RG-5010-02,2026-06-23,15,15,0
RG-5010-02,2026-06-24,15,15,0
RG-5010-02,2026-06-25,15,15,0
RG-5010-02,2026-06-26,15,10,5
RG-5010-02,2026-06-27,10,10,0
RG-5010-02,2026-06-28,10,10,0
RG-5010-02,2026-06-29,10,10,0
RG-5010-02,2026-06-30,10,10,0
RG-5010-02,2026-07-01,10,9,1
RG-5010-02,2026-07-02,9,9,0
RG-5010-02,2026-07-03,9,9,0
RG-5010-02,2026-07-04,9,9,0
RG-5010-02,2026-07-05,9,9,0
RG-5010-02,2026-07-06,9,9,0
RG-5010-02,2026-07-07,9,9,0
RG-5010-02,2026-07-08,9,8,1
RG-5010-02,2026-07-09,8,8,0
RG-5010-02,2026-07-10,8,7,1
RG-5010-02,2026-07-11,7,7,0
RG-5010-02,2026-07-12,7,7,0
RG-5010-02,2026-07-13,7,7,0
RG-5010-02,2026-07-14,7,7,0
RG-5010-02,2026-07-15,7,7,0
RG-5010-02,2026-07-16,7,7,0
RG-5010-02,2026-07-17,7,7,0
RG-5010-02,2026-07-18,7,7,0
RG-5010-02,2026-07-19,7,7,0
RG-5010-02,2026-07-20,7,7,0
RG-5010-02,2026-07-21,7,7,0
RG-5010-02,2026-07-22,7,7,0
RG-5010-02,2026-07-23,7,6,1
RG-5010-02,2026-07-24,6,6,0
RG-5010-02,2026-07-25,6,6,0
RG-5010-02,2026-07-26,6,6,0
RG-5010-02,2026-07-27,6,6,0
RG-5010-02,2026-07-28,6,6,0
RG-5010-02,2026-07-29,6,6,0
RG-5010-02,2026-07-30,6,5,1
RG-5010-02,2026-07-31,5,5,0
RG-5010-02,2026-08-01,5,5,0
RG-5010-02,2026-08-02,5,5,0
RG-5010-02,2026-08-03,5,5,0
RG-5010-02,2026-08-04,5,5,0
RG-5010-02,2026-08-05,5,5,0
RG-5010-02,2026-08-06,5,5,0
RG-5010-02,2026-08-07,5,3,2
RG-5010-02,2026-08-08,3,3,0
RG-5010-02,2026-08-09,3,3,0
RG-5010-02,2026-08-10,16,16,0
RG-5010-02,2026-08-11,16,16,0
RG-5010-02,2026-08-12,16,16,0
RG-5010-02,2026-08-13,16,16,0
RG-5010-02,2026-08-14,16,16,0
RG-5010-02,2026-08-15,16,16,0
RG-5010-02,2026-08-16,16,16,0
RG-5010-02,2026-08-17,16,16,0
RG-5010-02,2026-08-18,16,12,4
RG-5010-02,2026-08-19,12,12,0
RG-5010-02,2026-08-20,12,12,0
RG-5010-02,2026-08-21,12,12,0
RG-5010-02,2026-08-22,12,12,0
RG-5010-02,2026-08-23,12,12,0
RG-5010-02,2026-08-24,12,9,3
RG-5010-02,2026-08-25,9,8,1
RG-5010-02,2026-08-26,8,8,0
RG-5010-02,2026-08-27,8,8,0
RG-5010-02,2026-08-28,8,7,1
RG-5010-03,2026-05-01,9,9,0
RG-5010-03,2026-05-02,9,9,0
RG-5010-03,2026-05-03,9,9,0
RG-5010-03,2026-05-04,9,9,0
RG-5010-03,2026-05-05,9,9,0
RG-5010-03,2026-05-06,9,9,0
RG-5010-03,2026-05-07,9,9,0
RG-5010-03,2026-05-08,9,9,0
RG-5010-03,2026-05-09,9,9,0
RG-5010-03,2026-05-10,9,9,0
RG-5010-03,2026-05-11,9,9,0
RG-5010-03,2026-05-12,9,9,0
RG-5010-03,2026-05-13,9,9,0
RG-5010-03,2026-05-14,9,9,0
RG-5010-03,2026-05-15,9,9,0
RG-5010-03,2026-05-16,9,9,0
RG-5010-03,2026-05-17,9,9,0
RG-5010-03,2026-05-18,9,9,0
RG-5010-03,2026-05-19,9,9,0
RG-5010-03,2026-05-20,9,9,0
RG-5010-03,2026-05-21,9,9,0
RG-5010-03,2026-05-22,9,9,0
RG-5010-03,2026-05-23,9,9,0
RG-5010-03,2026-05-24,9,9,0
RG-5010-03,2026-05-25,9,9,0
RG-5010-03,2026-05-26,9,9,0
RG-5010-03,2026-05-27,9,8,1
RG-5010-03,2026-05-28,8,8,0
RG-5010-03,2026-05-29,8,8,0
RG-5010-03,2026-05-30,8,8,0
RG-5010-03,2026-05-31,8,8,0
RG-5010-03,2026-06-01,8,8,0
RG-5010-03,2026-06-02,8,8,0
RG-5010-03,2026-06-03,8,7,1
RG-5010-03,2026-06-04,7,7,0
RG-5010-03,2026-06-05,7,7,0
RG-5010-03,2026-06-06,7,7,0
RG-5010-03,2026-06-07,7,7,0
RG-5010-03,2026-06-08,7,7,0
RG-5010-03,2026-06-09,7,6,1
RG-5010-03,2026-06-10,6,6,0
RG-5010-03,2026-06-11,6,6,0
RG-5010-03,2026-06-12,6,0,6
RG-5010-03,2026-06-13,0,0,0
RG-5010-03,2026-06-14,0,0,0
RG-5010-03,2026-06-15,0,0,0
RG-5010-03,2026-06-16,0,0,0
RG-5010-03,2026-06-17,0,0,0
RG-5010-03,2026-06-18,0,0,0
RG-5010-03,2026-06-19,0,0,0
RG-5010-03,2026-06-20,0,0,0
RG-5010-03,2026-06-21,0,0,0
RG-5010-03,2026-06-22,0,0,0
RG-5010-03,2026-06-23,0,0,0
RG-5010-03,2026-06-24,0,0,0
RG-5010-03,2026-06-25,0,0,0
RG-5010-03,2026-06-26,0,0,0
RG-5010-03,2026-06-27,0,0,0
RG-5010-03,2026-06-28,0,0,0
RG-5010-03,2026-06-29,0,0,0
RG-5010-03,2026-06-30,0,0,0
RG-5010-03,2026-07-01,0,0,0
RG-5010-03,2026-07-02,0,0,0
RG-5010-03,2026-07-03,0,0,0
RG-5010-03,2026-07-04,0,0,0
RG-5010-03,2026-07-05,0,0,0
RG-5010-03,2026-07-06,0,0,0
RG-5010-03,2026-07-07,0,0,0
RG-5010-03,2026-07-08,0,0,0
RG-5010-03,2026-07-09,0,0,0
RG-5010-03,2026-07-10,0,0,0
RG-5010-03,2026-07-11,0,0,0
RG-5010-03,2026-07-12,0,0,0
RG-5010-03,2026-07-13,0,0,0
RG-5010-03,2026-07-14,0,0,0
RG-5010-03,2026-07-15,0,0,0
RG-5010-03,2026-07-16,13,13,0
RG-5010-03,2026-07-17,13,13,0
RG-5010-03,2026-07-18,13,13,0
RG-5010-03,2026-07-19,13,13,0
RG-5010-03,2026-07-20,13,13,0
RG-5010-03,2026-07-21,13,13,0
RG-5010-03,2026-07-22,13,13,0
RG-5010-03,2026-07-23,13,12,1
RG-5010-03,2026-07-24,12,12,0
RG-5010-03,2026-07-25,12,12,0
RG-5010-03,2026-07-26,12,12,0
RG-5010-03,2026-07-27,12,12,0
RG-5010-03,2026-07-28,12,12,0
RG-5010-03,2026-07-29,12,12,0
RG-5010-03,2026-07-30,12,12,0
RG-5010-03,2026-07-31,12,11,1
RG-5010-03,2026-08-01,11,11,0
RG-5010-03,2026-08-02,11,11,0
RG-5010-03,2026-08-03,11,11,0
RG-5010-03,2026-08-04,11,11,0
RG-5010-03,2026-08-05,11,11,0
RG-5010-03,2026-08-06,11,11,0
RG-5010-03,2026-08-07,11,11,0
RG-5010-03,2026-08-08,11,11,0
RG-5010-03,2026-08-09,11,11,0
RG-5010-03,2026-08-10,11,11,0
RG-5010-03,2026-08-11,11,11,0
RG-5010-03,2026-08-12,11,11,0
RG-5010-03,2026-08-13,11,11,0
RG-5010-03,2026-08-14,11,10,1
RG-5010-03,2026-08-15,10,10,0
RG-5010-03,2026-08-16,10,10,0
RG-5010-03,2026-08-17,10,10,0
RG-5010-03,2026-08-18,10,2,8
RG-5010-03,2026-08-19,2,2,0
RG-5010-03,2026-08-20,2,2,0
RG-5010-03,2026-08-21,2,2,0
RG-5010-03,2026-08-22,2,2,0
RG-5010-03,2026-08-23,2,2,0
RG-5010-03,2026-08-24,2,2,0
RG-5010-03,2026-08-25,2,2,0
RG-5010-03,2026-08-26,2,2,0
RG-5010-03,2026-08-27,2,2,0
RG-5010-03,2026-08-28,2,2,0
RG-5020-01,2026-05-01,123,123,0
RG-5020-01,2026-05-02,123,122,1
RG-5020-01,2026-05-03,122,122,0
RG-5020-01,2026-05-04,122,106,16
RG-5020-01,2026-05-05,106,100,6
RG-5020-01,2026-05-06,100,98,2
RG-5020-01,2026-05-07,98,93,5
RG-5020-01,2026-05-08,93,87,6
RG-5020-01,2026-05-09,87,87,0
RG-5020-01,2026-05-10,87,87,0
RG-5020-01,2026-05-11,87,55,32
RG-5020-01,2026-05-12,55,54,1
RG-5020-01,2026-05-13,54,5,49
RG-5020-01,2026-05-14,5,5,0
RG-5020-01,2026-05-15,5,5,0
RG-5020-01,2026-05-16,5,4,1
RG-5020-01,2026-05-17,4,4,0
RG-5020-01,2026-05-18,4,4,0
RG-5020-01,2026-05-19,4,0,4
RG-5020-01,2026-05-20,0,0,0
RG-5020-01,2026-05-21,0,0,0
RG-5020-01,2026-05-22,0,0,0
RG-5020-01,2026-05-23,0,0,0
RG-5020-01,2026-05-24,0,0,0
RG-5020-01,2026-05-25,0,0,0
RG-5020-01,2026-05-26,0,0,0
RG-5020-01,2026-05-27,0,0,0
RG-5020-01,2026-05-28,0,0,0
RG-5020-01,2026-05-29,0,0,0
RG-5020-01,2026-05-30,0,0,0
RG-5020-01,2026-05-31,163,163,0
RG-5020-01,2026-06-01,163,160,3
RG-5020-01,2026-06-02,160,153,7
RG-5020-01,2026-06-03,153,153,0
RG-5020-01,2026-06-04,153,153,0
RG-5020-01,2026-06-05,153,148,5
RG-5020-01,2026-06-06,148,148,0
RG-5020-01,2026-06-07,148,148,0
RG-5020-01,2026-06-08,148,135,13
RG-5020-01,2026-06-09,135,130,5
RG-5020-01,2026-06-10,130,130,0
RG-5020-01,2026-06-11,130,127,3
RG-5020-01,2026-06-12,127,124,3
RG-5020-01,2026-06-13,124,123,1
RG-5020-01,2026-06-14,123,123,0
RG-5020-01,2026-06-15,123,123,0
RG-5020-01,2026-06-16,123,119,4
RG-5020-01,2026-06-17,119,113,6
RG-5020-01,2026-06-18,113,113,0
RG-5020-01,2026-06-19,113,109,4
RG-5020-01,2026-06-20,109,108,1
RG-5020-01,2026-06-21,108,108,0
RG-5020-01,2026-06-22,108,99,9
RG-5020-01,2026-06-23,99,97,2
RG-5020-01,2026-06-24,97,93,4
RG-5020-01,2026-06-25,93,85,8
RG-5020-01,2026-06-26,85,85,0
RG-5020-01,2026-06-27,85,85,0
RG-5020-01,2026-06-28,85,85,0
RG-5020-01,2026-06-29,85,75,10
RG-5020-01,2026-06-30,75,72,3
RG-5020-01,2026-07-01,72,26,46
RG-5020-01,2026-07-02,26,26,0
RG-5020-01,2026-07-03,26,22,4
RG-5020-01,2026-07-04,22,19,3
RG-5020-01,2026-07-05,19,19,0
RG-5020-01,2026-07-06,19,16,3
RG-5020-01,2026-07-07,16,14,2
RG-5020-01,2026-07-08,14,6,8
RG-5020-01,2026-07-09,6,0,6
RG-5020-01,2026-07-10,0,0,0
RG-5020-01,2026-07-11,0,0,0
RG-5020-01,2026-07-12,0,0,0
RG-5020-01,2026-07-13,0,0,0
RG-5020-01,2026-07-14,0,0,0
RG-5020-01,2026-07-15,0,0,0
RG-5020-01,2026-07-16,0,0,0
RG-5020-01,2026-07-17,0,0,0
RG-5020-01,2026-07-18,0,0,0
RG-5020-01,2026-07-19,0,0,0
RG-5020-01,2026-07-20,0,0,0
RG-5020-01,2026-07-21,0,0,0
RG-5020-01,2026-07-22,163,152,11
RG-5020-01,2026-07-23,152,152,0
RG-5020-01,2026-07-24,152,124,28
RG-5020-01,2026-07-25,124,124,0
RG-5020-01,2026-07-26,124,124,0
RG-5020-01,2026-07-27,124,114,10
RG-5020-01,2026-07-28,114,100,14
RG-5020-01,2026-07-29,100,93,7
RG-5020-01,2026-07-30,93,87,6
RG-5020-01,2026-07-31,87,77,10
RG-5020-01,2026-08-01,77,77,0
RG-5020-01,2026-08-02,77,77,0
RG-5020-01,2026-08-03,77,58,19
RG-5020-01,2026-08-04,58,55,3
RG-5020-01,2026-08-05,55,47,8
RG-5020-01,2026-08-06,47,33,14
RG-5020-01,2026-08-07,33,33,0
RG-5020-01,2026-08-08,33,33,0
RG-5020-01,2026-08-09,33,33,0
RG-5020-01,2026-08-10,33,27,6
RG-5020-01,2026-08-11,27,0,27
RG-5020-01,2026-08-12,0,0,0
RG-5020-01,2026-08-13,0,0,0
RG-5020-01,2026-08-14,0,0,0
RG-5020-01,2026-08-15,0,0,0
RG-5020-01,2026-08-16,0,0,0
RG-5020-01,2026-08-17,0,0,0
RG-5020-01,2026-08-18,0,0,0
RG-5020-01,2026-08-19,0,0,0
RG-5020-01,2026-08-20,0,0,0
RG-5020-01,2026-08-21,0,0,0
RG-5020-01,2026-08-22,0,0,0
RG-5020-01,2026-08-23,0,0,0
RG-5020-01,2026-08-24,163,162,1
RG-5020-01,2026-08-25,162,156,6
RG-5020-01,2026-08-26,156,148,8
RG-5020-01,2026-08-27,148,145,3
RG-5020-01,2026-08-28,145,139,6
RG-5020-02,2026-05-01,69,69,0
RG-5020-02,2026-05-02,69,69,0
RG-5020-02,2026-05-03,69,69,0
RG-5020-02,2026-05-04,69,69,0
RG-5020-02,2026-05-05,69,69,0
RG-5020-02,2026-05-06,69,68,1
RG-5020-02,2026-05-07,68,68,0
RG-5020-02,2026-05-08,68,67,1
RG-5020-02,2026-05-09,67,67,0
RG-5020-02,2026-05-10,67,67,0
RG-5020-02,2026-05-11,67,67,0
RG-5020-02,2026-05-12,67,66,1
RG-5020-02,2026-05-13,66,65,1
RG-5020-02,2026-05-14,65,61,4
RG-5020-02,2026-05-15,61,60,1
RG-5020-02,2026-05-16,60,59,1
RG-5020-02,2026-05-17,59,59,0
RG-5020-02,2026-05-18,59,56,3
RG-5020-02,2026-05-19,56,54,2
RG-5020-02,2026-05-20,54,54,0
RG-5020-02,2026-05-21,54,53,1
RG-5020-02,2026-05-22,53,51,2
RG-5020-02,2026-05-23,51,51,0
RG-5020-02,2026-05-24,51,51,0
RG-5020-02,2026-05-25,51,51,0
RG-5020-02,2026-05-26,51,49,2
RG-5020-02,2026-05-27,49,48,1
RG-5020-02,2026-05-28,48,48,0
RG-5020-02,2026-05-29,48,48,0
RG-5020-02,2026-05-30,48,48,0
RG-5020-02,2026-05-31,48,48,0
RG-5020-02,2026-06-01,48,47,1
RG-5020-02,2026-06-02,47,47,0
RG-5020-02,2026-06-03,47,47,0
RG-5020-02,2026-06-04,47,47,0
RG-5020-02,2026-06-05,47,47,0
RG-5020-02,2026-06-06,47,47,0
RG-5020-02,2026-06-07,47,47,0
RG-5020-02,2026-06-08,47,45,2
RG-5020-02,2026-06-09,45,45,0
RG-5020-02,2026-06-10,45,45,0
RG-5020-02,2026-06-11,45,45,0
RG-5020-02,2026-06-12,45,45,0
RG-5020-02,2026-06-13,45,44,1
RG-5020-02,2026-06-14,44,44,0
RG-5020-02,2026-06-15,44,42,2
RG-5020-02,2026-06-16,42,42,0
RG-5020-02,2026-06-17,42,40,2
RG-5020-02,2026-06-18,40,39,1
RG-5020-02,2026-06-19,39,39,0
RG-5020-02,2026-06-20,39,39,0
RG-5020-02,2026-06-21,39,39,0
RG-5020-02,2026-06-22,39,36,3
RG-5020-02,2026-06-23,36,33,3
RG-5020-02,2026-06-24,33,29,4
RG-5020-02,2026-06-25,29,29,0
RG-5020-02,2026-06-26,29,27,2
RG-5020-02,2026-06-27,27,27,0
RG-5020-02,2026-06-28,27,27,0
RG-5020-02,2026-06-29,27,27,0
RG-5020-02,2026-06-30,27,27,0
RG-5020-02,2026-07-01,27,27,0
RG-5020-02,2026-07-02,27,27,0
RG-5020-02,2026-07-03,27,25,2
RG-5020-02,2026-07-04,25,25,0
RG-5020-02,2026-07-05,25,25,0
RG-5020-02,2026-07-06,25,20,5
RG-5020-02,2026-07-07,20,20,0
RG-5020-02,2026-07-08,20,19,1
RG-5020-02,2026-07-09,19,19,0
RG-5020-02,2026-07-10,19,18,1
RG-5020-02,2026-07-11,18,16,2
RG-5020-02,2026-07-12,16,16,0
RG-5020-02,2026-07-13,16,14,2
RG-5020-02,2026-07-14,14,14,0
RG-5020-02,2026-07-15,14,11,3
RG-5020-02,2026-07-16,11,10,1
RG-5020-02,2026-07-17,10,10,0
RG-5020-02,2026-07-18,10,10,0
RG-5020-02,2026-07-19,10,10,0
RG-5020-02,2026-07-20,10,10,0
RG-5020-02,2026-07-21,10,9,1
RG-5020-02,2026-07-22,9,9,0
RG-5020-02,2026-07-23,9,5,4
RG-5020-02,2026-07-24,5,3,2
RG-5020-02,2026-07-25,3,3,0
RG-5020-02,2026-07-26,3,3,0
RG-5020-02,2026-07-27,3,0,3
RG-5020-02,2026-07-28,0,0,0
RG-5020-02,2026-07-29,0,0,0
RG-5020-02,2026-07-30,36,36,0
RG-5020-02,2026-07-31,36,33,3
RG-5020-02,2026-08-01,33,33,0
RG-5020-02,2026-08-02,33,33,0
RG-5020-02,2026-08-03,33,33,0
RG-5020-02,2026-08-04,33,33,0
RG-5020-02,2026-08-05,33,33,0
RG-5020-02,2026-08-06,33,28,5
RG-5020-02,2026-08-07,28,25,3
RG-5020-02,2026-08-08,25,24,1
RG-5020-02,2026-08-09,24,24,0
RG-5020-02,2026-08-10,24,24,0
RG-5020-02,2026-08-11,24,24,0
RG-5020-02,2026-08-12,24,23,1
RG-5020-02,2026-08-13,23,22,1
RG-5020-02,2026-08-14,22,22,0
RG-5020-02,2026-08-15,22,22,0
RG-5020-02,2026-08-16,22,22,0
RG-5020-02,2026-08-17,22,22,0
RG-5020-02,2026-08-18,22,21,1
RG-5020-02,2026-08-19,21,20,1
RG-5020-02,2026-08-20,20,19,1
RG-5020-02,2026-08-21,19,18,1
RG-5020-02,2026-08-22,18,18,0
RG-5020-02,2026-08-23,18,18,0
RG-5020-02,2026-08-24,18,18,0
RG-5020-02,2026-08-25,18,13,5
RG-5020-02,2026-08-26,13,12,1
RG-5020-02,2026-08-27,12,12,0
RG-5020-02,2026-08-28,12,9,3
RG-5020-03,2026-05-01,22,22,0
RG-5020-03,2026-05-02,22,22,0
RG-5020-03,2026-05-03,22,22,0
RG-5020-03,2026-05-04,22,22,0
RG-5020-03,2026-05-05,22,22,0
RG-5020-03,2026-05-06,22,22,0
RG-5020-03,2026-05-07,22,18,4
RG-5020-03,2026-05-08,18,18,0
RG-5020-03,2026-05-09,18,18,0
RG-5020-03,2026-05-10,18,18,0
RG-5020-03,2026-05-11,18,16,2
RG-5020-03,2026-05-12,16,15,1
RG-5020-03,2026-05-13,15,15,0
RG-5020-03,2026-05-14,15,14,1
RG-5020-03,2026-05-15,14,14,0
RG-5020-03,2026-05-16,14,14,0
RG-5020-03,2026-05-17,14,14,0
RG-5020-03,2026-05-18,14,13,1
RG-5020-03,2026-05-19,13,13,0
RG-5020-03,2026-05-20,13,13,0
RG-5020-03,2026-05-21,13,13,0
RG-5020-03,2026-05-22,13,13,0
RG-5020-03,2026-05-23,13,13,0
RG-5020-03,2026-05-24,13,13,0
RG-5020-03,2026-05-25,13,13,0
RG-5020-03,2026-05-26,13,12,1
RG-5020-03,2026-05-27,12,12,0
RG-5020-03,2026-05-28,12,11,1
RG-5020-03,2026-05-29,11,11,0
RG-5020-03,2026-05-30,11,11,0
RG-5020-03,2026-05-31,11,11,0
RG-5020-03,2026-06-01,11,10,1
RG-5020-03,2026-06-02,10,10,0
RG-5020-03,2026-06-03,10,10,0
RG-5020-03,2026-06-04,10,10,0
RG-5020-03,2026-06-05,10,10,0
RG-5020-03,2026-06-06,10,8,2
RG-5020-03,2026-06-07,8,8,0
RG-5020-03,2026-06-08,8,7,1
RG-5020-03,2026-06-09,7,7,0
RG-5020-03,2026-06-10,7,7,0
RG-5020-03,2026-06-11,43,43,0
RG-5020-03,2026-06-12,43,43,0
RG-5020-03,2026-06-13,43,41,2
RG-5020-03,2026-06-14,41,41,0
RG-5020-03,2026-06-15,41,41,0
RG-5020-03,2026-06-16,41,41,0
RG-5020-03,2026-06-17,41,41,0
RG-5020-03,2026-06-18,41,41,0
RG-5020-03,2026-06-19,41,39,2
RG-5020-03,2026-06-20,39,39,0
RG-5020-03,2026-06-21,39,39,0
RG-5020-03,2026-06-22,39,39,0
RG-5020-03,2026-06-23,39,39,0
RG-5020-03,2026-06-24,39,39,0
RG-5020-03,2026-06-25,39,39,0
RG-5020-03,2026-06-26,39,39,0
RG-5020-03,2026-06-27,39,39,0
RG-5020-03,2026-06-28,39,39,0
RG-5020-03,2026-06-29,39,39,0
RG-5020-03,2026-06-30,39,39,0
RG-5020-03,2026-07-01,39,39,0
RG-5020-03,2026-07-02,39,39,0
RG-5020-03,2026-07-03,39,39,0
RG-5020-03,2026-07-04,39,39,0
RG-5020-03,2026-07-05,39,39,0
RG-5020-03,2026-07-06,39,38,1
RG-5020-03,2026-07-07,38,38,0
RG-5020-03,2026-07-08,38,38,0
RG-5020-03,2026-07-09,38,38,0
RG-5020-03,2026-07-10,38,38,0
RG-5020-03,2026-07-11,38,38,0
RG-5020-03,2026-07-12,38,38,0
RG-5020-03,2026-07-13,38,37,1
RG-5020-03,2026-07-14,37,37,0
RG-5020-03,2026-07-15,37,37,0
RG-5020-03,2026-07-16,37,37,0
RG-5020-03,2026-07-17,37,37,0
RG-5020-03,2026-07-18,37,37,0
RG-5020-03,2026-07-19,37,37,0
RG-5020-03,2026-07-20,37,37,0
RG-5020-03,2026-07-21,37,37,0
RG-5020-03,2026-07-22,37,34,3
RG-5020-03,2026-07-23,34,34,0
RG-5020-03,2026-07-24,34,34,0
RG-5020-03,2026-07-25,34,34,0
RG-5020-03,2026-07-26,34,34,0
RG-5020-03,2026-07-27,34,34,0
RG-5020-03,2026-07-28,34,34,0
RG-5020-03,2026-07-29,34,33,1
RG-5020-03,2026-07-30,33,31,2
RG-5020-03,2026-07-31,31,27,4
RG-5020-03,2026-08-01,27,27,0
RG-5020-03,2026-08-02,27,27,0
RG-5020-03,2026-08-03,27,27,0
RG-5020-03,2026-08-04,27,27,0
RG-5020-03,2026-08-05,27,27,0
RG-5020-03,2026-08-06,27,27,0
RG-5020-03,2026-08-07,27,27,0
RG-5020-03,2026-08-08,27,27,0
RG-5020-03,2026-08-09,27,27,0
RG-5020-03,2026-08-10,27,27,0
RG-5020-03,2026-08-11,27,27,0
RG-5020-03,2026-08-12,27,27,0
RG-5020-03,2026-08-13,27,27,0
RG-5020-03,2026-08-14,27,27,0
RG-5020-03,2026-08-15,27,27,0
RG-5020-03,2026-08-16,27,27,0
RG-5020-03,2026-08-17,27,27,0
RG-5020-03,2026-08-18,27,27,0
RG-5020-03,2026-08-19,27,26,1
RG-5020-03,2026-08-20,26,25,1
RG-5020-03,2026-08-21,25,25,0
RG-5020-03,2026-08-22,25,25,0
RG-5020-03,2026-08-23,25,25,0
RG-5020-03,2026-08-24,25,25,0
RG-5020-03,2026-08-25,25,25,0
RG-5020-03,2026-08-26,25,25,0
RG-5020-03,2026-08-27,25,25,0
RG-5020-03,2026-08-28,25,25,0
SP-6001-01,2026-05-01,38,38,0
SP-6001-01,2026-05-02,38,36,2
SP-6001-01,2026-05-03,36,36,0
SP-6001-01,2026-05-04,36,35,1
SP-6001-01,2026-05-05,35,19,16
SP-6001-01,2026-05-06,19,18,1
SP-6001-01,2026-05-07,18,14,4
SP-6001-01,2026-05-08,14,10,4
SP-6001-01,2026-05-09,10,10,0
SP-6001-01,2026-05-10,10,10,0
SP-6001-01,2026-05-11,10,8,2
SP-6001-01,2026-05-12,8,7,1
SP-6001-01,2026-05-13,7,5,2
SP-6001-01,2026-05-14,5,3,2
SP-6001-01,2026-05-15,3,3,0
SP-6001-01,2026-05-16,3,3,0
SP-6001-01,2026-05-17,3,3,0
SP-6001-01,2026-05-18,3,0,3
SP-6001-01,2026-05-19,0,0,0
SP-6001-01,2026-05-20,0,0,0
SP-6001-01,2026-05-21,0,0,0
SP-6001-01,2026-05-22,0,0,0
SP-6001-01,2026-05-23,0,0,0
SP-6001-01,2026-05-24,0,0,0
SP-6001-01,2026-05-25,0,0,0
SP-6001-01,2026-05-26,0,0,0
SP-6001-01,2026-05-27,0,0,0
SP-6001-01,2026-05-28,0,0,0
SP-6001-01,2026-05-29,0,0,0
SP-6001-01,2026-05-30,0,0,0
SP-6001-01,2026-05-31,0,0,0
SP-6001-01,2026-06-01,0,0,0
SP-6001-01,2026-06-02,0,0,0
SP-6001-01,2026-06-03,0,0,0
SP-6001-01,2026-06-04,65,65,0
SP-6001-01,2026-06-05,65,63,2
SP-6001-01,2026-06-06,63,63,0
SP-6001-01,2026-06-07,63,63,0
SP-6001-01,2026-06-08,63,50,13
SP-6001-01,2026-06-09,50,49,1
SP-6001-01,2026-06-10,49,49,0
SP-6001-01,2026-06-11,49,43,6
SP-6001-01,2026-06-12,43,42,1
SP-6001-01,2026-06-13,42,38,4
SP-6001-01,2026-06-14,38,38,0
SP-6001-01,2026-06-15,38,36,2
SP-6001-01,2026-06-16,36,36,0
SP-6001-01,2026-06-17,36,36,0
SP-6001-01,2026-06-18,36,34,2
SP-6001-01,2026-06-19,34,34,0
SP-6001-01,2026-06-20,34,34,0
SP-6001-01,2026-06-21,34,34,0
SP-6001-01,2026-06-22,34,32,2
SP-6001-01,2026-06-23,32,31,1
SP-6001-01,2026-06-24,31,31,0
SP-6001-01,2026-06-25,31,28,3
SP-6001-01,2026-06-26,28,26,2
SP-6001-01,2026-06-27,26,26,0
SP-6001-01,2026-06-28,26,26,0
SP-6001-01,2026-06-29,26,23,3
SP-6001-01,2026-06-30,23,23,0
SP-6001-01,2026-07-01,23,23,0
SP-6001-01,2026-07-02,23,20,3
SP-6001-01,2026-07-03,20,18,2
SP-6001-01,2026-07-04,18,18,0
SP-6001-01,2026-07-05,18,18,0
SP-6001-01,2026-07-06,18,14,4
SP-6001-01,2026-07-07,14,9,5
SP-6001-01,2026-07-08,9,8,1
SP-6001-01,2026-07-09,8,8,0
SP-6001-01,2026-07-10,8,6,2
SP-6001-01,2026-07-11,6,6,0
SP-6001-01,2026-07-12,71,71,0
SP-6001-01,2026-07-13,71,71,0
SP-6001-01,2026-07-14,71,70,1
SP-6001-01,2026-07-15,70,65,5
SP-6001-01,2026-07-16,65,65,0
SP-6001-01,2026-07-17,65,65,0
SP-6001-01,2026-07-18,65,64,1
SP-6001-01,2026-07-19,64,64,0
SP-6001-01,2026-07-20,64,64,0
SP-6001-01,2026-07-21,64,63,1
SP-6001-01,2026-07-22,63,62,1
SP-6001-01,2026-07-23,62,60,2
SP-6001-01,2026-07-24,60,60,0
SP-6001-01,2026-07-25,60,60,0
SP-6001-01,2026-07-26,60,60,0
SP-6001-01,2026-07-27,60,59,1
SP-6001-01,2026-07-28,59,56,3
SP-6001-01,2026-07-29,56,49,7
SP-6001-01,2026-07-30,49,49,0
SP-6001-01,2026-07-31,49,46,3
SP-6001-01,2026-08-01,46,46,0
SP-6001-01,2026-08-02,46,46,0
SP-6001-01,2026-08-03,46,46,0
SP-6001-01,2026-08-04,46,44,2
SP-6001-01,2026-08-05,44,43,1
SP-6001-01,2026-08-06,43,38,5
SP-6001-01,2026-08-07,38,37,1
SP-6001-01,2026-08-08,37,33,4
SP-6001-01,2026-08-09,33,33,0
SP-6001-01,2026-08-10,33,32,1
SP-6001-01,2026-08-11,32,28,4
SP-6001-01,2026-08-12,28,28,0
SP-6001-01,2026-08-13,28,28,0
SP-6001-01,2026-08-14,28,26,2
SP-6001-01,2026-08-15,26,26,0
SP-6001-01,2026-08-16,26,26,0
SP-6001-01,2026-08-17,26,25,1
SP-6001-01,2026-08-18,25,24,1
SP-6001-01,2026-08-19,24,23,1
SP-6001-01,2026-08-20,23,22,1
SP-6001-01,2026-08-21,22,21,1
SP-6001-01,2026-08-22,21,19,2
SP-6001-01,2026-08-23,19,19,0
SP-6001-01,2026-08-24,19,19,0
SP-6001-01,2026-08-25,19,18,1
SP-6001-01,2026-08-26,18,15,3
SP-6001-01,2026-08-27,15,15,0
SP-6001-01,2026-08-28,15,0,15
SP-6001-02,2026-05-01,31,31,0
SP-6001-02,2026-05-02,31,31,0
SP-6001-02,2026-05-03,31,31,0
SP-6001-02,2026-05-04,31,31,0
SP-6001-02,2026-05-05,31,31,0
SP-6001-02,2026-05-06,31,31,0
SP-6001-02,2026-05-07,31,31,0
SP-6001-02,2026-05-08,31,31,0
SP-6001-02,2026-05-09,31,31,0
SP-6001-02,2026-05-10,31,31,0
SP-6001-02,2026-05-11,31,31,0
SP-6001-02,2026-05-12,31,31,0
SP-6001-02,2026-05-13,31,31,0
SP-6001-02,2026-05-14,31,29,2
SP-6001-02,2026-05-15,29,29,0
SP-6001-02,2026-05-16,29,29,0
SP-6001-02,2026-05-17,29,29,0
SP-6001-02,2026-05-18,29,29,0
SP-6001-02,2026-05-19,29,16,13
SP-6001-02,2026-05-20,16,16,0
SP-6001-02,2026-05-21,16,15,1
SP-6001-02,2026-05-22,15,15,0
SP-6001-02,2026-05-23,15,15,0
SP-6001-02,2026-05-24,15,15,0
SP-6001-02,2026-05-25,15,15,0
SP-6001-02,2026-05-26,15,15,0
SP-6001-02,2026-05-27,15,15,0
SP-6001-02,2026-05-28,15,15,0
SP-6001-02,2026-05-29,15,15,0
SP-6001-02,2026-05-30,15,15,0
SP-6001-02,2026-05-31,15,15,0
SP-6001-02,2026-06-01,15,15,0
SP-6001-02,2026-06-02,15,12,3
SP-6001-02,2026-06-03,12,11,1
SP-6001-02,2026-06-04,11,11,0
SP-6001-02,2026-06-05,11,11,0
SP-6001-02,2026-06-06,11,11,0
SP-6001-02,2026-06-07,11,11,0
SP-6001-02,2026-06-08,11,11,0
SP-6001-02,2026-06-09,11,11,0
SP-6001-02,2026-06-10,11,11,0
SP-6001-02,2026-06-11,11,9,2
SP-6001-02,2026-06-12,9,7,2
SP-6001-02,2026-06-13,7,7,0
SP-6001-02,2026-06-14,7,7,0
SP-6001-02,2026-06-15,7,7,0
SP-6001-02,2026-06-16,7,7,0
SP-6001-02,2026-06-17,7,6,1
SP-6001-02,2026-06-18,6,6,0
SP-6001-02,2026-06-19,6,6,0
SP-6001-02,2026-06-20,6,6,0
SP-6001-02,2026-06-21,6,6,0
SP-6001-02,2026-06-22,6,6,0
SP-6001-02,2026-06-23,6,6,0
SP-6001-02,2026-06-24,6,6,0
SP-6001-02,2026-06-25,6,6,0
SP-6001-02,2026-06-26,6,4,2
SP-6001-02,2026-06-27,4,1,3
SP-6001-02,2026-06-28,1,1,0
SP-6001-02,2026-06-29,1,0,1
SP-6001-02,2026-06-30,0,0,0
SP-6001-02,2026-07-01,0,0,0
SP-6001-02,2026-07-02,0,0,0
SP-6001-02,2026-07-03,0,0,0
SP-6001-02,2026-07-04,0,0,0
SP-6001-02,2026-07-05,0,0,0
SP-6001-02,2026-07-06,0,0,0
SP-6001-02,2026-07-07,0,0,0
SP-6001-02,2026-07-08,0,0,0
SP-6001-02,2026-07-09,0,0,0
SP-6001-02,2026-07-10,0,0,0
SP-6001-02,2026-07-11,0,0,0
SP-6001-02,2026-07-12,0,0,0
SP-6001-02,2026-07-13,0,0,0
SP-6001-02,2026-07-14,0,0,0
SP-6001-02,2026-07-15,0,0,0
SP-6001-02,2026-07-16,0,0,0
SP-6001-02,2026-07-17,0,0,0
SP-6001-02,2026-07-18,0,0,0
SP-6001-02,2026-07-19,0,0,0
SP-6001-02,2026-07-20,22,22,0
SP-6001-02,2026-07-21,22,22,0
SP-6001-02,2026-07-22,22,21,1
SP-6001-02,2026-07-23,21,21,0
SP-6001-02,2026-07-24,21,21,0
SP-6001-02,2026-07-25,21,21,0
SP-6001-02,2026-07-26,21,21,0
SP-6001-02,2026-07-27,21,21,0
SP-6001-02,2026-07-28,21,21,0
SP-6001-02,2026-07-29,21,21,0
SP-6001-02,2026-07-30,21,21,0
SP-6001-02,2026-07-31,21,19,2
SP-6001-02,2026-08-01,19,19,0
SP-6001-02,2026-08-02,19,19,0
SP-6001-02,2026-08-03,19,19,0
SP-6001-02,2026-08-04,19,19,0
SP-6001-02,2026-08-05,19,19,0
SP-6001-02,2026-08-06,19,16,3
SP-6001-02,2026-08-07,16,16,0
SP-6001-02,2026-08-08,16,16,0
SP-6001-02,2026-08-09,16,16,0
SP-6001-02,2026-08-10,16,16,0
SP-6001-02,2026-08-11,16,13,3
SP-6001-02,2026-08-12,13,12,1
SP-6001-02,2026-08-13,12,12,0
SP-6001-02,2026-08-14,12,12,0
SP-6001-02,2026-08-15,12,12,0
SP-6001-02,2026-08-16,12,12,0
SP-6001-02,2026-08-17,12,12,0
SP-6001-02,2026-08-18,12,10,2
SP-6001-02,2026-08-19,10,10,0
SP-6001-02,2026-08-20,10,10,0
SP-6001-02,2026-08-21,10,9,1
SP-6001-02,2026-08-22,9,9,0
SP-6001-02,2026-08-23,9,9,0
SP-6001-02,2026-08-24,9,9,0
SP-6001-02,2026-08-25,9,9,0
SP-6001-02,2026-08-26,9,8,1
SP-6001-02,2026-08-27,8,8,0
SP-6001-02,2026-08-28,8,8,0
SP-6002-01,2026-05-01,51,51,0
SP-6002-01,2026-05-02,51,46,5
SP-6002-01,2026-05-03,46,46,0
SP-6002-01,2026-05-04,46,45,1
SP-6002-01,2026-05-05,45,44,1
SP-6002-01,2026-05-06,44,42,2
SP-6002-01,2026-05-07,42,42,0
SP-6002-01,2026-05-08,42,41,1
SP-6002-01,2026-05-09,41,38,3
SP-6002-01,2026-05-10,38,38,0
SP-6002-01,2026-05-11,38,37,1
SP-6002-01,2026-05-12,37,37,0
SP-6002-01,2026-05-13,37,33,4
SP-6002-01,2026-05-14,33,32,1
SP-6002-01,2026-05-15,32,32,0
SP-6002-01,2026-05-16,32,31,1
SP-6002-01,2026-05-17,31,31,0
SP-6002-01,2026-05-18,31,30,1
SP-6002-01,2026-05-19,30,30,0
SP-6002-01,2026-05-20,30,30,0
SP-6002-01,2026-05-21,30,30,0
SP-6002-01,2026-05-22,30,30,0
SP-6002-01,2026-05-23,30,30,0
SP-6002-01,2026-05-24,30,30,0
SP-6002-01,2026-05-25,30,29,1
SP-6002-01,2026-05-26,29,27,2
SP-6002-01,2026-05-27,27,26,1
SP-6002-01,2026-05-28,26,25,1
SP-6002-01,2026-05-29,25,25,0
SP-6002-01,2026-05-30,25,25,0
SP-6002-01,2026-05-31,25,25,0
SP-6002-01,2026-06-01,25,25,0
SP-6002-01,2026-06-02,25,21,4
SP-6002-01,2026-06-03,21,21,0
SP-6002-01,2026-06-04,21,21,0
SP-6002-01,2026-06-05,21,21,0
SP-6002-01,2026-06-06,21,21,0
SP-6002-01,2026-06-07,21,21,0
SP-6002-01,2026-06-08,21,20,1
SP-6002-01,2026-06-09,20,19,1
SP-6002-01,2026-06-10,19,19,0
SP-6002-01,2026-06-11,19,19,0
SP-6002-01,2026-06-12,19,14,5
SP-6002-01,2026-06-13,47,46,1
SP-6002-01,2026-06-14,46,46,0
SP-6002-01,2026-06-15,46,43,3
SP-6002-01,2026-06-16,43,43,0
SP-6002-01,2026-06-17,43,43,0
SP-6002-01,2026-06-18,43,43,0
SP-6002-01,2026-06-19,43,40,3
SP-6002-01,2026-06-20,40,40,0
SP-6002-01,2026-06-21,40,40,0
SP-6002-01,2026-06-22,40,38,2
SP-6002-01,2026-06-23,38,35,3
SP-6002-01,2026-06-24,35,35,0
SP-6002-01,2026-06-25,35,35,0
SP-6002-01,2026-06-26,35,35,0
SP-6002-01,2026-06-27,35,35,0
SP-6002-01,2026-06-28,35,35,0
SP-6002-01,2026-06-29,35,35,0
SP-6002-01,2026-06-30,35,35,0
SP-6002-01,2026-07-01,35,35,0
SP-6002-01,2026-07-02,35,35,0
SP-6002-01,2026-07-03,35,28,7
SP-6002-01,2026-07-04,28,28,0
SP-6002-01,2026-07-05,28,28,0
SP-6002-01,2026-07-06,28,27,1
SP-6002-01,2026-07-07,27,18,9
SP-6002-01,2026-07-08,18,18,0
SP-6002-01,2026-07-09,18,18,0
SP-6002-01,2026-07-10,18,18,0
SP-6002-01,2026-07-11,18,18,0
SP-6002-01,2026-07-12,18,18,0
SP-6002-01,2026-07-13,18,17,1
SP-6002-01,2026-07-14,17,17,0
SP-6002-01,2026-07-15,17,16,1
SP-6002-01,2026-07-16,16,9,7
SP-6002-01,2026-07-17,9,7,2
SP-6002-01,2026-07-18,7,7,0
SP-6002-01,2026-07-19,7,7,0
SP-6002-01,2026-07-20,7,6,1
SP-6002-01,2026-07-21,6,4,2
SP-6002-01,2026-07-22,4,2,2
SP-6002-01,2026-07-23,2,0,2
SP-6002-01,2026-07-24,0,0,0
SP-6002-01,2026-07-25,0,0,0
SP-6002-01,2026-07-26,0,0,0
SP-6002-01,2026-07-27,0,0,0
SP-6002-01,2026-07-28,32,32,0
SP-6002-01,2026-07-29,32,19,13
SP-6002-01,2026-07-30,19,19,0
SP-6002-01,2026-07-31,19,17,2
SP-6002-01,2026-08-01,17,17,0
SP-6002-01,2026-08-02,17,17,0
SP-6002-01,2026-08-03,17,17,0
SP-6002-01,2026-08-04,17,16,1
SP-6002-01,2026-08-05,16,16,0
SP-6002-01,2026-08-06,16,16,0
SP-6002-01,2026-08-07,16,16,0
SP-6002-01,2026-08-08,16,16,0
SP-6002-01,2026-08-09,16,16,0
SP-6002-01,2026-08-10,16,14,2
SP-6002-01,2026-08-11,14,12,2
SP-6002-01,2026-08-12,12,12,0
SP-6002-01,2026-08-13,12,12,0
SP-6002-01,2026-08-14,12,11,1
SP-6002-01,2026-08-15,11,11,0
SP-6002-01,2026-08-16,11,11,0
SP-6002-01,2026-08-17,11,10,1
SP-6002-01,2026-08-18,10,9,1
SP-6002-01,2026-08-19,9,6,3
SP-6002-01,2026-08-20,6,6,0
SP-6002-01,2026-08-21,6,6,0
SP-6002-01,2026-08-22,6,6,0
SP-6002-01,2026-08-23,6,6,0
SP-6002-01,2026-08-24,6,6,0
SP-6002-01,2026-08-25,6,5,1
SP-6002-01,2026-08-26,5,4,1
SP-6002-01,2026-08-27,4,4,0
SP-6002-01,2026-08-28,4,4,0
SP-6002-02,2026-05-01,14,14,0
SP-6002-02,2026-05-02,14,14,0
SP-6002-02,2026-05-03,14,14,0
SP-6002-02,2026-05-04,14,14,0
SP-6002-02,2026-05-05,14,14,0
SP-6002-02,2026-05-06,14,14,0
SP-6002-02,2026-05-07,14,14,0
SP-6002-02,2026-05-08,14,14,0
SP-6002-02,2026-05-09,14,14,0
SP-6002-02,2026-05-10,14,14,0
SP-6002-02,2026-05-11,14,14,0
SP-6002-02,2026-05-12,14,14,0
SP-6002-02,2026-05-13,14,11,3
SP-6002-02,2026-05-14,11,11,0
SP-6002-02,2026-05-15,11,10,1
SP-6002-02,2026-05-16,10,10,0
SP-6002-02,2026-05-17,10,10,0
SP-6002-02,2026-05-18,10,10,0
SP-6002-02,2026-05-19,10,10,0
SP-6002-02,2026-05-20,10,10,0
SP-6002-02,2026-05-21,10,10,0
SP-6002-02,2026-05-22,10,10,0
SP-6002-02,2026-05-23,10,10,0
SP-6002-02,2026-05-24,10,10,0
SP-6002-02,2026-05-25,10,10,0
SP-6002-02,2026-05-26,10,10,0
SP-6002-02,2026-05-27,10,10,0
SP-6002-02,2026-05-28,10,10,0
SP-6002-02,2026-05-29,10,10,0
SP-6002-02,2026-05-30,10,10,0
SP-6002-02,2026-05-31,10,10,0
SP-6002-02,2026-06-01,10,10,0
SP-6002-02,2026-06-02,10,10,0
SP-6002-02,2026-06-03,10,10,0
SP-6002-02,2026-06-04,10,10,0
SP-6002-02,2026-06-05,10,9,1
SP-6002-02,2026-06-06,9,9,0
SP-6002-02,2026-06-07,9,9,0
SP-6002-02,2026-06-08,9,9,0
SP-6002-02,2026-06-09,9,9,0
SP-6002-02,2026-06-10,9,9,0
SP-6002-02,2026-06-11,9,9,0
SP-6002-02,2026-06-12,9,9,0
SP-6002-02,2026-06-13,9,8,1
SP-6002-02,2026-06-14,8,8,0
SP-6002-02,2026-06-15,8,8,0
SP-6002-02,2026-06-16,8,8,0
SP-6002-02,2026-06-17,8,8,0
SP-6002-02,2026-06-18,8,7,1
SP-6002-02,2026-06-19,7,7,0
SP-6002-02,2026-06-20,7,7,0
SP-6002-02,2026-06-21,7,7,0
SP-6002-02,2026-06-22,25,25,0
SP-6002-02,2026-06-23,25,25,0
SP-6002-02,2026-06-24,25,25,0
SP-6002-02,2026-06-25,25,25,0
SP-6002-02,2026-06-26,25,25,0
SP-6002-02,2026-06-27,25,25,0
SP-6002-02,2026-06-28,25,25,0
SP-6002-02,2026-06-29,25,25,0
SP-6002-02,2026-06-30,25,24,1
SP-6002-02,2026-07-01,24,24,0
SP-6002-02,2026-07-02,24,24,0
SP-6002-02,2026-07-03,24,21,3
SP-6002-02,2026-07-04,21,21,0
SP-6002-02,2026-07-05,21,21,0
SP-6002-02,2026-07-06,21,21,0
SP-6002-02,2026-07-07,21,18,3
SP-6002-02,2026-07-08,18,18,0
SP-6002-02,2026-07-09,18,18,0
SP-6002-02,2026-07-10,18,18,0
SP-6002-02,2026-07-11,18,18,0
SP-6002-02,2026-07-12,18,18,0
SP-6002-02,2026-07-13,18,16,2
SP-6002-02,2026-07-14,16,16,0
SP-6002-02,2026-07-15,16,16,0
SP-6002-02,2026-07-16,16,16,0
SP-6002-02,2026-07-17,16,16,0
SP-6002-02,2026-07-18,16,16,0
SP-6002-02,2026-07-19,16,16,0
SP-6002-02,2026-07-20,16,16,0
SP-6002-02,2026-07-21,16,14,2
SP-6002-02,2026-07-22,14,8,6
SP-6002-02,2026-07-23,8,8,0
SP-6002-02,2026-07-24,8,8,0
SP-6002-02,2026-07-25,8,8,0
SP-6002-02,2026-07-26,8,8,0
SP-6002-02,2026-07-27,8,8,0
SP-6002-02,2026-07-28,8,0,8
SP-6002-02,2026-07-29,0,0,0
SP-6002-02,2026-07-30,0,0,0
SP-6002-02,2026-07-31,0,0,0
SP-6002-02,2026-08-01,0,0,0
SP-6002-02,2026-08-02,0,0,0
SP-6002-02,2026-08-03,0,0,0
SP-6002-02,2026-08-04,0,0,0
SP-6002-02,2026-08-05,0,0,0
SP-6002-02,2026-08-06,0,0,0
SP-6002-02,2026-08-07,0,0,0
SP-6002-02,2026-08-08,0,0,0
SP-6002-02,2026-08-09,0,0,0
SP-6002-02,2026-08-10,0,0,0
SP-6002-02,2026-08-11,0,0,0
SP-6002-02,2026-08-12,0,0,0
SP-6002-02,2026-08-13,0,0,0
SP-6002-02,2026-08-14,0,0,0
SP-6002-02,2026-08-15,0,0,0
SP-6002-02,2026-08-16,0,0,0
SP-6002-02,2026-08-17,0,0,0
SP-6002-02,2026-08-18,0,0,0
SP-6002-02,2026-08-19,0,0,0
SP-6002-02,2026-08-20,0,0,0
SP-6002-02,2026-08-21,0,0,0
SP-6002-02,2026-08-22,0,0,0
SP-6002-02,2026-08-23,0,0,0
SP-6002-02,2026-08-24,0,0,0
SP-6002-02,2026-08-25,0,0,0
SP-6002-02,2026-08-26,0,0,0
SP-6002-02,2026-08-27,0,0,0
SP-6002-02,2026-08-28,0,0,0
SP-6010-01,2026-05-01,59,59,0
SP-6010-01,2026-05-02,59,56,3
SP-6010-01,2026-05-03,56,56,0
SP-6010-01,2026-05-04,56,23,33
SP-6010-01,2026-05-05,23,23,0
SP-6010-01,2026-05-06,23,16,7
SP-6010-01,2026-05-07,16,13,3
SP-6010-01,2026-05-08,13,12,1
SP-6010-01,2026-05-09,12,12,0
SP-6010-01,2026-05-10,12,12,0
SP-6010-01,2026-05-11,12,0,12
SP-6010-01,2026-05-12,0,0,0
SP-6010-01,2026-05-13,0,0,0
SP-6010-01,2026-05-14,0,0,0
SP-6010-01,2026-05-15,0,0,0
SP-6010-01,2026-05-16,0,0,0
SP-6010-01,2026-05-17,0,0,0
SP-6010-01,2026-05-18,0,0,0
SP-6010-01,2026-05-19,0,0,0
SP-6010-01,2026-05-20,0,0,0
SP-6010-01,2026-05-21,0,0,0
SP-6010-01,2026-05-22,0,0,0
SP-6010-01,2026-05-23,0,0,0
SP-6010-01,2026-05-24,0,0,0
SP-6010-01,2026-05-25,0,0,0
SP-6010-01,2026-05-26,0,0,0
SP-6010-01,2026-05-27,0,0,0
SP-6010-01,2026-05-28,0,0,0
SP-6010-01,2026-05-29,0,0,0
SP-6010-01,2026-05-30,0,0,0
SP-6010-01,2026-05-31,150,150,0
SP-6010-01,2026-06-01,150,150,0
SP-6010-01,2026-06-02,150,142,8
SP-6010-01,2026-06-03,142,138,4
SP-6010-01,2026-06-04,138,138,0
SP-6010-01,2026-06-05,138,138,0
SP-6010-01,2026-06-06,138,137,1
SP-6010-01,2026-06-07,137,137,0
SP-6010-01,2026-06-08,137,135,2
SP-6010-01,2026-06-09,135,135,0
SP-6010-01,2026-06-10,135,135,0
SP-6010-01,2026-06-11,135,133,2
SP-6010-01,2026-06-12,133,129,4
SP-6010-01,2026-06-13,129,129,0
SP-6010-01,2026-06-14,129,129,0
SP-6010-01,2026-06-15,129,127,2
SP-6010-01,2026-06-16,127,127,0
SP-6010-01,2026-06-17,127,95,32
SP-6010-01,2026-06-18,95,87,8
SP-6010-01,2026-06-19,87,82,5
SP-6010-01,2026-06-20,82,82,0
SP-6010-01,2026-06-21,82,82,0
SP-6010-01,2026-06-22,82,81,1
SP-6010-01,2026-06-23,81,80,1
SP-6010-01,2026-06-24,80,80,0
SP-6010-01,2026-06-25,80,80,0
SP-6010-01,2026-06-26,80,80,0
SP-6010-01,2026-06-27,80,80,0
SP-6010-01,2026-06-28,80,80,0
SP-6010-01,2026-06-29,80,80,0
SP-6010-01,2026-06-30,80,77,3
SP-6010-01,2026-07-01,77,76,1
SP-6010-01,2026-07-02,76,76,0
SP-6010-01,2026-07-03,76,71,5
SP-6010-01,2026-07-04,71,71,0
SP-6010-01,2026-07-05,71,71,0
SP-6010-01,2026-07-06,71,70,1
SP-6010-01,2026-07-07,70,66,4
SP-6010-01,2026-07-08,66,66,0
SP-6010-01,2026-07-09,66,66,0
SP-6010-01,2026-07-10,66,59,7
SP-6010-01,2026-07-11,59,59,0
SP-6010-01,2026-07-12,59,59,0
SP-6010-01,2026-07-13,59,59,0
SP-6010-01,2026-07-14,59,58,1
SP-6010-01,2026-07-15,58,58,0
SP-6010-01,2026-07-16,58,56,2
SP-6010-01,2026-07-17,56,55,1
SP-6010-01,2026-07-18,55,55,0
SP-6010-01,2026-07-19,55,55,0
SP-6010-01,2026-07-20,55,52,3
SP-6010-01,2026-07-21,52,52,0
SP-6010-01,2026-07-22,52,51,1
SP-6010-01,2026-07-23,51,49,2
SP-6010-01,2026-07-24,49,42,7
SP-6010-01,2026-07-25,192,192,0
SP-6010-01,2026-07-26,192,192,0
SP-6010-01,2026-07-27,192,189,3
SP-6010-01,2026-07-28,189,189,0
SP-6010-01,2026-07-29,189,184,5
SP-6010-01,2026-07-30,184,183,1
SP-6010-01,2026-07-31,183,177,6
SP-6010-01,2026-08-01,177,176,1
SP-6010-01,2026-08-02,176,176,0
SP-6010-01,2026-08-03,176,175,1
SP-6010-01,2026-08-04,175,165,10
SP-6010-01,2026-08-05,165,119,46
SP-6010-01,2026-08-06,119,116,3
SP-6010-01,2026-08-07,116,114,2
SP-6010-01,2026-08-08,114,114,0
SP-6010-01,2026-08-09,114,114,0
SP-6010-01,2026-08-10,114,114,0
SP-6010-01,2026-08-11,114,114,0
SP-6010-01,2026-08-12,114,110,4
SP-6010-01,2026-08-13,110,110,0
SP-6010-01,2026-08-14,110,110,0
SP-6010-01,2026-08-15,110,109,1
SP-6010-01,2026-08-16,109,109,0
SP-6010-01,2026-08-17,109,106,3
SP-6010-01,2026-08-18,106,106,0
SP-6010-01,2026-08-19,106,104,2
SP-6010-01,2026-08-20,104,104,0
SP-6010-01,2026-08-21,104,91,13
SP-6010-01,2026-08-22,91,91,0
SP-6010-01,2026-08-23,91,91,0
SP-6010-01,2026-08-24,91,91,0
SP-6010-01,2026-08-25,91,89,2
SP-6010-01,2026-08-26,89,86,3
SP-6010-01,2026-08-27,86,83,3
SP-6010-01,2026-08-28,83,49,34
SP-6010-02,2026-05-01,55,55,0
SP-6010-02,2026-05-02,55,55,0
SP-6010-02,2026-05-03,55,55,0
SP-6010-02,2026-05-04,55,55,0
SP-6010-02,2026-05-05,55,55,0
SP-6010-02,2026-05-06,55,55,0
SP-6010-02,2026-05-07,55,55,0
SP-6010-02,2026-05-08,55,55,0
SP-6010-02,2026-05-09,55,55,0
SP-6010-02,2026-05-10,55,55,0
SP-6010-02,2026-05-11,55,55,0
SP-6010-02,2026-05-12,55,55,0
SP-6010-02,2026-05-13,55,55,0
SP-6010-02,2026-05-14,55,54,1
SP-6010-02,2026-05-15,54,54,0
SP-6010-02,2026-05-16,54,54,0
SP-6010-02,2026-05-17,54,54,0
SP-6010-02,2026-05-18,54,54,0
SP-6010-02,2026-05-19,54,53,1
SP-6010-02,2026-05-20,53,53,0
SP-6010-02,2026-05-21,53,53,0
SP-6010-02,2026-05-22,53,52,1
SP-6010-02,2026-05-23,52,52,0
SP-6010-02,2026-05-24,52,52,0
SP-6010-02,2026-05-25,52,52,0
SP-6010-02,2026-05-26,52,52,0
SP-6010-02,2026-05-27,52,52,0
SP-6010-02,2026-05-28,52,52,0
SP-6010-02,2026-05-29,52,51,1
SP-6010-02,2026-05-30,51,51,0
SP-6010-02,2026-05-31,51,51,0
SP-6010-02,2026-06-01,51,51,0
SP-6010-02,2026-06-02,51,49,2
SP-6010-02,2026-06-03,49,48,1
SP-6010-02,2026-06-04,48,48,0
SP-6010-02,2026-06-05,48,48,0
SP-6010-02,2026-06-06,48,48,0
SP-6010-02,2026-06-07,48,48,0
SP-6010-02,2026-06-08,48,47,1
SP-6010-02,2026-06-09,47,47,0
SP-6010-02,2026-06-10,47,47,0
SP-6010-02,2026-06-11,47,47,0
SP-6010-02,2026-06-12,47,47,0
SP-6010-02,2026-06-13,47,47,0
SP-6010-02,2026-06-14,47,47,0
SP-6010-02,2026-06-15,47,47,0
SP-6010-02,2026-06-16,47,47,0
SP-6010-02,2026-06-17,47,47,0
SP-6010-02,2026-06-18,47,44,3
SP-6010-02,2026-06-19,44,44,0
SP-6010-02,2026-06-20,44,44,0
SP-6010-02,2026-06-21,44,44,0
SP-6010-02,2026-06-22,44,44,0
SP-6010-02,2026-06-23,44,44,0
SP-6010-02,2026-06-24,44,44,0
SP-6010-02,2026-06-25,44,43,1
SP-6010-02,2026-06-26,43,43,0
SP-6010-02,2026-06-27,43,43,0
SP-6010-02,2026-06-28,43,43,0
SP-6010-02,2026-06-29,43,42,1
SP-6010-02,2026-06-30,42,42,0
SP-6010-02,2026-07-01,42,41,1
SP-6010-02,2026-07-02,41,41,0
SP-6010-02,2026-07-03,41,41,0
SP-6010-02,2026-07-04,41,41,0
SP-6010-02,2026-07-05,41,41,0
SP-6010-02,2026-07-06,41,41,0
SP-6010-02,2026-07-07,41,41,0
SP-6010-02,2026-07-08,41,41,0
SP-6010-02,2026-07-09,41,41,0
SP-6010-02,2026-07-10,41,41,0
SP-6010-02,2026-07-11,41,41,0
SP-6010-02,2026-07-12,41,41,0
SP-6010-02,2026-07-13,41,41,0
SP-6010-02,2026-07-14,41,40,1
SP-6010-02,2026-07-15,40,40,0
SP-6010-02,2026-07-16,40,38,2
SP-6010-02,2026-07-17,38,38,0
SP-6010-02,2026-07-18,38,38,0
SP-6010-02,2026-07-19,38,38,0
SP-6010-02,2026-07-20,38,38,0
SP-6010-02,2026-07-21,38,38,0
SP-6010-02,2026-07-22,38,38,0
SP-6010-02,2026-07-23,38,38,0
SP-6010-02,2026-07-24,38,37,1
SP-6010-02,2026-07-25,37,36,1
SP-6010-02,2026-07-26,36,36,0
SP-6010-02,2026-07-27,36,35,1
SP-6010-02,2026-07-28,35,33,2
SP-6010-02,2026-07-29,33,32,1
SP-6010-02,2026-07-30,32,32,0
SP-6010-02,2026-07-31,32,32,0
SP-6010-02,2026-08-01,32,32,0
SP-6010-02,2026-08-02,32,32,0
SP-6010-02,2026-08-03,32,32,0
SP-6010-02,2026-08-04,32,32,0
SP-6010-02,2026-08-05,32,32,0
SP-6010-02,2026-08-06,32,31,1
SP-6010-02,2026-08-07,31,31,0
SP-6010-02,2026-08-08,31,29,2
SP-6010-02,2026-08-09,29,29,0
SP-6010-02,2026-08-10,29,29,0
SP-6010-02,2026-08-11,29,29,0
SP-6010-02,2026-08-12,29,29,0
SP-6010-02,2026-08-13,29,29,0
SP-6010-02,2026-08-14,29,29,0
SP-6010-02,2026-08-15,29,29,0
SP-6010-02,2026-08-16,29,29,0
SP-6010-02,2026-08-17,29,27,2
SP-6010-02,2026-08-18,27,24,3
SP-6010-02,2026-08-19,24,24,0
SP-6010-02,2026-08-20,24,24,0
SP-6010-02,2026-08-21,24,23,1
SP-6010-02,2026-08-22,23,23,0
SP-6010-02,2026-08-23,23,23,0
SP-6010-02,2026-08-24,23,23,0
SP-6010-02,2026-08-25,23,22,1
SP-6010-02,2026-08-26,22,22,0
SP-6010-02,2026-08-27,22,22,0
SP-6010-02,2026-08-28,22,22,0
PX-7001-01,2026-05-01,189,189,0
PX-7001-01,2026-05-02,189,189,0
PX-7001-01,2026-05-03,189,189,0
PX-7001-01,2026-05-04,189,188,1
PX-7001-01,2026-05-05,188,186,2
PX-7001-01,2026-05-06,186,183,3
PX-7001-01,2026-05-07,183,183,0
PX-7001-01,2026-05-08,183,183,0
PX-7001-01,2026-05-09,183,183,0
PX-7001-01,2026-05-10,183,183,0
PX-7001-01,2026-05-11,183,182,1
PX-7001-01,2026-05-12,182,152,30
PX-7001-01,2026-05-13,152,149,3
PX-7001-01,2026-05-14,149,149,0
PX-7001-01,2026-05-15,149,147,2
PX-7001-01,2026-05-16,147,145,2
PX-7001-01,2026-05-17,145,145,0
PX-7001-01,2026-05-18,145,143,2
PX-7001-01,2026-05-19,143,141,2
PX-7001-01,2026-05-20,141,141,0
PX-7001-01,2026-05-21,141,140,1
PX-7001-01,2026-05-22,140,138,2
PX-7001-01,2026-05-23,138,138,0
PX-7001-01,2026-05-24,138,138,0
PX-7001-01,2026-05-25,138,135,3
PX-7001-01,2026-05-26,135,134,1
PX-7001-01,2026-05-27,134,130,4
PX-7001-01,2026-05-28,130,130,0
PX-7001-01,2026-05-29,130,129,1
PX-7001-01,2026-05-30,129,122,7
PX-7001-01,2026-05-31,122,122,0
PX-7001-01,2026-06-01,122,15,107
PX-7001-01,2026-06-02,15,15,0
PX-7001-01,2026-06-03,15,9,6
PX-7001-01,2026-06-04,9,9,0
PX-7001-01,2026-06-05,9,9,0
PX-7001-01,2026-06-06,9,9,0
PX-7001-01,2026-06-07,9,9,0
PX-7001-01,2026-06-08,9,8,1
PX-7001-01,2026-06-09,8,0,8
PX-7001-01,2026-06-10,0,0,0
PX-7001-01,2026-06-11,0,0,0
PX-7001-01,2026-06-12,0,0,0
PX-7001-01,2026-06-13,0,0,0
PX-7001-01,2026-06-14,0,0,0
PX-7001-01,2026-06-15,0,0,0
PX-7001-01,2026-06-16,0,0,0
PX-7001-01,2026-06-17,0,0,0
PX-7001-01,2026-06-18,0,0,0
PX-7001-01,2026-06-19,0,0,0
PX-7001-01,2026-06-20,0,0,0
PX-7001-01,2026-06-21,0,0,0
PX-7001-01,2026-06-22,0,0,0
PX-7001-01,2026-06-23,0,0,0
PX-7001-01,2026-06-24,0,0,0
PX-7001-01,2026-06-25,0,0,0
PX-7001-01,2026-06-26,0,0,0
PX-7001-01,2026-06-27,0,0,0
PX-7001-01,2026-06-28,0,0,0
PX-7001-01,2026-06-29,0,0,0
PX-7001-01,2026-06-30,0,0,0
PX-7001-01,2026-07-01,0,0,0
PX-7001-01,2026-07-02,0,0,0
PX-7001-01,2026-07-03,0,0,0
PX-7001-01,2026-07-04,0,0,0
PX-7001-01,2026-07-05,0,0,0
PX-7001-01,2026-07-06,0,0,0
PX-7001-01,2026-07-07,0,0,0
PX-7001-01,2026-07-08,0,0,0
PX-7001-01,2026-07-09,0,0,0
PX-7001-01,2026-07-10,0,0,0
PX-7001-01,2026-07-11,0,0,0
PX-7001-01,2026-07-12,0,0,0
PX-7001-01,2026-07-13,0,0,0
PX-7001-01,2026-07-14,0,0,0
PX-7001-01,2026-07-15,0,0,0
PX-7001-01,2026-07-16,132,126,6
PX-7001-01,2026-07-17,126,124,2
PX-7001-01,2026-07-18,124,124,0
PX-7001-01,2026-07-19,124,124,0
PX-7001-01,2026-07-20,124,124,0
PX-7001-01,2026-07-21,124,124,0
PX-7001-01,2026-07-22,124,121,3
PX-7001-01,2026-07-23,121,121,0
PX-7001-01,2026-07-24,121,120,1
PX-7001-01,2026-07-25,120,120,0
PX-7001-01,2026-07-26,120,120,0
PX-7001-01,2026-07-27,120,113,7
PX-7001-01,2026-07-28,113,113,0
PX-7001-01,2026-07-29,113,108,5
PX-7001-01,2026-07-30,108,106,2
PX-7001-01,2026-07-31,106,105,1
PX-7001-01,2026-08-01,105,102,3
PX-7001-01,2026-08-02,102,102,0
PX-7001-01,2026-08-03,102,98,4
PX-7001-01,2026-08-04,98,98,0
PX-7001-01,2026-08-05,98,97,1
PX-7001-01,2026-08-06,97,95,2
PX-7001-01,2026-08-07,95,48,47
PX-7001-01,2026-08-08,48,47,1
PX-7001-01,2026-08-09,47,47,0
PX-7001-01,2026-08-10,47,44,3
PX-7001-01,2026-08-11,44,41,3
PX-7001-01,2026-08-12,41,41,0
PX-7001-01,2026-08-13,41,40,1
PX-7001-01,2026-08-14,40,40,0
PX-7001-01,2026-08-15,40,30,10
PX-7001-01,2026-08-16,30,30,0
PX-7001-01,2026-08-17,30,26,4
PX-7001-01,2026-08-18,26,25,1
PX-7001-01,2026-08-19,25,22,3
PX-7001-01,2026-08-20,22,16,6
PX-7001-01,2026-08-21,16,16,0
PX-7001-01,2026-08-22,16,14,2
PX-7001-01,2026-08-23,14,14,0
PX-7001-01,2026-08-24,14,12,2
PX-7001-01,2026-08-25,12,8,4
PX-7001-01,2026-08-26,8,1,7
PX-7001-01,2026-08-27,1,0,1
PX-7001-01,2026-08-28,0,0,0
PX-7001-02,2026-05-01,60,60,0
PX-7001-02,2026-05-02,60,60,0
PX-7001-02,2026-05-03,60,60,0
PX-7001-02,2026-05-04,60,60,0
PX-7001-02,2026-05-05,60,59,1
PX-7001-02,2026-05-06,59,59,0
PX-7001-02,2026-05-07,59,59,0
PX-7001-02,2026-05-08,59,56,3
PX-7001-02,2026-05-09,56,56,0
PX-7001-02,2026-05-10,56,56,0
PX-7001-02,2026-05-11,56,56,0
PX-7001-02,2026-05-12,56,56,0
PX-7001-02,2026-05-13,56,56,0
PX-7001-02,2026-05-14,56,54,2
PX-7001-02,2026-05-15,54,36,18
PX-7001-02,2026-05-16,36,36,0
PX-7001-02,2026-05-17,36,36,0
PX-7001-02,2026-05-18,36,35,1
PX-7001-02,2026-05-19,35,35,0
PX-7001-02,2026-05-20,35,34,1
PX-7001-02,2026-05-21,34,34,0
PX-7001-02,2026-05-22,34,33,1
PX-7001-02,2026-05-23,33,33,0
PX-7001-02,2026-05-24,33,33,0
PX-7001-02,2026-05-25,33,32,1
PX-7001-02,2026-05-26,32,32,0
PX-7001-02,2026-05-27,32,32,0
PX-7001-02,2026-05-28,32,32,0
PX-7001-02,2026-05-29,32,30,2
PX-7001-02,2026-05-30,30,30,0
PX-7001-02,2026-05-31,30,30,0
PX-7001-02,2026-06-01,30,19,11
PX-7001-02,2026-06-02,19,19,0
PX-7001-02,2026-06-03,19,19,0
PX-7001-02,2026-06-04,19,19,0
PX-7001-02,2026-06-05,19,15,4
PX-7001-02,2026-06-06,15,15,0
PX-7001-02,2026-06-07,15,15,0
PX-7001-02,2026-06-08,15,15,0
PX-7001-02,2026-06-09,15,15,0
PX-7001-02,2026-06-10,15,3,12
PX-7001-02,2026-06-11,3,3,0
PX-7001-02,2026-06-12,3,3,0
PX-7001-02,2026-06-13,3,1,2
PX-7001-02,2026-06-14,1,1,0
PX-7001-02,2026-06-15,1,1,0
PX-7001-02,2026-06-16,30,30,0
PX-7001-02,2026-06-17,30,29,1
PX-7001-02,2026-06-18,29,29,0
PX-7001-02,2026-06-19,29,25,4
PX-7001-02,2026-06-20,25,25,0
PX-7001-02,2026-06-21,25,25,0
PX-7001-02,2026-06-22,25,24,1
PX-7001-02,2026-06-23,24,24,0
PX-7001-02,2026-06-24,24,24,0
PX-7001-02,2026-06-25,24,24,0
PX-7001-02,2026-06-26,24,24,0
PX-7001-02,2026-06-27,24,24,0
PX-7001-02,2026-06-28,24,24,0
PX-7001-02,2026-06-29,24,24,0
PX-7001-02,2026-06-30,24,24,0
PX-7001-02,2026-07-01,24,24,0
PX-7001-02,2026-07-02,24,22,2
PX-7001-02,2026-07-03,22,20,2
PX-7001-02,2026-07-04,20,20,0
PX-7001-02,2026-07-05,20,20,0
PX-7001-02,2026-07-06,20,20,0
PX-7001-02,2026-07-07,20,20,0
PX-7001-02,2026-07-08,20,20,0
PX-7001-02,2026-07-09,20,20,0
PX-7001-02,2026-07-10,20,19,1
PX-7001-02,2026-07-11,19,19,0
PX-7001-02,2026-07-12,19,19,0
PX-7001-02,2026-07-13,19,17,2
PX-7001-02,2026-07-14,17,17,0
PX-7001-02,2026-07-15,17,13,4
PX-7001-02,2026-07-16,13,13,0
PX-7001-02,2026-07-17,13,13,0
PX-7001-02,2026-07-18,13,13,0
PX-7001-02,2026-07-19,13,13,0
PX-7001-02,2026-07-20,13,9,4
PX-7001-02,2026-07-21,9,8,1
PX-7001-02,2026-07-22,8,7,1
PX-7001-02,2026-07-23,7,7,0
PX-7001-02,2026-07-24,7,7,0
PX-7001-02,2026-07-25,37,37,0
PX-7001-02,2026-07-26,37,37,0
PX-7001-02,2026-07-27,37,36,1
PX-7001-02,2026-07-28,36,36,0
PX-7001-02,2026-07-29,36,34,2
PX-7001-02,2026-07-30,34,34,0
PX-7001-02,2026-07-31,34,34,0
PX-7001-02,2026-08-01,34,34,0
PX-7001-02,2026-08-02,34,34,0
PX-7001-02,2026-08-03,34,34,0
PX-7001-02,2026-08-04,34,33,1
PX-7001-02,2026-08-05,33,33,0
PX-7001-02,2026-08-06,33,33,0
PX-7001-02,2026-08-07,33,32,1
PX-7001-02,2026-08-08,32,32,0
PX-7001-02,2026-08-09,32,32,0
PX-7001-02,2026-08-10,32,30,2
PX-7001-02,2026-08-11,30,28,2
PX-7001-02,2026-08-12,28,28,0
PX-7001-02,2026-08-13,28,26,2
PX-7001-02,2026-08-14,26,26,0
PX-7001-02,2026-08-15,26,26,0
PX-7001-02,2026-08-16,26,26,0
PX-7001-02,2026-08-17,26,26,0
PX-7001-02,2026-08-18,26,16,10
PX-7001-02,2026-08-19,16,16,0
PX-7001-02,2026-08-20,16,16,0
PX-7001-02,2026-08-21,16,16,0
PX-7001-02,2026-08-22,16,15,1
PX-7001-02,2026-08-23,15,15,0
PX-7001-02,2026-08-24,15,15,0
PX-7001-02,2026-08-25,15,15,0
PX-7001-02,2026-08-26,15,14,1
PX-7001-02,2026-08-27,14,13,1
PX-7001-02,2026-08-28,13,13,0
PX-7002-01,2026-05-01,55,54,1
PX-7002-01,2026-05-02,54,53,1
PX-7002-01,2026-05-03,53,53,0
PX-7002-01,2026-05-04,53,50,3
PX-7002-01,2026-05-05,50,50,0
PX-7002-01,2026-05-06,50,50,0
PX-7002-01,2026-05-07,50,50,0
PX-7002-01,2026-05-08,50,50,0
PX-7002-01,2026-05-09,50,50,0
PX-7002-01,2026-05-10,50,50,0
PX-7002-01,2026-05-11,50,49,1
PX-7002-01,2026-05-12,49,48,1
PX-7002-01,2026-05-13,48,47,1
PX-7002-01,2026-05-14,47,45,2
PX-7002-01,2026-05-15,45,42,3
PX-7002-01,2026-05-16,42,41,1
PX-7002-01,2026-05-17,41,41,0
PX-7002-01,2026-05-18,41,36,5
PX-7002-01,2026-05-19,36,35,1
PX-7002-01,2026-05-20,35,30,5
PX-7002-01,2026-05-21,30,30,0
PX-7002-01,2026-05-22,30,28,2
PX-7002-01,2026-05-23,28,28,0
PX-7002-01,2026-05-24,28,28,0
PX-7002-01,2026-05-25,28,28,0
PX-7002-01,2026-05-26,28,24,4
PX-7002-01,2026-05-27,24,20,4
PX-7002-01,2026-05-28,20,15,5
PX-7002-01,2026-05-29,15,15,0
PX-7002-01,2026-05-30,15,15,0
PX-7002-01,2026-05-31,15,15,0
PX-7002-01,2026-06-01,15,11,4
PX-7002-01,2026-06-02,11,9,2
PX-7002-01,2026-06-03,9,7,2
PX-7002-01,2026-06-04,7,7,0
PX-7002-01,2026-06-05,7,3,4
PX-7002-01,2026-06-06,3,3,0
PX-7002-01,2026-06-07,3,3,0
PX-7002-01,2026-06-08,3,3,0
PX-7002-01,2026-06-09,3,3,0
PX-7002-01,2026-06-10,3,3,0
PX-7002-01,2026-06-11,3,0,3
PX-7002-01,2026-06-12,0,0,0
PX-7002-01,2026-06-13,0,0,0
PX-7002-01,2026-06-14,0,0,0
PX-7002-01,2026-06-15,0,0,0
PX-7002-01,2026-06-16,0,0,0
PX-7002-01,2026-06-17,0,0,0
PX-7002-01,2026-06-18,0,0,0
PX-7002-01,2026-06-19,0,0,0
PX-7002-01,2026-06-20,77,77,0
PX-7002-01,2026-06-21,77,77,0
PX-7002-01,2026-06-22,77,77,0
PX-7002-01,2026-06-23,77,74,3
PX-7002-01,2026-06-24,74,74,0
PX-7002-01,2026-06-25,74,73,1
PX-7002-01,2026-06-26,73,65,8
PX-7002-01,2026-06-27,65,63,2
PX-7002-01,2026-06-28,63,63,0
PX-7002-01,2026-06-29,63,43,20
PX-7002-01,2026-06-30,43,43,0
PX-7002-01,2026-07-01,43,22,21
PX-7002-01,2026-07-02,22,22,0
PX-7002-01,2026-07-03,22,19,3
PX-7002-01,2026-07-04,19,19,0
PX-7002-01,2026-07-05,19,19,0
PX-7002-01,2026-07-06,19,18,1
PX-7002-01,2026-07-07,18,15,3
PX-7002-01,2026-07-08,15,5,10
PX-7002-01,2026-07-09,5,5,0
PX-7002-01,2026-07-10,5,3,2
PX-7002-01,2026-07-11,3,2,1
PX-7002-01,2026-07-12,2,2,0
PX-7002-01,2026-07-13,2,0,2
PX-7002-01,2026-07-14,0,0,0
PX-7002-01,2026-07-15,0,0,0
PX-7002-01,2026-07-16,0,0,0
PX-7002-01,2026-07-17,0,0,0
PX-7002-01,2026-07-18,0,0,0
PX-7002-01,2026-07-19,0,0,0
PX-7002-01,2026-07-20,0,0,0
PX-7002-01,2026-07-21,0,0,0
PX-7002-01,2026-07-22,0,0,0
PX-7002-01,2026-07-23,0,0,0
PX-7002-01,2026-07-24,0,0,0
PX-7002-01,2026-07-25,0,0,0
PX-7002-01,2026-07-26,0,0,0
PX-7002-01,2026-07-27,0,0,0
PX-7002-01,2026-07-28,0,0,0
PX-7002-01,2026-07-29,0,0,0
PX-7002-01,2026-07-30,0,0,0
PX-7002-01,2026-07-31,0,0,0
PX-7002-01,2026-08-01,0,0,0
PX-7002-01,2026-08-02,0,0,0
PX-7002-01,2026-08-03,0,0,0
PX-7002-01,2026-08-04,0,0,0
PX-7002-01,2026-08-05,0,0,0
PX-7002-01,2026-08-06,0,0,0
PX-7002-01,2026-08-07,0,0,0
PX-7002-01,2026-08-08,0,0,0
PX-7002-01,2026-08-09,0,0,0
PX-7002-01,2026-08-10,0,0,0
PX-7002-01,2026-08-11,0,0,0
PX-7002-01,2026-08-12,0,0,0
PX-7002-01,2026-08-13,0,0,0
PX-7002-01,2026-08-14,0,0,0
PX-7002-01,2026-08-15,0,0,0
PX-7002-01,2026-08-16,77,77,0
PX-7002-01,2026-08-17,77,71,6
PX-7002-01,2026-08-18,71,70,1
PX-7002-01,2026-08-19,70,66,4
PX-7002-01,2026-08-20,66,66,0
PX-7002-01,2026-08-21,66,64,2
PX-7002-01,2026-08-22,64,64,0
PX-7002-01,2026-08-23,64,64,0
PX-7002-01,2026-08-24,64,64,0
PX-7002-01,2026-08-25,64,39,25
PX-7002-01,2026-08-26,39,39,0
PX-7002-01,2026-08-27,39,38,1
PX-7002-01,2026-08-28,38,32,6
PX-7002-02,2026-05-01,17,17,0
PX-7002-02,2026-05-02,17,17,0
PX-7002-02,2026-05-03,17,17,0
PX-7002-02,2026-05-04,17,17,0
PX-7002-02,2026-05-05,17,17,0
PX-7002-02,2026-05-06,17,15,2
PX-7002-02,2026-05-07,15,15,0
PX-7002-02,2026-05-08,15,13,2
PX-7002-02,2026-05-09,13,13,0
PX-7002-02,2026-05-10,13,13,0
PX-7002-02,2026-05-11,13,13,0
PX-7002-02,2026-05-12,13,13,0
PX-7002-02,2026-05-13,13,13,0
PX-7002-02,2026-05-14,13,13,0
PX-7002-02,2026-05-15,13,13,0
PX-7002-02,2026-05-16,13,13,0
PX-7002-02,2026-05-17,13,13,0
PX-7002-02,2026-05-18,13,13,0
PX-7002-02,2026-05-19,13,13,0
PX-7002-02,2026-05-20,13,13,0
PX-7002-02,2026-05-21,13,13,0
PX-7002-02,2026-05-22,13,12,1
PX-7002-02,2026-05-23,12,11,1
PX-7002-02,2026-05-24,11,11,0
PX-7002-02,2026-05-25,11,11,0
PX-7002-02,2026-05-26,11,11,0
PX-7002-02,2026-05-27,11,11,0
PX-7002-02,2026-05-28,11,11,0
PX-7002-02,2026-05-29,11,6,5
PX-7002-02,2026-05-30,6,6,0
PX-7002-02,2026-05-31,6,6,0
PX-7002-02,2026-06-01,6,6,0
PX-7002-02,2026-06-02,6,6,0
PX-7002-02,2026-06-03,6,6,0
PX-7002-02,2026-06-04,6,6,0
PX-7002-02,2026-06-05,6,6,0
PX-7002-02,2026-06-06,6,4,2
PX-7002-02,2026-06-07,4,4,0
PX-7002-02,2026-06-08,4,4,0
PX-7002-02,2026-06-09,4,4,0
PX-7002-02,2026-06-10,4,3,1
PX-7002-02,2026-06-11,3,3,0
PX-7002-02,2026-06-12,3,3,0
PX-7002-02,2026-06-13,25,24,1
PX-7002-02,2026-06-14,24,24,0
PX-7002-02,2026-06-15,24,24,0
PX-7002-02,2026-06-16,24,24,0
PX-7002-02,2026-06-17,24,23,1
PX-7002-02,2026-06-18,23,22,1
PX-7002-02,2026-06-19,22,22,0
PX-7002-02,2026-06-20,22,22,0
PX-7002-02,2026-06-21,22,22,0
PX-7002-02,2026-06-22,22,20,2
PX-7002-02,2026-06-23,20,20,0
PX-7002-02,2026-06-24,20,20,0
PX-7002-02,2026-06-25,20,20,0
PX-7002-02,2026-06-26,20,19,1
PX-7002-02,2026-06-27,19,19,0
PX-7002-02,2026-06-28,19,19,0
PX-7002-02,2026-06-29,19,18,1
PX-7002-02,2026-06-30,18,18,0
PX-7002-02,2026-07-01,18,18,0
PX-7002-02,2026-07-02,18,18,0
PX-7002-02,2026-07-03,18,18,0
PX-7002-02,2026-07-04,18,17,1
PX-7002-02,2026-07-05,17,17,0
PX-7002-02,2026-07-06,17,17,0
PX-7002-02,2026-07-07,17,16,1
PX-7002-02,2026-07-08,16,13,3
PX-7002-02,2026-07-09,13,13,0
PX-7002-02,2026-07-10,13,13,0
PX-7002-02,2026-07-11,13,13,0
PX-7002-02,2026-07-12,13,13,0
PX-7002-02,2026-07-13,13,13,0
PX-7002-02,2026-07-14,13,13,0
PX-7002-02,2026-07-15,13,13,0
PX-7002-02,2026-07-16,13,13,0
PX-7002-02,2026-07-17,13,8,5
PX-7002-02,2026-07-18,8,8,0
PX-7002-02,2026-07-19,8,8,0
PX-7002-02,2026-07-20,8,7,1
PX-7002-02,2026-07-21,7,7,0
PX-7002-02,2026-07-22,7,6,1
PX-7002-02,2026-07-23,6,6,0
PX-7002-02,2026-07-24,6,6,0
PX-7002-02,2026-07-25,6,6,0
PX-7002-02,2026-07-26,6,6,0
PX-7002-02,2026-07-27,6,6,0
PX-7002-02,2026-07-28,6,6,0
PX-7002-02,2026-07-29,6,5,1
PX-7002-02,2026-07-30,5,5,0
PX-7002-02,2026-07-31,5,5,0
PX-7002-02,2026-08-01,5,5,0
PX-7002-02,2026-08-02,5,5,0
PX-7002-02,2026-08-03,5,5,0
PX-7002-02,2026-08-04,5,5,0
PX-7002-02,2026-08-05,5,5,0
PX-7002-02,2026-08-06,5,5,0
PX-7002-02,2026-08-07,5,5,0
PX-7002-02,2026-08-08,5,4,1
PX-7002-02,2026-08-09,4,4,0
PX-7002-02,2026-08-10,4,4,0
PX-7002-02,2026-08-11,4,4,0
PX-7002-02,2026-08-12,4,4,0
PX-7002-02,2026-08-13,4,4,0
PX-7002-02,2026-08-14,26,26,0
PX-7002-02,2026-08-15,26,26,0
PX-7002-02,2026-08-16,26,26,0
PX-7002-02,2026-08-17,26,24,2
PX-7002-02,2026-08-18,24,21,3
PX-7002-02,2026-08-19,21,19,2
PX-7002-02,2026-08-20,19,18,1
PX-7002-02,2026-08-21,18,18,0
PX-7002-02,2026-08-22,18,18,0
PX-7002-02,2026-08-23,18,18,0
PX-7002-02,2026-08-24,18,18,0
PX-7002-02,2026-08-25,18,17,1
PX-7002-02,2026-08-26,17,17,0
PX-7002-02,2026-08-27,17,17,0
PX-7002-02,2026-08-28,17,15,2
AC-8001-01,2026-05-01,193,191,2
AC-8001-01,2026-05-02,191,191,0
AC-8001-01,2026-05-03,191,191,0
AC-8001-01,2026-05-04,191,179,12
AC-8001-01,2026-05-05,179,177,2
AC-8001-01,2026-05-06,177,173,4
AC-8001-01,2026-05-07,173,171,2
AC-8001-01,2026-05-08,171,162,9
AC-8001-01,2026-05-09,162,157,5
AC-8001-01,2026-05-10,157,157,0
AC-8001-01,2026-05-11,157,157,0
AC-8001-01,2026-05-12,157,148,9
AC-8001-01,2026-05-13,148,144,4
AC-8001-01,2026-05-14,144,144,0
AC-8001-01,2026-05-15,144,126,18
AC-8001-01,2026-05-16,126,121,5
AC-8001-01,2026-05-17,121,121,0
AC-8001-01,2026-05-18,121,109,12
AC-8001-01,2026-05-19,109,101,8
AC-8001-01,2026-05-20,101,98,3
AC-8001-01,2026-05-21,98,50,48
AC-8001-01,2026-05-22,50,50,0
AC-8001-01,2026-05-23,50,45,5
AC-8001-01,2026-05-24,45,45,0
AC-8001-01,2026-05-25,45,19,26
AC-8001-01,2026-05-26,19,19,0
AC-8001-01,2026-05-27,19,1,18
AC-8001-01,2026-05-28,1,0,1
AC-8001-01,2026-05-29,0,0,0
AC-8001-01,2026-05-30,0,0,0
AC-8001-01,2026-05-31,170,170,0
AC-8001-01,2026-06-01,170,170,0
AC-8001-01,2026-06-02,170,120,50
AC-8001-01,2026-06-03,120,112,8
AC-8001-01,2026-06-04,112,107,5
AC-8001-01,2026-06-05,107,106,1
AC-8001-01,2026-06-06,106,94,12
AC-8001-01,2026-06-07,94,94,0
AC-8001-01,2026-06-08,94,91,3
AC-8001-01,2026-06-09,91,91,0
AC-8001-01,2026-06-10,91,82,9
AC-8001-01,2026-06-11,82,82,0
AC-8001-01,2026-06-12,82,81,1
AC-8001-01,2026-06-13,81,81,0
AC-8001-01,2026-06-14,81,81,0
AC-8001-01,2026-06-15,81,73,8
AC-8001-01,2026-06-16,73,70,3
AC-8001-01,2026-06-17,70,58,12
AC-8001-01,2026-06-18,58,56,2
AC-8001-01,2026-06-19,56,53,3
AC-8001-01,2026-06-20,53,53,0
AC-8001-01,2026-06-21,53,53,0
AC-8001-01,2026-06-22,53,48,5
AC-8001-01,2026-06-23,48,48,0
AC-8001-01,2026-06-24,48,46,2
AC-8001-01,2026-06-25,46,23,23
AC-8001-01,2026-06-26,23,0,23
AC-8001-01,2026-06-27,0,0,0
AC-8001-01,2026-06-28,0,0,0
AC-8001-01,2026-06-29,0,0,0
AC-8001-01,2026-06-30,0,0,0
AC-8001-01,2026-07-01,0,0,0
AC-8001-01,2026-07-02,170,164,6
AC-8001-01,2026-07-03,164,161,3
AC-8001-01,2026-07-04,161,161,0
AC-8001-01,2026-07-05,161,161,0
AC-8001-01,2026-07-06,161,151,10
AC-8001-01,2026-07-07,151,150,1
AC-8001-01,2026-07-08,150,147,3
AC-8001-01,2026-07-09,147,147,0
AC-8001-01,2026-07-10,147,120,27
AC-8001-01,2026-07-11,120,120,0
AC-8001-01,2026-07-12,120,120,0
AC-8001-01,2026-07-13,120,120,0
AC-8001-01,2026-07-14,120,115,5
AC-8001-01,2026-07-15,115,112,3
AC-8001-01,2026-07-16,112,112,0
AC-8001-01,2026-07-17,112,82,30
AC-8001-01,2026-07-18,82,81,1
AC-8001-01,2026-07-19,81,81,0
AC-8001-01,2026-07-20,81,81,0
AC-8001-01,2026-07-21,81,81,0
AC-8001-01,2026-07-22,81,69,12
AC-8001-01,2026-07-23,69,66,3
AC-8001-01,2026-07-24,66,23,43
AC-8001-01,2026-07-25,23,23,0
AC-8001-01,2026-07-26,23,23,0
AC-8001-01,2026-07-27,23,19,4
AC-8001-01,2026-07-28,19,10,9
AC-8001-01,2026-07-29,10,0,10
AC-8001-01,2026-07-30,0,0,0
AC-8001-01,2026-07-31,0,0,0
AC-8001-01,2026-08-01,0,0,0
AC-8001-01,2026-08-02,0,0,0
AC-8001-01,2026-08-03,170,166,4
AC-8001-01,2026-08-04,166,165,1
AC-8001-01,2026-08-05,165,153,12
AC-8001-01,2026-08-06,153,151,2
AC-8001-01,2026-08-07,151,148,3
AC-8001-01,2026-08-08,148,144,4
AC-8001-01,2026-08-09,144,144,0
AC-8001-01,2026-08-10,144,135,9
AC-8001-01,2026-08-11,135,86,49
AC-8001-01,2026-08-12,86,74,12
AC-8001-01,2026-08-13,74,70,4
AC-8001-01,2026-08-14,70,66,4
AC-8001-01,2026-08-15,66,65,1
AC-8001-01,2026-08-16,65,65,0
AC-8001-01,2026-08-17,65,61,4
AC-8001-01,2026-08-18,61,48,13
AC-8001-01,2026-08-19,48,41,7
AC-8001-01,2026-08-20,41,26,15
AC-8001-01,2026-08-21,26,26,0
AC-8001-01,2026-08-22,26,26,0
AC-8001-01,2026-08-23,26,26,0
AC-8001-01,2026-08-24,26,25,1
AC-8001-01,2026-08-25,25,3,22
AC-8001-01,2026-08-26,3,0,3
AC-8001-01,2026-08-27,0,0,0
AC-8001-01,2026-08-28,0,0,0
AC-8001-02,2026-05-01,41,41,0
AC-8001-02,2026-05-02,41,41,0
AC-8001-02,2026-05-03,41,41,0
AC-8001-02,2026-05-04,41,41,0
AC-8001-02,2026-05-05,41,41,0
AC-8001-02,2026-05-06,41,41,0
AC-8001-02,2026-05-07,41,41,0
AC-8001-02,2026-05-08,41,41,0
AC-8001-02,2026-05-09,41,41,0
AC-8001-02,2026-05-10,41,41,0
AC-8001-02,2026-05-11,41,41,0
AC-8001-02,2026-05-12,41,41,0
AC-8001-02,2026-05-13,41,39,2
AC-8001-02,2026-05-14,39,39,0
AC-8001-02,2026-05-15,39,38,1
AC-8001-02,2026-05-16,38,38,0
AC-8001-02,2026-05-17,128,128,0
AC-8001-02,2026-05-18,128,128,0
AC-8001-02,2026-05-19,128,128,0
AC-8001-02,2026-05-20,128,128,0
AC-8001-02,2026-05-21,128,128,0
AC-8001-02,2026-05-22,128,127,1
AC-8001-02,2026-05-23,127,122,5
AC-8001-02,2026-05-24,122,122,0
AC-8001-02,2026-05-25,122,122,0
AC-8001-02,2026-05-26,122,122,0
AC-8001-02,2026-05-27,122,120,2
AC-8001-02,2026-05-28,120,117,3
AC-8001-02,2026-05-29,117,116,1
AC-8001-02,2026-05-30,116,116,0
AC-8001-02,2026-05-31,116,116,0
AC-8001-02,2026-06-01,116,116,0
AC-8001-02,2026-06-02,116,113,3
AC-8001-02,2026-06-03,113,113,0
AC-8001-02,2026-06-04,113,113,0
AC-8001-02,2026-06-05,113,111,2
AC-8001-02,2026-06-06,111,111,0
AC-8001-02,2026-06-07,111,111,0
AC-8001-02,2026-06-08,111,108,3
AC-8001-02,2026-06-09,108,107,1
AC-8001-02,2026-06-10,107,106,1
AC-8001-02,2026-06-11,106,106,0
AC-8001-02,2026-06-12,106,106,0
AC-8001-02,2026-06-13,106,106,0
AC-8001-02,2026-06-14,106,106,0
AC-8001-02,2026-06-15,106,104,2
AC-8001-02,2026-06-16,104,103,1
AC-8001-02,2026-06-17,103,103,0
AC-8001-02,2026-06-18,103,103,0
AC-8001-02,2026-06-19,103,101,2
AC-8001-02,2026-06-20,101,101,0
AC-8001-02,2026-06-21,101,101,0
AC-8001-02,2026-06-22,101,99,2
AC-8001-02,2026-06-23,99,99,0
AC-8001-02,2026-06-24,99,99,0
AC-8001-02,2026-06-25,99,99,0
AC-8001-02,2026-06-26,99,66,33
AC-8001-02,2026-06-27,66,66,0
AC-8001-02,2026-06-28,66,66,0
AC-8001-02,2026-06-29,66,55,11
AC-8001-02,2026-06-30,55,50,5
AC-8001-02,2026-07-01,50,45,5
AC-8001-02,2026-07-02,45,42,3
AC-8001-02,2026-07-03,42,38,4
AC-8001-02,2026-07-04,38,38,0
AC-8001-02,2026-07-05,38,38,0
AC-8001-02,2026-07-06,38,38,0
AC-8001-02,2026-07-07,38,38,0
AC-8001-02,2026-07-08,38,38,0
AC-8001-02,2026-07-09,38,38,0
AC-8001-02,2026-07-10,38,38,0
AC-8001-02,2026-07-11,38,32,6
AC-8001-02,2026-07-12,32,32,0
AC-8001-02,2026-07-13,32,32,0
AC-8001-02,2026-07-14,122,122,0
AC-8001-02,2026-07-15,122,120,2
AC-8001-02,2026-07-16,120,120,0
AC-8001-02,2026-07-17,120,119,1
AC-8001-02,2026-07-18,119,119,0
AC-8001-02,2026-07-19,119,119,0
AC-8001-02,2026-07-20,119,119,0
AC-8001-02,2026-07-21,119,114,5
AC-8001-02,2026-07-22,114,114,0
AC-8001-02,2026-07-23,114,114,0
AC-8001-02,2026-07-24,114,113,1
AC-8001-02,2026-07-25,113,113,0
AC-8001-02,2026-07-26,113,113,0
AC-8001-02,2026-07-27,113,112,1
AC-8001-02,2026-07-28,112,110,2
AC-8001-02,2026-07-29,110,104,6
AC-8001-02,2026-07-30,104,101,3
AC-8001-02,2026-07-31,101,100,1
AC-8001-02,2026-08-01,100,100,0
AC-8001-02,2026-08-02,100,100,0
AC-8001-02,2026-08-03,100,100,0
AC-8001-02,2026-08-04,100,92,8
AC-8001-02,2026-08-05,92,92,0
AC-8001-02,2026-08-06,92,92,0
AC-8001-02,2026-08-07,92,90,2
AC-8001-02,2026-08-08,90,90,0
AC-8001-02,2026-08-09,90,90,0
AC-8001-02,2026-08-10,90,89,1
AC-8001-02,2026-08-11,89,88,1
AC-8001-02,2026-08-12,88,87,1
AC-8001-02,2026-08-13,87,61,26
AC-8001-02,2026-08-14,61,32,29
AC-8001-02,2026-08-15,32,30,2
AC-8001-02,2026-08-16,30,30,0
AC-8001-02,2026-08-17,30,29,1
AC-8001-02,2026-08-18,29,29,0
AC-8001-02,2026-08-19,29,29,0
AC-8001-02,2026-08-20,29,24,5
AC-8001-02,2026-08-21,24,24,0
AC-8001-02,2026-08-22,24,24,0
AC-8001-02,2026-08-23,24,24,0
AC-8001-02,2026-08-24,24,24,0
AC-8001-02,2026-08-25,24,24,0
AC-8001-02,2026-08-26,24,24,0
AC-8001-02,2026-08-27,24,23,1
AC-8001-02,2026-08-28,23,22,1
AC-8002-01,2026-05-01,293,293,0
AC-8002-01,2026-05-02,293,291,2
AC-8002-01,2026-05-03,291,291,0
AC-8002-01,2026-05-04,291,291,0
AC-8002-01,2026-05-05,291,291,0
AC-8002-01,2026-05-06,291,291,0
AC-8002-01,2026-05-07,291,287,4
AC-8002-01,2026-05-08,287,280,7
AC-8002-01,2026-05-09,280,279,1
AC-8002-01,2026-05-10,279,279,0
AC-8002-01,2026-05-11,279,277,2
AC-8002-01,2026-05-12,277,275,2
AC-8002-01,2026-05-13,275,275,0
AC-8002-01,2026-05-14,275,266,9
AC-8002-01,2026-05-15,266,251,15
AC-8002-01,2026-05-16,251,251,0
AC-8002-01,2026-05-17,251,251,0
AC-8002-01,2026-05-18,251,251,0
AC-8002-01,2026-05-19,251,251,0
AC-8002-01,2026-05-20,251,243,8
AC-8002-01,2026-05-21,243,243,0
AC-8002-01,2026-05-22,243,162,81
AC-8002-01,2026-05-23,162,153,9
AC-8002-01,2026-05-24,153,153,0
AC-8002-01,2026-05-25,153,150,3
AC-8002-01,2026-05-26,150,150,0
AC-8002-01,2026-05-27,150,127,23
AC-8002-01,2026-05-28,127,126,1
AC-8002-01,2026-05-29,126,109,17
AC-8002-01,2026-05-30,109,109,0
AC-8002-01,2026-05-31,109,109,0
AC-8002-01,2026-06-01,109,109,0
AC-8002-01,2026-06-02,109,109,0
AC-8002-01,2026-06-03,109,105,4
AC-8002-01,2026-06-04,105,105,0
AC-8002-01,2026-06-05,105,85,20
AC-8002-01,2026-06-06,85,85,0
AC-8002-01,2026-06-07,85,85,0
AC-8002-01,2026-06-08,85,84,1
AC-8002-01,2026-06-09,84,73,11
AC-8002-01,2026-06-10,73,64,9
AC-8002-01,2026-06-11,64,64,0
AC-8002-01,2026-06-12,64,64,0
AC-8002-01,2026-06-13,64,64,0
AC-8002-01,2026-06-14,64,64,0
AC-8002-01,2026-06-15,64,53,11
AC-8002-01,2026-06-16,53,42,11
AC-8002-01,2026-06-17,42,15,27
AC-8002-01,2026-06-18,15,9,6
AC-8002-01,2026-06-19,9,9,0
AC-8002-01,2026-06-20,9,4,5
AC-8002-01,2026-06-21,244,244,0
AC-8002-01,2026-06-22,244,229,15
AC-8002-01,2026-06-23,229,229,0
AC-8002-01,2026-06-24,229,218,11
AC-8002-01,2026-06-25,218,218,0
AC-8002-01,2026-06-26,218,214,4
AC-8002-01,2026-06-27,214,198,16
AC-8002-01,2026-06-28,198,198,0
AC-8002-01,2026-06-29,198,195,3
AC-8002-01,2026-06-30,195,190,5
AC-8002-01,2026-07-01,190,163,27
AC-8002-01,2026-07-02,163,153,10
AC-8002-01,2026-07-03,153,141,12
AC-8002-01,2026-07-04,141,141,0
AC-8002-01,2026-07-05,141,141,0
AC-8002-01,2026-07-06,141,136,5
AC-8002-01,2026-07-07,136,132,4
AC-8002-01,2026-07-08,132,131,1
AC-8002-01,2026-07-09,131,131,0
AC-8002-01,2026-07-10,131,131,0
AC-8002-01,2026-07-11,131,126,5
AC-8002-01,2026-07-12,126,126,0
AC-8002-01,2026-07-13,126,125,1
AC-8002-01,2026-07-14,125,123,2
AC-8002-01,2026-07-15,123,113,10
AC-8002-01,2026-07-16,113,106,7
AC-8002-01,2026-07-17,106,106,0
AC-8002-01,2026-07-18,106,106,0
AC-8002-01,2026-07-19,106,106,0
AC-8002-01,2026-07-20,106,67,39
AC-8002-01,2026-07-21,67,52,15
AC-8002-01,2026-07-22,52,49,3
AC-8002-01,2026-07-23,49,48,1
AC-8002-01,2026-07-24,48,41,7
AC-8002-01,2026-07-25,41,41,0
AC-8002-01,2026-07-26,41,41,0
AC-8002-01,2026-07-27,41,40,1
AC-8002-01,2026-07-28,40,33,7
AC-8002-01,2026-07-29,33,28,5
AC-8002-01,2026-07-30,28,26,2
AC-8002-01,2026-07-31,26,22,4
AC-8002-01,2026-08-01,22,0,22
AC-8002-01,2026-08-02,0,0,0
AC-8002-01,2026-08-03,240,240,0
AC-8002-01,2026-08-04,240,239,1
AC-8002-01,2026-08-05,239,239,0
AC-8002-01,2026-08-06,239,193,46
AC-8002-01,2026-08-07,193,193,0
AC-8002-01,2026-08-08,193,193,0
AC-8002-01,2026-08-09,193,193,0
AC-8002-01,2026-08-10,193,182,11
AC-8002-01,2026-08-11,182,173,9
AC-8002-01,2026-08-12,173,128,45
AC-8002-01,2026-08-13,128,128,0
AC-8002-01,2026-08-14,128,127,1
AC-8002-01,2026-08-15,127,127,0
AC-8002-01,2026-08-16,127,127,0
AC-8002-01,2026-08-17,127,126,1
AC-8002-01,2026-08-18,126,125,1
AC-8002-01,2026-08-19,125,113,12
AC-8002-01,2026-08-20,113,36,77
AC-8002-01,2026-08-21,36,35,1
AC-8002-01,2026-08-22,35,34,1
AC-8002-01,2026-08-23,34,34,0
AC-8002-01,2026-08-24,34,34,0
AC-8002-01,2026-08-25,34,24,10
AC-8002-01,2026-08-26,24,17,7
AC-8002-01,2026-08-27,17,10,7
AC-8002-01,2026-08-28,10,5,5
AC-8002-02,2026-05-01,63,63,0
AC-8002-02,2026-05-02,63,63,0
AC-8002-02,2026-05-03,63,63,0
AC-8002-02,2026-05-04,63,61,2
AC-8002-02,2026-05-05,61,61,0
AC-8002-02,2026-05-06,61,61,0
AC-8002-02,2026-05-07,61,60,1
AC-8002-02,2026-05-08,60,60,0
AC-8002-02,2026-05-09,60,60,0
AC-8002-02,2026-05-10,60,60,0
AC-8002-02,2026-05-11,60,60,0
AC-8002-02,2026-05-12,60,59,1
AC-8002-02,2026-05-13,59,59,0
AC-8002-02,2026-05-14,59,59,0
AC-8002-02,2026-05-15,59,59,0
AC-8002-02,2026-05-16,59,59,0
AC-8002-02,2026-05-17,59,59,0
AC-8002-02,2026-05-18,59,58,1
AC-8002-02,2026-05-19,58,58,0
AC-8002-02,2026-05-20,58,58,0
AC-8002-02,2026-05-21,58,58,0
AC-8002-02,2026-05-22,58,51,7
AC-8002-02,2026-05-23,51,50,1
AC-8002-02,2026-05-24,50,50,0
AC-8002-02,2026-05-25,50,45,5
AC-8002-02,2026-05-26,45,45,0
AC-8002-02,2026-05-27,45,27,18
AC-8002-02,2026-05-28,27,27,0
AC-8002-02,2026-05-29,27,27,0
AC-8002-02,2026-05-30,27,27,0
AC-8002-02,2026-05-31,27,27,0
AC-8002-02,2026-06-01,27,26,1
AC-8002-02,2026-06-02,26,26,0
AC-8002-02,2026-06-03,26,25,1
AC-8002-02,2026-06-04,25,25,0
AC-8002-02,2026-06-05,25,23,2
AC-8002-02,2026-06-06,23,22,1
AC-8002-02,2026-06-07,22,22,0
AC-8002-02,2026-06-08,22,16,6
AC-8002-02,2026-06-09,16,13,3
AC-8002-02,2026-06-10,13,12,1
AC-8002-02,2026-06-11,12,12,0
AC-8002-02,2026-06-12,12,12,0
AC-8002-02,2026-06-13,12,12,0
AC-8002-02,2026-06-14,102,102,0
AC-8002-02,2026-06-15,102,102,0
AC-8002-02,2026-06-16,102,102,0
AC-8002-02,2026-06-17,102,102,0
AC-8002-02,2026-06-18,102,102,0
AC-8002-02,2026-06-19,102,88,14
AC-8002-02,2026-06-20,88,88,0
AC-8002-02,2026-06-21,88,88,0
AC-8002-02,2026-06-22,88,88,0
AC-8002-02,2026-06-23,88,88,0
AC-8002-02,2026-06-24,88,86,2
AC-8002-02,2026-06-25,86,85,1
AC-8002-02,2026-06-26,85,78,7
AC-8002-02,2026-06-27,78,78,0
AC-8002-02,2026-06-28,78,78,0
AC-8002-02,2026-06-29,78,77,1
AC-8002-02,2026-06-30,77,76,1
AC-8002-02,2026-07-01,76,75,1
AC-8002-02,2026-07-02,75,75,0
AC-8002-02,2026-07-03,75,74,1
AC-8002-02,2026-07-04,74,71,3
AC-8002-02,2026-07-05,71,71,0
AC-8002-02,2026-07-06,71,71,0
AC-8002-02,2026-07-07,71,70,1
AC-8002-02,2026-07-08,70,69,1
AC-8002-02,2026-07-09,69,69,0
AC-8002-02,2026-07-10,69,68,1
AC-8002-02,2026-07-11,68,68,0
AC-8002-02,2026-07-12,68,68,0
AC-8002-02,2026-07-13,68,68,0
AC-8002-02,2026-07-14,68,67,1
AC-8002-02,2026-07-15,67,67,0
AC-8002-02,2026-07-16,67,67,0
AC-8002-02,2026-07-17,67,67,0
AC-8002-02,2026-07-18,67,67,0
AC-8002-02,2026-07-19,67,67,0
AC-8002-02,2026-07-20,67,67,0
AC-8002-02,2026-07-21,67,64,3
AC-8002-02,2026-07-22,64,64,0
AC-8002-02,2026-07-23,64,64,0
AC-8002-02,2026-07-24,64,64,0
AC-8002-02,2026-07-25,64,64,0
AC-8002-02,2026-07-26,64,64,0
AC-8002-02,2026-07-27,64,61,3
AC-8002-02,2026-07-28,61,61,0
AC-8002-02,2026-07-29,61,52,9
AC-8002-02,2026-07-30,52,52,0
AC-8002-02,2026-07-31,52,52,0
AC-8002-02,2026-08-01,52,52,0
AC-8002-02,2026-08-02,52,52,0
AC-8002-02,2026-08-03,52,49,3
AC-8002-02,2026-08-04,49,48,1
AC-8002-02,2026-08-05,48,48,0
AC-8002-02,2026-08-06,48,48,0
AC-8002-02,2026-08-07,48,46,2
AC-8002-02,2026-08-08,46,46,0
AC-8002-02,2026-08-09,46,46,0
AC-8002-02,2026-08-10,46,46,0
AC-8002-02,2026-08-11,46,46,0
AC-8002-02,2026-08-12,46,46,0
AC-8002-02,2026-08-13,46,46,0
AC-8002-02,2026-08-14,46,45,1
AC-8002-02,2026-08-15,45,45,0
AC-8002-02,2026-08-16,45,45,0
AC-8002-02,2026-08-17,45,45,0
AC-8002-02,2026-08-18,45,45,0
AC-8002-02,2026-08-19,45,44,1
AC-8002-02,2026-08-20,44,44,0
AC-8002-02,2026-08-21,44,33,11
AC-8002-02,2026-08-22,33,32,1
AC-8002-02,2026-08-23,32,32,0
AC-8002-02,2026-08-24,32,30,2
AC-8002-02,2026-08-25,30,29,1
AC-8002-02,2026-08-26,29,28,1
AC-8002-02,2026-08-27,28,27,1
AC-8002-02,2026-08-28,27,26,1
AC-8010-01,2026-05-01,184,184,0
AC-8010-01,2026-05-02,184,174,10
AC-8010-01,2026-05-03,174,174,0
AC-8010-01,2026-05-04,174,171,3
AC-8010-01,2026-05-05,171,171,0
AC-8010-01,2026-05-06,171,161,10
AC-8010-01,2026-05-07,161,161,0
AC-8010-01,2026-05-08,161,156,5
AC-8010-01,2026-05-09,156,146,10
AC-8010-01,2026-05-10,146,146,0
AC-8010-01,2026-05-11,146,146,0
AC-8010-01,2026-05-12,146,146,0
AC-8010-01,2026-05-13,146,139,7
AC-8010-01,2026-05-14,139,139,0
AC-8010-01,2026-05-15,139,137,2
AC-8010-01,2026-05-16,137,130,7
AC-8010-01,2026-05-17,130,130,0
AC-8010-01,2026-05-18,130,126,4
AC-8010-01,2026-05-19,126,126,0
AC-8010-01,2026-05-20,126,75,51
AC-8010-01,2026-05-21,75,73,2
AC-8010-01,2026-05-22,73,73,0
AC-8010-01,2026-05-23,73,72,1
AC-8010-01,2026-05-24,72,72,0
AC-8010-01,2026-05-25,72,72,0
AC-8010-01,2026-05-26,72,70,2
AC-8010-01,2026-05-27,70,68,2
AC-8010-01,2026-05-28,68,68,0
AC-8010-01,2026-05-29,68,58,10
AC-8010-01,2026-05-30,58,58,0
AC-8010-01,2026-05-31,58,58,0
AC-8010-01,2026-06-01,58,12,46
AC-8010-01,2026-06-02,12,9,3
AC-8010-01,2026-06-03,9,9,0
AC-8010-01,2026-06-04,9,3,6
AC-8010-01,2026-06-05,3,0,3
AC-8010-01,2026-06-06,0,0,0
AC-8010-01,2026-06-07,0,0,0
AC-8010-01,2026-06-08,0,0,0
AC-8010-01,2026-06-09,0,0,0
AC-8010-01,2026-06-10,0,0,0
AC-8010-01,2026-06-11,332,332,0
AC-8010-01,2026-06-12,332,332,0
AC-8010-01,2026-06-13,332,332,0
AC-8010-01,2026-06-14,332,332,0
AC-8010-01,2026-06-15,332,323,9
AC-8010-01,2026-06-16,323,321,2
AC-8010-01,2026-06-17,321,320,1
AC-8010-01,2026-06-18,320,316,4
AC-8010-01,2026-06-19,316,307,9
AC-8010-01,2026-06-20,307,307,0
AC-8010-01,2026-06-21,307,307,0
AC-8010-01,2026-06-22,307,303,4
AC-8010-01,2026-06-23,303,302,1
AC-8010-01,2026-06-24,302,295,7
AC-8010-01,2026-06-25,295,291,4
AC-8010-01,2026-06-26,291,276,15
AC-8010-01,2026-06-27,276,263,13
AC-8010-01,2026-06-28,263,263,0
AC-8010-01,2026-06-29,263,249,14
AC-8010-01,2026-06-30,249,248,1
AC-8010-01,2026-07-01,248,246,2
AC-8010-01,2026-07-02,246,246,0
AC-8010-01,2026-07-03,246,239,7
AC-8010-01,2026-07-04,239,234,5
AC-8010-01,2026-07-05,234,234,0
AC-8010-01,2026-07-06,234,228,6
AC-8010-01,2026-07-07,228,224,4
AC-8010-01,2026-07-08,224,210,14
AC-8010-01,2026-07-09,210,210,0
AC-8010-01,2026-07-10,210,188,22
AC-8010-01,2026-07-11,188,187,1
AC-8010-01,2026-07-12,187,187,0
AC-8010-01,2026-07-13,187,183,4
AC-8010-01,2026-07-14,183,168,15
AC-8010-01,2026-07-15,168,160,8
AC-8010-01,2026-07-16,160,151,9
AC-8010-01,2026-07-17,151,145,6
AC-8010-01,2026-07-18,145,140,5
AC-8010-01,2026-07-19,140,140,0
AC-8010-01,2026-07-20,140,139,1
AC-8010-01,2026-07-21,139,139,0
AC-8010-01,2026-07-22,139,139,0
AC-8010-01,2026-07-23,139,134,5
AC-8010-01,2026-07-24,134,134,0
AC-8010-01,2026-07-25,134,129,5
AC-8010-01,2026-07-26,129,129,0
AC-8010-01,2026-07-27,129,116,13
AC-8010-01,2026-07-28,116,94,22
AC-8010-01,2026-07-29,94,48,46
AC-8010-01,2026-07-30,48,48,0
AC-8010-01,2026-07-31,48,40,8
AC-8010-01,2026-08-01,40,40,0
AC-8010-01,2026-08-02,40,40,0
AC-8010-01,2026-08-03,40,25,15
AC-8010-01,2026-08-04,25,25,0
AC-8010-01,2026-08-05,25,25,0
AC-8010-01,2026-08-06,25,20,5
AC-8010-01,2026-08-07,20,0,20
AC-8010-01,2026-08-08,0,0,0
AC-8010-01,2026-08-09,0,0,0
AC-8010-01,2026-08-10,0,0,0
AC-8010-01,2026-08-11,332,320,12
AC-8010-01,2026-08-12,320,288,32
AC-8010-01,2026-08-13,288,288,0
AC-8010-01,2026-08-14,288,235,53
AC-8010-01,2026-08-15,235,235,0
AC-8010-01,2026-08-16,235,235,0
AC-8010-01,2026-08-17,235,227,8
AC-8010-01,2026-08-18,227,175,52
AC-8010-01,2026-08-19,175,172,3
AC-8010-01,2026-08-20,172,133,39
AC-8010-01,2026-08-21,133,129,4
AC-8010-01,2026-08-22,129,122,7
AC-8010-01,2026-08-23,122,122,0
AC-8010-01,2026-08-24,122,110,12
AC-8010-01,2026-08-25,110,88,22
AC-8010-01,2026-08-26,88,25,63
AC-8010-01,2026-08-27,25,25,0
AC-8010-01,2026-08-28,25,0,25
AC-8010-02,2026-05-01,150,150,0
AC-8010-02,2026-05-02,150,150,0
AC-8010-02,2026-05-03,150,150,0
AC-8010-02,2026-05-04,150,150,0
AC-8010-02,2026-05-05,150,150,0
AC-8010-02,2026-05-06,150,150,0
AC-8010-02,2026-05-07,150,150,0
AC-8010-02,2026-05-08,150,149,1
AC-8010-02,2026-05-09,149,149,0
AC-8010-02,2026-05-10,149,149,0
AC-8010-02,2026-05-11,149,149,0
AC-8010-02,2026-05-12,149,144,5
AC-8010-02,2026-05-13,144,144,0
AC-8010-02,2026-05-14,144,140,4
AC-8010-02,2026-05-15,140,134,6
AC-8010-02,2026-05-16,134,133,1
AC-8010-02,2026-05-17,133,133,0
AC-8010-02,2026-05-18,133,133,0
AC-8010-02,2026-05-19,133,129,4
AC-8010-02,2026-05-20,129,127,2
AC-8010-02,2026-05-21,127,127,0
AC-8010-02,2026-05-22,127,127,0
AC-8010-02,2026-05-23,127,126,1
AC-8010-02,2026-05-24,126,126,0
AC-8010-02,2026-05-25,126,126,0
AC-8010-02,2026-05-26,126,124,2
AC-8010-02,2026-05-27,124,120,4
AC-8010-02,2026-05-28,120,119,1
AC-8010-02,2026-05-29,119,119,0
AC-8010-02,2026-05-30,119,119,0
AC-8010-02,2026-05-31,119,119,0
AC-8010-02,2026-06-01,119,118,1
AC-8010-02,2026-06-02,118,117,1
AC-8010-02,2026-06-03,117,117,0
AC-8010-02,2026-06-04,117,117,0
AC-8010-02,2026-06-05,117,117,0
AC-8010-02,2026-06-06,117,113,4
AC-8010-02,2026-06-07,113,113,0
AC-8010-02,2026-06-08,113,112,1
AC-8010-02,2026-06-09,112,112,0
AC-8010-02,2026-06-10,112,112,0
AC-8010-02,2026-06-11,112,109,3
AC-8010-02,2026-06-12,109,104,5
AC-8010-02,2026-06-13,104,104,0
AC-8010-02,2026-06-14,104,104,0
AC-8010-02,2026-06-15,104,104,0
AC-8010-02,2026-06-16,104,104,0
AC-8010-02,2026-06-17,104,100,4
AC-8010-02,2026-06-18,100,100,0
AC-8010-02,2026-06-19,100,99,1
AC-8010-02,2026-06-20,99,99,0
AC-8010-02,2026-06-21,99,99,0
AC-8010-02,2026-06-22,99,99,0
AC-8010-02,2026-06-23,99,99,0
AC-8010-02,2026-06-24,99,99,0
AC-8010-02,2026-06-25,99,91,8
AC-8010-02,2026-06-26,91,83,8
AC-8010-02,2026-06-27,83,82,1
AC-8010-02,2026-06-28,82,82,0
AC-8010-02,2026-06-29,82,75,7
AC-8010-02,2026-06-30,75,75,0
AC-8010-02,2026-07-01,75,71,4
AC-8010-02,2026-07-02,71,70,1
AC-8010-02,2026-07-03,70,70,0
AC-8010-02,2026-07-04,70,64,6
AC-8010-02,2026-07-05,64,64,0
AC-8010-02,2026-07-06,64,64,0
AC-8010-02,2026-07-07,64,63,1
AC-8010-02,2026-07-08,63,57,6
AC-8010-02,2026-07-09,57,57,0
AC-8010-02,2026-07-10,57,55,2
AC-8010-02,2026-07-11,55,52,3
AC-8010-02,2026-07-12,52,52,0
AC-8010-02,2026-07-13,52,50,2
AC-8010-02,2026-07-14,50,50,0
AC-8010-02,2026-07-15,50,50,0
AC-8010-02,2026-07-16,50,49,1
AC-8010-02,2026-07-17,184,184,0
AC-8010-02,2026-07-18,184,184,0
AC-8010-02,2026-07-19,184,184,0
AC-8010-02,2026-07-20,184,183,1
AC-8010-02,2026-07-21,183,183,0
AC-8010-02,2026-07-22,183,183,0
AC-8010-02,2026-07-23,183,183,0
AC-8010-02,2026-07-24,183,181,2
AC-8010-02,2026-07-25,181,173,8
AC-8010-02,2026-07-26,173,173,0
AC-8010-02,2026-07-27,173,170,3
AC-8010-02,2026-07-28,170,168,2
AC-8010-02,2026-07-29,168,161,7
AC-8010-02,2026-07-30,161,161,0
AC-8010-02,2026-07-31,161,160,1
AC-8010-02,2026-08-01,160,158,2
AC-8010-02,2026-08-02,158,158,0
AC-8010-02,2026-08-03,158,158,0
AC-8010-02,2026-08-04,158,158,0
AC-8010-02,2026-08-05,158,158,0
AC-8010-02,2026-08-06,158,146,12
AC-8010-02,2026-08-07,146,136,10
AC-8010-02,2026-08-08,136,136,0
AC-8010-02,2026-08-09,136,136,0
AC-8010-02,2026-08-10,136,135,1
AC-8010-02,2026-08-11,135,134,1
AC-8010-02,2026-08-12,134,134,0
AC-8010-02,2026-08-13,134,126,8
AC-8010-02,2026-08-14,126,126,0
AC-8010-02,2026-08-15,126,126,0
AC-8010-02,2026-08-16,126,126,0
AC-8010-02,2026-08-17,126,126,0
AC-8010-02,2026-08-18,126,123,3
AC-8010-02,2026-08-19,123,122,1
AC-8010-02,2026-08-20,122,121,1
AC-8010-02,2026-08-21,121,120,1
AC-8010-02,2026-08-22,120,120,0
AC-8010-02,2026-08-23,120,120,0
AC-8010-02,2026-08-24,120,120,0
AC-8010-02,2026-08-25,120,120,0
AC-8010-02,2026-08-26,120,120,0
AC-8010-02,2026-08-27,120,117,3
AC-8010-02,2026-08-28,117,117,0
AC-8020-01,2026-05-01,234,233,1
AC-8020-01,2026-05-02,233,231,2
AC-8020-01,2026-05-03,231,231,0
AC-8020-01,2026-05-04,231,221,10
AC-8020-01,2026-05-05,221,221,0
AC-8020-01,2026-05-06,221,219,2
AC-8020-01,2026-05-07,219,217,2
AC-8020-01,2026-05-08,217,205,12
AC-8020-01,2026-05-09,205,205,0
AC-8020-01,2026-05-10,205,205,0
AC-8020-01,2026-05-11,205,203,2
AC-8020-01,2026-05-12,203,203,0
AC-8020-01,2026-05-13,203,201,2
AC-8020-01,2026-05-14,201,196,5
AC-8020-01,2026-05-15,196,154,42
AC-8020-01,2026-05-16,154,154,0
AC-8020-01,2026-05-17,154,154,0
AC-8020-01,2026-05-18,154,152,2
AC-8020-01,2026-05-19,152,79,73
AC-8020-01,2026-05-20,79,75,4
AC-8020-01,2026-05-21,75,73,2
AC-8020-01,2026-05-22,73,73,0
AC-8020-01,2026-05-23,73,72,1
AC-8020-01,2026-05-24,72,72,0
AC-8020-01,2026-05-25,72,66,6
AC-8020-01,2026-05-26,66,60,6
AC-8020-01,2026-05-27,60,55,5
AC-8020-01,2026-05-28,55,53,2
AC-8020-01,2026-05-29,53,53,0
AC-8020-01,2026-05-30,53,53,0
AC-8020-01,2026-05-31,53,53,0
AC-8020-01,2026-06-01,53,50,3
AC-8020-01,2026-06-02,50,33,17
AC-8020-01,2026-06-03,33,33,0
AC-8020-01,2026-06-04,33,33,0
AC-8020-01,2026-06-05,33,9,24
AC-8020-01,2026-06-06,9,9,0
AC-8020-01,2026-06-07,9,9,0
AC-8020-01,2026-06-08,9,9,0
AC-8020-01,2026-06-09,9,4,5
AC-8020-01,2026-06-10,4,0,4
AC-8020-01,2026-06-11,0,0,0
AC-8020-01,2026-06-12,159,155,4
AC-8020-01,2026-06-13,155,153,2
AC-8020-01,2026-06-14,153,153,0
AC-8020-01,2026-06-15,153,76,77
AC-8020-01,2026-06-16,76,76,0
AC-8020-01,2026-06-17,76,64,12
AC-8020-01,2026-06-18,64,58,6
AC-8020-01,2026-06-19,58,57,1
AC-8020-01,2026-06-20,57,57,0
AC-8020-01,2026-06-21,57,57,0
AC-8020-01,2026-06-22,57,46,11
AC-8020-01,2026-06-23,46,36,10
AC-8020-01,2026-06-24,36,35,1
AC-8020-01,2026-06-25,35,35,0
AC-8020-01,2026-06-26,35,33,2
AC-8020-01,2026-06-27,33,33,0
AC-8020-01,2026-06-28,33,33,0
AC-8020-01,2026-06-29,33,20,13
AC-8020-01,2026-06-30,20,0,20
AC-8020-01,2026-07-01,0,0,0
AC-8020-01,2026-07-02,0,0,0
AC-8020-01,2026-07-03,0,0,0
AC-8020-01,2026-07-04,0,0,0
AC-8020-01,2026-07-05,0,0,0
AC-8020-01,2026-07-06,159,158,1
AC-8020-01,2026-07-07,158,150,8
AC-8020-01,2026-07-08,150,150,0
AC-8020-01,2026-07-09,150,150,0
AC-8020-01,2026-07-10,150,150,0
AC-8020-01,2026-07-11,150,150,0
AC-8020-01,2026-07-12,150,150,0
AC-8020-01,2026-07-13,150,149,1
AC-8020-01,2026-07-14,149,140,9
AC-8020-01,2026-07-15,140,133,7
AC-8020-01,2026-07-16,133,133,0
AC-8020-01,2026-07-17,133,133,0
AC-8020-01,2026-07-18,133,133,0
AC-8020-01,2026-07-19,133,133,0
AC-8020-01,2026-07-20,133,133,0
AC-8020-01,2026-07-21,133,126,7
AC-8020-01,2026-07-22,126,125,1
AC-8020-01,2026-07-23,125,125,0
AC-8020-01,2026-07-24,125,94,31
AC-8020-01,2026-07-25,94,90,4
AC-8020-01,2026-07-26,90,90,0
AC-8020-01,2026-07-27,90,86,4
AC-8020-01,2026-07-28,86,85,1
AC-8020-01,2026-07-29,85,85,0
AC-8020-01,2026-07-30,85,81,4
AC-8020-01,2026-07-31,81,75,6
AC-8020-01,2026-08-01,75,75,0
AC-8020-01,2026-08-02,75,75,0
AC-8020-01,2026-08-03,75,72,3
AC-8020-01,2026-08-04,72,68,4
AC-8020-01,2026-08-05,68,68,0
AC-8020-01,2026-08-06,68,57,11
AC-8020-01,2026-08-07,57,54,3
AC-8020-01,2026-08-08,54,54,0
AC-8020-01,2026-08-09,54,54,0
AC-8020-01,2026-08-10,54,45,9
AC-8020-01,2026-08-11,45,43,2
AC-8020-01,2026-08-12,43,39,4
AC-8020-01,2026-08-13,39,39,0
AC-8020-01,2026-08-14,39,39,0
AC-8020-01,2026-08-15,39,39,0
AC-8020-01,2026-08-16,39,39,0
AC-8020-01,2026-08-17,39,28,11
AC-8020-01,2026-08-18,28,28,0
AC-8020-01,2026-08-19,28,19,9
AC-8020-01,2026-08-20,19,14,5
AC-8020-01,2026-08-21,173,164,9
AC-8020-01,2026-08-22,164,162,2
AC-8020-01,2026-08-23,162,162,0
AC-8020-01,2026-08-24,162,152,10
AC-8020-01,2026-08-25,152,138,14
AC-8020-01,2026-08-26,138,125,13
AC-8020-01,2026-08-27,125,124,1
AC-8020-01,2026-08-28,124,118,6
AC-8020-02,2026-05-01,47,47,0
AC-8020-02,2026-05-02,47,47,0
AC-8020-02,2026-05-03,47,47,0
AC-8020-02,2026-05-04,47,47,0
AC-8020-02,2026-05-05,47,46,1
AC-8020-02,2026-05-06,46,45,1
AC-8020-02,2026-05-07,45,44,1
AC-8020-02,2026-05-08,44,44,0
AC-8020-02,2026-05-09,44,44,0
AC-8020-02,2026-05-10,44,44,0
AC-8020-02,2026-05-11,44,44,0
AC-8020-02,2026-05-12,44,40,4
AC-8020-02,2026-05-13,40,40,0
AC-8020-02,2026-05-14,40,39,1
AC-8020-02,2026-05-15,39,39,0
AC-8020-02,2026-05-16,39,39,0
AC-8020-02,2026-05-17,39,39,0
AC-8020-02,2026-05-18,39,38,1
AC-8020-02,2026-05-19,38,38,0
AC-8020-02,2026-05-20,38,36,2
AC-8020-02,2026-05-21,36,36,0
AC-8020-02,2026-05-22,36,36,0
AC-8020-02,2026-05-23,36,36,0
AC-8020-02,2026-05-24,36,36,0
AC-8020-02,2026-05-25,36,33,3
AC-8020-02,2026-05-26,33,33,0
AC-8020-02,2026-05-27,33,26,7
AC-8020-02,2026-05-28,26,25,1
AC-8020-02,2026-05-29,25,25,0
AC-8020-02,2026-05-30,25,24,1
AC-8020-02,2026-05-31,24,24,0
AC-8020-02,2026-06-01,24,23,1
AC-8020-02,2026-06-02,23,23,0
AC-8020-02,2026-06-03,23,23,0
AC-8020-02,2026-06-04,23,23,0
AC-8020-02,2026-06-05,23,23,0
AC-8020-02,2026-06-06,23,23,0
AC-8020-02,2026-06-07,23,23,0
AC-8020-02,2026-06-08,23,23,0
AC-8020-02,2026-06-09,23,23,0
AC-8020-02,2026-06-10,23,23,0
AC-8020-02,2026-06-11,23,23,0
AC-8020-02,2026-06-12,23,22,1
AC-8020-02,2026-06-13,22,22,0
AC-8020-02,2026-06-14,22,22,0
AC-8020-02,2026-06-15,22,22,0
AC-8020-02,2026-06-16,22,22,0
AC-8020-02,2026-06-17,22,20,2
AC-8020-02,2026-06-18,20,20,0
AC-8020-02,2026-06-19,87,84,3
AC-8020-02,2026-06-20,84,84,0
AC-8020-02,2026-06-21,84,84,0
AC-8020-02,2026-06-22,84,84,0
AC-8020-02,2026-06-23,84,80,4
AC-8020-02,2026-06-24,80,80,0
AC-8020-02,2026-06-25,80,75,5
AC-8020-02,2026-06-26,75,75,0
AC-8020-02,2026-06-27,75,75,0
AC-8020-02,2026-06-28,75,75,0
AC-8020-02,2026-06-29,75,75,0
AC-8020-02,2026-06-30,75,74,1
AC-8020-02,2026-07-01,74,74,0
AC-8020-02,2026-07-02,74,74,0
AC-8020-02,2026-07-03,74,74,0
AC-8020-02,2026-07-04,74,74,0
AC-8020-02,2026-07-05,74,74,0
AC-8020-02,2026-07-06,74,73,1
AC-8020-02,2026-07-07,73,73,0
AC-8020-02,2026-07-08,73,72,1
AC-8020-02,2026-07-09,72,72,0
AC-8020-02,2026-07-10,72,72,0
AC-8020-02,2026-07-11,72,61,11
AC-8020-02,2026-07-12,61,61,0
AC-8020-02,2026-07-13,61,61,0
AC-8020-02,2026-07-14,61,61,0
AC-8020-02,2026-07-15,61,61,0
AC-8020-02,2026-07-16,61,60,1
AC-8020-02,2026-07-17,60,60,0
AC-8020-02,2026-07-18,60,60,0
AC-8020-02,2026-07-19,60,60,0
AC-8020-02,2026-07-20,60,60,0
AC-8020-02,2026-07-21,60,59,1
AC-8020-02,2026-07-22,59,58,1
AC-8020-02,2026-07-23,58,57,1
AC-8020-02,2026-07-24,57,57,0
AC-8020-02,2026-07-25,57,57,0
AC-8020-02,2026-07-26,57,57,0
AC-8020-02,2026-07-27,57,57,0
AC-8020-02,2026-07-28,57,57,0
AC-8020-02,2026-07-29,57,55,2
AC-8020-02,2026-07-30,55,55,0
AC-8020-02,2026-07-31,55,54,1
AC-8020-02,2026-08-01,54,54,0
AC-8020-02,2026-08-02,54,54,0
AC-8020-02,2026-08-03,54,53,1
AC-8020-02,2026-08-04,53,53,0
AC-8020-02,2026-08-05,53,53,0
AC-8020-02,2026-08-06,53,53,0
AC-8020-02,2026-08-07,53,53,0
AC-8020-02,2026-08-08,53,43,10
AC-8020-02,2026-08-09,43,43,0
AC-8020-02,2026-08-10,43,43,0
AC-8020-02,2026-08-11,43,37,6
AC-8020-02,2026-08-12,37,16,21
AC-8020-02,2026-08-13,16,16,0
AC-8020-02,2026-08-14,16,16,0
AC-8020-02,2026-08-15,16,16,0
AC-8020-02,2026-08-16,16,16,0
AC-8020-02,2026-08-17,16,15,1
AC-8020-02,2026-08-18,15,14,1
AC-8020-02,2026-08-19,14,13,1
AC-8020-02,2026-08-20,13,13,0
AC-8020-02,2026-08-21,13,13,0
AC-8020-02,2026-08-22,13,13,0
AC-8020-02,2026-08-23,13,13,0
AC-8020-02,2026-08-24,13,11,2
AC-8020-02,2026-08-25,11,10,1
AC-8020-02,2026-08-26,10,9,1
AC-8020-02,2026-08-27,9,9,0
AC-8020-02,2026-08-28,9,8,1
AC-8030-01,2026-05-01,309,309,0
AC-8030-01,2026-05-02,309,308,1
AC-8030-01,2026-05-03,308,308,0
AC-8030-01,2026-05-04,308,305,3
AC-8030-01,2026-05-05,305,303,2
AC-8030-01,2026-05-06,303,303,0
AC-8030-01,2026-05-07,303,303,0
AC-8030-01,2026-05-08,303,283,20
AC-8030-01,2026-05-09,283,283,0
AC-8030-01,2026-05-10,283,283,0
AC-8030-01,2026-05-11,283,283,0
AC-8030-01,2026-05-12,283,278,5
AC-8030-01,2026-05-13,278,275,3
AC-8030-01,2026-05-14,275,224,51
AC-8030-01,2026-05-15,224,221,3
AC-8030-01,2026-05-16,221,218,3
AC-8030-01,2026-05-17,218,218,0
AC-8030-01,2026-05-18,218,189,29
AC-8030-01,2026-05-19,189,188,1
AC-8030-01,2026-05-20,188,138,50
AC-8030-01,2026-05-21,138,138,0
AC-8030-01,2026-05-22,138,138,0
AC-8030-01,2026-05-23,138,138,0
AC-8030-01,2026-05-24,138,138,0
AC-8030-01,2026-05-25,138,138,0
AC-8030-01,2026-05-26,138,125,13
AC-8030-01,2026-05-27,125,118,7
AC-8030-01,2026-05-28,118,118,0
AC-8030-01,2026-05-29,118,118,0
AC-8030-01,2026-05-30,118,117,1
AC-8030-01,2026-05-31,117,117,0
AC-8030-01,2026-06-01,117,106,11
AC-8030-01,2026-06-02,106,91,15
AC-8030-01,2026-06-03,91,88,3
AC-8030-01,2026-06-04,88,88,0
AC-8030-01,2026-06-05,88,88,0
AC-8030-01,2026-06-06,88,88,0
AC-8030-01,2026-06-07,88,88,0
AC-8030-01,2026-06-08,88,86,2
AC-8030-01,2026-06-09,86,83,3
AC-8030-01,2026-06-10,351,338,13
AC-8030-01,2026-06-11,338,328,10
AC-8030-01,2026-06-12,328,328,0
AC-8030-01,2026-06-13,328,325,3
AC-8030-01,2026-06-14,325,325,0
AC-8030-01,2026-06-15,325,320,5
AC-8030-01,2026-06-16,320,317,3
AC-8030-01,2026-06-17,317,312,5
AC-8030-01,2026-06-18,312,302,10
AC-8030-01,2026-06-19,302,301,1
AC-8030-01,2026-06-20,301,294,7
AC-8030-01,2026-06-21,294,294,0
AC-8030-01,2026-06-22,294,288,6
AC-8030-01,2026-06-23,288,255,33
AC-8030-01,2026-06-24,255,254,1
AC-8030-01,2026-06-25,254,244,10
AC-8030-01,2026-06-26,244,216,28
AC-8030-01,2026-06-27,216,216,0
AC-8030-01,2026-06-28,216,216,0
AC-8030-01,2026-06-29,216,216,0
AC-8030-01,2026-06-30,216,194,22
AC-8030-01,2026-07-01,194,194,0
AC-8030-01,2026-07-02,194,181,13
AC-8030-01,2026-07-03,181,165,16
AC-8030-01,2026-07-04,165,165,0
AC-8030-01,2026-07-05,165,165,0
AC-8030-01,2026-07-06,165,162,3
AC-8030-01,2026-07-07,162,106,56
AC-8030-01,2026-07-08,106,106,0
AC-8030-01,2026-07-09,106,106,0
AC-8030-01,2026-07-10,106,106,0
AC-8030-01,2026-07-11,106,106,0
AC-8030-01,2026-07-12,106,106,0
AC-8030-01,2026-07-13,106,106,0
AC-8030-01,2026-07-14,106,98,8
AC-8030-01,2026-07-15,98,97,1
AC-8030-01,2026-07-16,97,66,31
AC-8030-01,2026-07-17,66,66,0
AC-8030-01,2026-07-18,66,66,0
AC-8030-01,2026-07-19,66,66,0
AC-8030-01,2026-07-20,66,24,42
AC-8030-01,2026-07-21,24,0,24
AC-8030-01,2026-07-22,0,0,0
AC-8030-01,2026-07-23,268,268,0
AC-8030-01,2026-07-24,268,234,34
AC-8030-01,2026-07-25,234,232,2
AC-8030-01,2026-07-26,232,232,0
AC-8030-01,2026-07-27,232,229,3
AC-8030-01,2026-07-28,229,227,2
AC-8030-01,2026-07-29,227,210,17
AC-8030-01,2026-07-30,210,210,0
AC-8030-01,2026-07-31,210,208,2
AC-8030-01,2026-08-01,208,208,0
AC-8030-01,2026-08-02,208,208,0
AC-8030-01,2026-08-03,208,199,9
AC-8030-01,2026-08-04,199,193,6
AC-8030-01,2026-08-05,193,189,4
AC-8030-01,2026-08-06,189,184,5
AC-8030-01,2026-08-07,184,170,14
AC-8030-01,2026-08-08,170,169,1
AC-8030-01,2026-08-09,169,169,0
AC-8030-01,2026-08-10,169,168,1
AC-8030-01,2026-08-11,168,162,6
AC-8030-01,2026-08-12,162,154,8
AC-8030-01,2026-08-13,154,136,18
AC-8030-01,2026-08-14,136,129,7
AC-8030-01,2026-08-15,129,129,0
AC-8030-01,2026-08-16,129,129,0
AC-8030-01,2026-08-17,129,95,34
AC-8030-01,2026-08-18,95,5,90
AC-8030-01,2026-08-19,5,0,5
AC-8030-01,2026-08-20,0,0,0
AC-8030-01,2026-08-21,0,0,0
AC-8030-01,2026-08-22,0,0,0
AC-8030-01,2026-08-23,0,0,0
AC-8030-01,2026-08-24,0,0,0
AC-8030-01,2026-08-25,0,0,0
AC-8030-01,2026-08-26,0,0,0
AC-8030-01,2026-08-27,268,258,10
AC-8030-01,2026-08-28,258,232,26
AC-8030-02,2026-05-01,141,141,0
AC-8030-02,2026-05-02,141,140,1
AC-8030-02,2026-05-03,140,140,0
AC-8030-02,2026-05-04,140,128,12
AC-8030-02,2026-05-05,128,127,1
AC-8030-02,2026-05-06,127,127,0
AC-8030-02,2026-05-07,127,126,1
AC-8030-02,2026-05-08,126,125,1
AC-8030-02,2026-05-09,125,125,0
AC-8030-02,2026-05-10,125,125,0
AC-8030-02,2026-05-11,125,125,0
AC-8030-02,2026-05-12,125,123,2
AC-8030-02,2026-05-13,123,122,1
AC-8030-02,2026-05-14,122,121,1
AC-8030-02,2026-05-15,121,121,0
AC-8030-02,2026-05-16,121,121,0
AC-8030-02,2026-05-17,121,121,0
AC-8030-02,2026-05-18,121,121,0
AC-8030-02,2026-05-19,121,114,7
AC-8030-02,2026-05-20,114,114,0
AC-8030-02,2026-05-21,114,114,0
AC-8030-02,2026-05-22,114,114,0
AC-8030-02,2026-05-23,114,114,0
AC-8030-02,2026-05-24,114,114,0
AC-8030-02,2026-05-25,114,112,2
AC-8030-02,2026-05-26,112,111,1
AC-8030-02,2026-05-27,111,111,0
AC-8030-02,2026-05-28,111,111,0
AC-8030-02,2026-05-29,111,111,0
AC-8030-02,2026-05-30,111,108,3
AC-8030-02,2026-05-31,108,108,0
AC-8030-02,2026-06-01,108,99,9
AC-8030-02,2026-06-02,99,99,0
AC-8030-02,2026-06-03,99,99,0
AC-8030-02,2026-06-04,99,99,0
AC-8030-02,2026-06-05,99,99,0
AC-8030-02,2026-06-06,99,97,2
AC-8030-02,2026-06-07,97,97,0
AC-8030-02,2026-06-08,97,96,1
AC-8030-02,2026-06-09,96,96,0
AC-8030-02,2026-06-10,96,96,0
AC-8030-02,2026-06-11,96,95,1
AC-8030-02,2026-06-12,95,95,0
AC-8030-02,2026-06-13,95,94,1
AC-8030-02,2026-06-14,94,94,0
AC-8030-02,2026-06-15,94,92,2
AC-8030-02,2026-06-16,92,92,0
AC-8030-02,2026-06-17,92,90,2
AC-8030-02,2026-06-18,90,90,0
AC-8030-02,2026-06-19,90,88,2
AC-8030-02,2026-06-20,88,88,0
AC-8030-02,2026-06-21,88,88,0
AC-8030-02,2026-06-22,88,88,0
AC-8030-02,2026-06-23,88,88,0
AC-8030-02,2026-06-24,88,85,3
AC-8030-02,2026-06-25,85,85,0
AC-8030-02,2026-06-26,85,80,5
AC-8030-02,2026-06-27,80,80,0
AC-8030-02,2026-06-28,80,80,0
AC-8030-02,2026-06-29,80,80,0
AC-8030-02,2026-06-30,80,80,0
AC-8030-02,2026-07-01,80,80,0
AC-8030-02,2026-07-02,80,78,2
AC-8030-02,2026-07-03,78,77,1
AC-8030-02,2026-07-04,77,77,0
AC-8030-02,2026-07-05,77,77,0
AC-8030-02,2026-07-06,77,75,2
AC-8030-02,2026-07-07,75,75,0
AC-8030-02,2026-07-08,75,71,4
AC-8030-02,2026-07-09,71,71,0
AC-8030-02,2026-07-10,71,71,0
AC-8030-02,2026-07-11,71,71,0
AC-8030-02,2026-07-12,71,71,0
AC-8030-02,2026-07-13,71,70,1
AC-8030-02,2026-07-14,70,70,0
AC-8030-02,2026-07-15,70,70,0
AC-8030-02,2026-07-16,70,70,0
AC-8030-02,2026-07-17,70,66,4
AC-8030-02,2026-07-18,66,66,0
AC-8030-02,2026-07-19,66,66,0
AC-8030-02,2026-07-20,66,66,0
AC-8030-02,2026-07-21,66,66,0
AC-8030-02,2026-07-22,66,23,43
AC-8030-02,2026-07-23,23,23,0
AC-8030-02,2026-07-24,23,23,0
AC-8030-02,2026-07-25,23,20,3
AC-8030-02,2026-07-26,20,20,0
AC-8030-02,2026-07-27,20,12,8
AC-8030-02,2026-07-28,12,12,0
AC-8030-02,2026-07-29,12,3,9
AC-8030-02,2026-07-30,3,3,0
AC-8030-02,2026-07-31,3,3,0
AC-8030-02,2026-08-01,3,2,1
AC-8030-02,2026-08-02,2,2,0
AC-8030-02,2026-08-03,2,2,0
AC-8030-02,2026-08-04,2,0,2
AC-8030-02,2026-08-05,0,0,0
AC-8030-02,2026-08-06,0,0,0
AC-8030-02,2026-08-07,0,0,0
AC-8030-02,2026-08-08,90,90,0
AC-8030-02,2026-08-09,90,90,0
AC-8030-02,2026-08-10,90,88,2
AC-8030-02,2026-08-11,88,87,1
AC-8030-02,2026-08-12,87,87,0
AC-8030-02,2026-08-13,87,86,1
AC-8030-02,2026-08-14,86,82,4
AC-8030-02,2026-08-15,82,78,4
AC-8030-02,2026-08-16,78,78,0
AC-8030-02,2026-08-17,78,78,0
AC-8030-02,2026-08-18,78,68,10
AC-8030-02,2026-08-19,68,59,9
AC-8030-02,2026-08-20,59,59,0
AC-8030-02,2026-08-21,59,54,5
AC-8030-02,2026-08-22,54,54,0
AC-8030-02,2026-08-23,54,54,0
AC-8030-02,2026-08-24,54,52,2
AC-8030-02,2026-08-25,52,52,0
AC-8030-02,2026-08-26,52,52,0
AC-8030-02,2026-08-27,52,48,4
AC-8030-02,2026-08-28,48,46,2
AC-8040-01,2026-05-01,104,104,0
AC-8040-01,2026-05-02,104,104,0
AC-8040-01,2026-05-03,104,104,0
AC-8040-01,2026-05-04,104,101,3
AC-8040-01,2026-05-05,101,101,0
AC-8040-01,2026-05-06,101,101,0
AC-8040-01,2026-05-07,101,98,3
AC-8040-01,2026-05-08,98,96,2
AC-8040-01,2026-05-09,96,95,1
AC-8040-01,2026-05-10,95,95,0
AC-8040-01,2026-05-11,95,90,5
AC-8040-01,2026-05-12,90,69,21
AC-8040-01,2026-05-13,69,69,0
AC-8040-01,2026-05-14,69,63,6
AC-8040-01,2026-05-15,63,63,0
AC-8040-01,2026-05-16,63,45,18
AC-8040-01,2026-05-17,45,45,0
AC-8040-01,2026-05-18,45,45,0
AC-8040-01,2026-05-19,45,43,2
AC-8040-01,2026-05-20,43,40,3
AC-8040-01,2026-05-21,40,33,7
AC-8040-01,2026-05-22,33,30,3
AC-8040-01,2026-05-23,30,30,0
AC-8040-01,2026-05-24,30,30,0
AC-8040-01,2026-05-25,30,30,0
AC-8040-01,2026-05-26,30,26,4
AC-8040-01,2026-05-27,26,0,26
AC-8040-01,2026-05-28,0,0,0
AC-8040-01,2026-05-29,0,0,0
AC-8040-01,2026-05-30,218,210,8
AC-8040-01,2026-05-31,210,210,0
AC-8040-01,2026-06-01,210,210,0
AC-8040-01,2026-06-02,210,206,4
AC-8040-01,2026-06-03,206,204,2
AC-8040-01,2026-06-04,204,204,0
AC-8040-01,2026-06-05,204,202,2
AC-8040-01,2026-06-06,202,202,0
AC-8040-01,2026-06-07,202,202,0
AC-8040-01,2026-06-08,202,191,11
AC-8040-01,2026-06-09,191,169,22
AC-8040-01,2026-06-10,169,165,4
AC-8040-01,2026-06-11,165,140,25
AC-8040-01,2026-06-12,140,140,0
AC-8040-01,2026-06-13,140,135,5
AC-8040-01,2026-06-14,135,135,0
AC-8040-01,2026-06-15,135,131,4
AC-8040-01,2026-06-16,131,128,3
AC-8040-01,2026-06-17,128,121,7
AC-8040-01,2026-06-18,121,121,0
AC-8040-01,2026-06-19,121,120,1
AC-8040-01,2026-06-20,120,120,0
AC-8040-01,2026-06-21,120,120,0
AC-8040-01,2026-06-22,120,116,4
AC-8040-01,2026-06-23,116,110,6
AC-8040-01,2026-06-24,110,104,6
AC-8040-01,2026-06-25,104,104,0
AC-8040-01,2026-06-26,104,100,4
AC-8040-01,2026-06-27,100,98,2
AC-8040-01,2026-06-28,98,98,0
AC-8040-01,2026-06-29,98,97,1
AC-8040-01,2026-06-30,97,91,6
AC-8040-01,2026-07-01,91,55,36
AC-8040-01,2026-07-02,55,54,1
AC-8040-01,2026-07-03,54,41,13
AC-8040-01,2026-07-04,41,41,0
AC-8040-01,2026-07-05,41,41,0
AC-8040-01,2026-07-06,41,30,11
AC-8040-01,2026-07-07,30,26,4
AC-8040-01,2026-07-08,26,24,2
AC-8040-01,2026-07-09,24,24,0
AC-8040-01,2026-07-10,24,0,24
AC-8040-01,2026-07-11,0,0,0
AC-8040-01,2026-07-12,218,218,0
AC-8040-01,2026-07-13,218,211,7
AC-8040-01,2026-07-14,211,202,9
AC-8040-01,2026-07-15,202,124,78
AC-8040-01,2026-07-16,124,124,0
AC-8040-01,2026-07-17,124,122,2
AC-8040-01,2026-07-18,122,122,0
AC-8040-01,2026-07-19,122,122,0
AC-8040-01,2026-07-20,122,120,2
AC-8040-01,2026-07-21,120,118,2
AC-8040-01,2026-07-22,118,101,17
AC-8040-01,2026-07-23,101,101,0
AC-8040-01,2026-07-24,101,97,4
AC-8040-01,2026-07-25,97,97,0
AC-8040-01,2026-07-26,97,97,0
AC-8040-01,2026-07-27,97,90,7
AC-8040-01,2026-07-28,90,90,0
AC-8040-01,2026-07-29,90,90,0
AC-8040-01,2026-07-30,90,87,3
AC-8040-01,2026-07-31,87,79,8
AC-8040-01,2026-08-01,79,78,1
AC-8040-01,2026-08-02,78,78,0
AC-8040-01,2026-08-03,78,77,1
AC-8040-01,2026-08-04,77,76,1
AC-8040-01,2026-08-05,76,58,18
AC-8040-01,2026-08-06,58,53,5
AC-8040-01,2026-08-07,53,51,2
AC-8040-01,2026-08-08,51,51,0
AC-8040-01,2026-08-09,51,51,0
AC-8040-01,2026-08-10,51,37,14
AC-8040-01,2026-08-11,37,33,4
AC-8040-01,2026-08-12,33,27,6
AC-8040-01,2026-08-13,27,25,2
AC-8040-01,2026-08-14,25,25,0
AC-8040-01,2026-08-15,25,25,0
AC-8040-01,2026-08-16,25,25,0
AC-8040-01,2026-08-17,25,0,25
AC-8040-01,2026-08-18,0,0,0
AC-8040-01,2026-08-19,0,0,0
AC-8040-01,2026-08-20,218,191,27
AC-8040-01,2026-08-21,191,185,6
AC-8040-01,2026-08-22,185,183,2
AC-8040-01,2026-08-23,183,183,0
AC-8040-01,2026-08-24,183,180,3
AC-8040-01,2026-08-25,180,174,6
AC-8040-01,2026-08-26,174,164,10
AC-8040-01,2026-08-27,164,158,6
AC-8040-01,2026-08-28,158,154,4
AC-8040-02,2026-05-01,72,72,0
AC-8040-02,2026-05-02,72,72,0
AC-8040-02,2026-05-03,72,72,0
AC-8040-02,2026-05-04,72,71,1
AC-8040-02,2026-05-05,71,69,2
AC-8040-02,2026-05-06,69,68,1
AC-8040-02,2026-05-07,68,68,0
AC-8040-02,2026-05-08,68,68,0
AC-8040-02,2026-05-09,68,68,0
AC-8040-02,2026-05-10,68,68,0
AC-8040-02,2026-05-11,68,68,0
AC-8040-02,2026-05-12,68,68,0
AC-8040-02,2026-05-13,68,68,0
AC-8040-02,2026-05-14,68,67,1
AC-8040-02,2026-05-15,67,67,0
AC-8040-02,2026-05-16,67,67,0
AC-8040-02,2026-05-17,67,67,0
AC-8040-02,2026-05-18,67,67,0
AC-8040-02,2026-05-19,67,65,2
AC-8040-02,2026-05-20,65,64,1
AC-8040-02,2026-05-21,64,64,0
AC-8040-02,2026-05-22,64,63,1
AC-8040-02,2026-05-23,63,63,0
AC-8040-02,2026-05-24,63,63,0
AC-8040-02,2026-05-25,63,63,0
AC-8040-02,2026-05-26,63,61,2
AC-8040-02,2026-05-27,61,61,0
AC-8040-02,2026-05-28,61,61,0
AC-8040-02,2026-05-29,61,61,0
AC-8040-02,2026-05-30,61,60,1
AC-8040-02,2026-05-31,60,60,0
AC-8040-02,2026-06-01,60,60,0
AC-8040-02,2026-06-02,60,54,6
AC-8040-02,2026-06-03,54,54,0
AC-8040-02,2026-06-04,54,54,0
AC-8040-02,2026-06-05,54,53,1
AC-8040-02,2026-06-06,53,53,0
AC-8040-02,2026-06-07,53,53,0
AC-8040-02,2026-06-08,53,53,0
AC-8040-02,2026-06-09,53,52,1
AC-8040-02,2026-06-10,52,52,0
AC-8040-02,2026-06-11,52,52,0
AC-8040-02,2026-06-12,52,51,1
AC-8040-02,2026-06-13,51,51,0
AC-8040-02,2026-06-14,51,51,0
AC-8040-02,2026-06-15,51,51,0
AC-8040-02,2026-06-16,51,51,0
AC-8040-02,2026-06-17,163,163,0
AC-8040-02,2026-06-18,163,163,0
AC-8040-02,2026-06-19,163,163,0
AC-8040-02,2026-06-20,163,163,0
AC-8040-02,2026-06-21,163,163,0
AC-8040-02,2026-06-22,163,163,0
AC-8040-02,2026-06-23,163,162,1
AC-8040-02,2026-06-24,162,162,0
AC-8040-02,2026-06-25,162,162,0
AC-8040-02,2026-06-26,162,158,4
AC-8040-02,2026-06-27,158,158,0
AC-8040-02,2026-06-28,158,158,0
AC-8040-02,2026-06-29,158,88,70
AC-8040-02,2026-06-30,88,87,1
AC-8040-02,2026-07-01,87,86,1
AC-8040-02,2026-07-02,86,86,0
AC-8040-02,2026-07-03,86,86,0
AC-8040-02,2026-07-04,86,86,0
AC-8040-02,2026-07-05,86,86,0
AC-8040-02,2026-07-06,86,82,4
AC-8040-02,2026-07-07,82,82,0
AC-8040-02,2026-07-08,82,82,0
AC-8040-02,2026-07-09,82,82,0
AC-8040-02,2026-07-10,82,79,3
AC-8040-02,2026-07-11,79,77,2
AC-8040-02,2026-07-12,77,77,0
AC-8040-02,2026-07-13,77,76,1
AC-8040-02,2026-07-14,76,73,3
AC-8040-02,2026-07-15,73,73,0
AC-8040-02,2026-07-16,73,73,0
AC-8040-02,2026-07-17,73,73,0
AC-8040-02,2026-07-18,73,73,0
AC-8040-02,2026-07-19,73,73,0
AC-8040-02,2026-07-20,73,72,1
AC-8040-02,2026-07-21,72,72,0
AC-8040-02,2026-07-22,72,69,3
AC-8040-02,2026-07-23,69,69,0
AC-8040-02,2026-07-24,69,67,2
AC-8040-02,2026-07-25,67,65,2
AC-8040-02,2026-07-26,65,65,0
AC-8040-02,2026-07-27,65,64,1
AC-8040-02,2026-07-28,64,60,4
AC-8040-02,2026-07-29,60,57,3
AC-8040-02,2026-07-30,57,55,2
AC-8040-02,2026-07-31,55,49,6
AC-8040-02,2026-08-01,49,49,0
AC-8040-02,2026-08-02,49,49,0
AC-8040-02,2026-08-03,49,49,0
AC-8040-02,2026-08-04,49,49,0
AC-8040-02,2026-08-05,49,49,0
AC-8040-02,2026-08-06,49,49,0
AC-8040-02,2026-08-07,49,49,0
AC-8040-02,2026-08-08,49,49,0
AC-8040-02,2026-08-09,49,49,0
AC-8040-02,2026-08-10,49,49,0
AC-8040-02,2026-08-11,49,49,0
AC-8040-02,2026-08-12,49,13,36
AC-8040-02,2026-08-13,13,13,0
AC-8040-02,2026-08-14,13,11,2
AC-8040-02,2026-08-15,123,123,0
AC-8040-02,2026-08-16,123,123,0
AC-8040-02,2026-08-17,123,123,0
AC-8040-02,2026-08-18,123,123,0
AC-8040-02,2026-08-19,123,123,0
AC-8040-02,2026-08-20,123,122,1
AC-8040-02,2026-08-21,122,122,0
AC-8040-02,2026-08-22,122,119,3
AC-8040-02,2026-08-23,119,119,0
AC-8040-02,2026-08-24,119,119,0
AC-8040-02,2026-08-25,119,118,1
AC-8040-02,2026-08-26,118,118,0
AC-8040-02,2026-08-27,118,118,0
AC-8040-02,2026-08-28,118,105,13
